ChEMBL ID,DrugBank ID,Name,ATC code(s),ATC therapeutic group,ATC status,pKa (acidic),SMILES,pKa (basic),pKa (exp.)_1,pKa (exp.)_2,pKa_comment,logP (pred.),logP (exp.),DyeLeS score,Fluorescent,First approval (year),Oral
CHEMBL1201266,DB06794,Lodoxamide,S01GX05,Органы чувств,Success,"-6,7",OC(=O)C(=O)NC1=CC(=CC(NC(=O)C(O)=O)=C1Cl)C#N,"0,73",,,,"0,72",,"-1,155821642",FALSE,1993.0,0.0
CHEMBL1089641,DB09158,Trypan blue free acid,S01KX02,Органы чувств,Success,"-4,2",CC1=CC(=CC=C1\N=N\C1=C(C=C2C=C(C=C(N)C2=C1O)S(O)(=O)=O)S(O)(=O)=O)C1=CC(C)=C(C=C1)\N=N\C1=C(O)C2=C(N)C=C(C=C2C=C1S(O)(=O)=O)S(O)(=O)=O,"2,38",,,,"-0,04",,"0,03589401146",FALSE,2004.0,0.0
CHEMBL1200830,DB13257,Ferrous sulfate anhydrous,B03AA07,Кровь и органы кроветворения,Success,-3,[Fe++].[O-]S([O-])(=O)=O,"1,9",-3,,-3,"-0,84","-0,84","0,4939795882",FALSE,,
CHEMBL4073796,DB00686,Pentosan polysulfate,C05BA51; C05BA04; G04BX15,Сердечно-сосудистая система,No Drug Record,"-2,9",O[C@@H]1CO[C@@H](O[C@@H]2CO[C@@H](O)[C@H](OS(O)(=O)=O)[C@H]2OS(O)(=O)=O)[C@H](OS(O)(=O)=O)[C@H]1OS(O)(=O)=O,"-3,6",,,,"-2,5",-8,"-0,6280369646",FALSE,,
CHEMBL1091250,DB11577,Indigotindisulfonic acid,V04CH02,Прочие препараты,Success,"-2,8",OS(=O)(=O)C1=CC2=C(N\C(C2=O)=C2\NC3=C(C=C(C=C3)S(O)(=O)=O)C2=O)C=C1,"-7,7",,,,"-0,94",,"0,008510110514",FALSE,2022.0,0.0
CHEMBL451,DB00475,Chlordiazepoxide,N05BA02,Нервная система,Success,"-2,7",CNC1=NC2=C(C=C(Cl)C=C2)C(C2=CC=CC=C2)=[N+]([O-])C1,"7,06","4,8",,4.8,"2,01","2,44","-0,4278261194",FALSE,1960.0,1.0
,DB13967,Patent Blue,V04CX09,Прочие препараты,,"-2,6",CCN(CC)C1=CC=C(C=C1)C(=C1C=CC(C=C1)=[N+](CC)CC)C1=C(C=C(C(O)=C1)S(O)(=O)=O)S(O)(=O)=O,"5,33","7,63",,7.63,"-0,5","-1,82","0,3108431769",FALSE,,
,DB17084,Gadopiclenol,V08CA12,Прочие препараты,,"-2,5",[Gd+3].OCC(O)CNC(=O)CCC(N1CCN(CC2=CC=CC(CN(CC1)C(CCC(=O)NCC(O)CO)C([O-])=O)=N2)C(CCC(=O)NCC(O)CO)C([O-])=O)C([O-])=O,"7,51",,,,"-0,53",,"-0,3889236756",FALSE,,
CHEMBL1741134,DB09268,Picosulfuric acid,A06AB58; A06AB08,ЖКТ и обмен веществ,Success,"-2,5",OS(=O)(=O)OC1=CC=C(C=C1)C(C1=CC=C(OS(O)(=O)=O)C=C1)C1=CC=CC=N1,"4,08",,,,"-0,05",,"-0,08715735177",FALSE,2012.0,1.0
CHEMBL457547,DB01141,Micafungin,J02AX05,Противомикробные (системные),Success,"-2,2",CCCCCOC1=CC=C(C=C1)C1=CC(=NO1)C1=CC=C(C=C1)C(=O)N[C@H]1C[C@@H](O)[C@@H](O)NC(=O)[C@@H]2[C@@H](O)[C@@H](C)CN2C(=O)[C@@H](NC(=O)[C@@H](NC(=O)[C@@H]2C[C@@H](O)CN2C(=O)[C@@H](NC1=O)[C@@H](C)O)[C@H](O)[C@@H](O)C1=CC(OS(O)(=O)=O)=C(O)C=C1)[C@H](O)CC(N)=O,"-3,6",,,,"0,67","-1,5","-1,891790271",FALSE,,
CHEMBL4297412,DB15413,Pafolacianine,V04CX10,Прочие препараты,Success,"-2,2",CC1(C)\C(=C/C=C2\CCCC(\C=C\C3=[N+](CCCCS(O)(=O)=O)C4=C(C=C(C=C4)S([O-])(=O)=O)C3(C)C)=C2OC2=CC=C(C[C@H](NC(=O)C3=CC=C(NCC4=CN=C5N=C(N)NC(=O)C5=N4)C=C3)C(O)=O)C=C2)N(CCCCS(O)(=O)=O)C2=C1C=C(C=C2)S(O)(=O)=O,"2,12",,,,"0,93",,"0,9015423659",TRUE,,
CHEMBL3112741,DB12377,Relebactam,J01DH56,Противомикробные (системные),No ATC,-2,OS(=O)(=O)ON1[C@H]2C[N@]([C@@H](CC2)C(=O)NC2CCNCC2)C1=O,"10,03",,,,-2,,"-2,726017028",FALSE,2019.0,0.0
CHEMBL158,DB00355,Aztreonam,J01DF01,Противомикробные (системные),Success,"-1,5",C[C@H]1[C@H](NC(=O)C(=N/OC(C)(C)C(=O)O)\C2=CSC([NH3+])=N2)C(=O)N1S([O-])(=O)=O,"3,91",,,,"0,04",,"-2,608124801",FALSE,1986.0,0.0
CHEMBL461522,DB04817,Metamizole,N02BB72; N02BB52; N02BB02,Нервная система,Success,"-1,4",CN(CS(O)(=O)=O)C1=C(C)N(C)N(C1=O)C1=CC=CC=C1,"-0,54",,,,"-0,4",,"-0,8656242214",FALSE,,0.0
CHEMBL177367,DB11080,Silver nitrate,D08AL01,Дерматологические препараты,Success,"-1,4",[Ag+].[O-]N(=O)=O,-10,,,,"0,028",,"0,4088137245",FALSE,,
CHEMBL1601,DB01328,Cefonicid,J01DC06,Противомикробные (системные),Success,"-1,3",[H][C@]12SCC(CSC3=NN=NN3CS(O)(=O)=O)=C(N1C(=O)[C@H]2NC(=O)[C@H](O)C1=CC=CC=C1)C(O)=O,-2,,,,"-0,71",,"-2,464286725",FALSE,1984.0,0.0
CHEMBL3545184,DB12865,Etelcalcetide,H05BX04,Гормональные препараты (системные),Success,"-1,3",C[C@@H](NC(=O)[C@@H](CCCNC(N)=N)NC(=O)[C@@H](CCCNC(N)=N)NC(=O)[C@@H](CCCNC(N)=N)NC(=O)[C@@H](C)NC(=O)[C@@H](CSSC[C@H](N)C(O)=O)NC(C)=O)C(=O)N[C@H](CCCNC(N)=N)C(N)=O,"12,57",,,,"-3,4",,"-0,6780182075",FALSE,,
,DB15575,Padeliporfin,L01XD07,Противоопухолевые препараты и иммуномодуляторы,,"-1,2",[Pd++].[H][C@]1(C)\C2=C\C3=C(C(C)=O)C(C)=C([N-]3)\C=C3/N=C(/C(/CC(=O)OC)=C4\[N-]\C(=C/C(=N2)[C@]1([H])CC)C(C)=C4C(=O)NCCS(O)(=O)=O)[C@@]([H])(CCC(O)=O)[C@]3([H])C,"6,03",,,,"2,76","-0,19","0,05219950203",FALSE,,
,DB13157,Sodium lauryl sulfoacetate,A06AG11,ЖКТ и обмен веществ,,"-1,1",[Na+].CCCCCCCCCCCCOC(=O)CS([O-])(=O)=O,"-7,3",,,,"4,49",,"-0,2808274322",FALSE,,
CHEMBL1646,DB16024,Indocyanine green,V04CX01,Прочие препараты,No Drug Record,"-0,94",[Na+].CC1(C)C(=CC=CC=CC=CC2=[N+](CCCCS([O-])(=O)=O)C3=CC=C4C=CC=CC4=C3C2(C)C)N(CCCCS([O-])(=O)=O)C2=CC=C3C=CC=CC3=C12,"4,85",,,,"6,05",,"1,437914786",TRUE,,
CHEMBL1201304,DB09374,Indocyanine green acid form,V04CX01,Прочие препараты,Success,"-0,94",CC1(C)C(=CC=CC=CC=CC2=[N+](CCCCS([O-])(=O)=O)C3=CC=C4C=CC=CC4=C3C2(C)C)N(CCCCS(O)(=O)=O)C2=CC=C3C=CC=CC3=C12,"4,85",,,,"6,05",,"1,513831482",TRUE,1959.0,0.0
CHEMBL1201293,DB00659,Acamprosate,N07BB03,Нервная система,Success,"-0,88",CC(=O)NCCCS(O)(=O)=O,"-1,5","-1,1",,-1.1,"-1,8","-1,8","0,08395689963",FALSE,2004.0,1.0
CHEMBL272427,DB08834,Tauroursodeoxycholic acid,A05AA05,ЖКТ и обмен веществ,Success,"-0,8",[H][C@@]12CC[C@H]([C@H](C)CCC(=O)NCCS(O)(=O)=O)[C@@]1(C)CC[C@@]1([H])[C@@]2([H])[C@@H](O)C[C@]2([H])C[C@H](O)CC[C@]12C,"-0,32",,,,"1,38",,"-2,520475213",FALSE,2022.0,1.0
CHEMBL1477036,DB11089,Docusate,A06AG10; A06AA02,ЖКТ и обмен веществ,Success,"-0,75",CCCCC(CC)COC(=O)CC(C(=O)OCC(CC)CCCC)S(O)(=O)=O,"-6,9",,,,"2,48","3,95","-0,4580026517",FALSE,,
,DB15494,Edotreotide gallium Ga-68,V09IX09,Прочие препараты,,"-0,48",[68Ga+3].C[C@@H](O)[C@@H](CO)NC(=O)[C@@H]1CSSC[C@H](NC(=O)[C@@H](CC2=CC=CC=C2)NC(=O)CN2CCN(CC([O-])=O)CCN(CC([O-])=O)CCN(CC([O-])=O)CC2)C(=O)N[C@@H](CC2=CC=C(O)C=C2)C(=O)N[C@H](CC2=CNC3=C2C=CC=C3)C(=O)N[C@@H](CCCCN)C(=O)N[C@@H]([C@@H](C)O)C(=O)N1,"10,28",,,,"1,66",,"-1,220070653",FALSE,,
CHEMBL345714,DB09055,Acipimox,C10AD06,Сердечно-сосудистая система,Success,"-0,1",CC1=[N+]([O-])C=C(N=C1)C(O)=O,"3,71",,,,"-0,75",,"-0,807209007",FALSE,,
CHEMBL1200571,DB00743,Gadobenic acid,V08CA08,Прочие препараты,Success,"0,085",[Gd+3].OC(=O)CN(CCN(CCN(CC([O-])=O)CC([O-])=O)CC([O-])=O)C(COCC1=CC=CC=C1)C(O)=O,"9,58",,,,"0,92",,"0,07448908212",FALSE,,
CHEMBL559,DB00509,Dextrothyroxine,C10AX01,Сердечно-сосудистая система,Success,"0,27",N[C@H](CC1=CC(I)=C(OC2=CC(I)=C(O)C(I)=C2)C(I)=C1)C(O)=O,"9,43",,,,"1,15",4,"-0,3169638872",FALSE,1967.0,1.0
CHEMBL1624,DB00451,Levothyroxine,H03AA01,Гормональные препараты (системные),Success,"0,27",N[C@@H](CC1=CC(I)=C(OC2=CC(I)=C(O)C(I)=C2)C(I)=C1)C(O)=O,"9,43",,,,"1,15",4,"-0,3169638872",FALSE,1982.0,1.0
CHEMBL1544,DB00279,Liothyronine,H03AA02,Гормональные препараты (системные),Success,"0,3",N[C@@H](CC1=CC(I)=C(OC2=CC(I)=C(O)C=C2)C(I)=C1)C(O)=O,"9,48","8,4",,8.4,"0,82",3,"-0,6245339238",FALSE,1956.0,1.0
CHEMBL3544988,DB11682,Daprodustat,B03XA07,Кровь и органы кроветворения,Success,"0,35",OC(=O)CNC(=O)C1C(=O)N(C2CCCCC2)C(=O)N(C2CCCCC2)C1=O,"-9,1",,,,"1,48",,"-1,009680081",FALSE,,
CHEMBL3833326,DB09132,Gadoteric acid,V08CA02,Прочие препараты,Success,"0,47",[Gd+3].OC(=O)CN1CCN(CC([O-])=O)CCN(CC([O-])=O)CCN(CC([O-])=O)CC1,"10,08",,,,"0,23",,"-0,08832065407",FALSE,,
,DB13985,Lutetium Lu 177 dotatate,V10XX04,Прочие препараты,,"0,47",[177Lu+3].C[C@@H](O)[C@H](NC(=O)[C@@H]1CSSC[C@H](NC(=O)[C@@H](CC2=CC=CC=C2)NC(=O)CN2CCN(CC([O-])=O)CCN(CC([O-])=O)CCN(CC([O-])=O)CC2)C(=O)N[C@@H](CC2=CC=C(O)C=C2)C(=O)N[C@H](CC2=CNC3=C2C=CC=C3)C(=O)N[C@@H](CCCCN)C(=O)N[C@@H]([C@@H](C)O)C(=O)N1)C(O)=O,"10,28",,,,"-0,78",,"-1,185016078",FALSE,,
CHEMBL997,DB00710,Ibandronate,M05BA06,Костно-мышечная система,Success,"0,66",CCCCCN(C)CCC(O)(P(O)(O)=O)P(O)(O)=O,"9,93",,,,"0,26",,"-1,59992768",FALSE,1996.0,1.0
CHEMBL924,DB00399,Zoledronic acid,M05BA08,Костно-мышечная система,Success,"0,66",OC(CN1C=CN=C1)(P(O)(O)=O)P(O)(O)=O,"6,67",,,,"-0,93",,"-1,448089466",FALSE,2001.0,0.0
CHEMBL834,DB00282,Pamidronic acid,M05BA03,Костно-мышечная система,Success,"0,67",NCCC(O)(P(O)(O)=O)P(O)(O)=O,"9,86",,,,"-1,4",,"-1,727712941",FALSE,1991.0,0.0
CHEMBL923,DB00884,Risedronic acid,M05BA07,Костно-мышечная система,Success,"0,68",OC(CC1=CN=CC=C1)(P(O)(O)=O)P(O)(O)=O,"4,91",,,,"-0,75",,"-1,398893619",FALSE,1998.0,1.0
CHEMBL870,DB00630,Alendronic acid,M05BA04,Костно-мышечная система,Success,"0,69",NCCCC(O)(P(O)(O)=O)P(O)(O)=O,"9,91","2,72",,2.72 (at 25 °C),"-1,3",,"-1,627181209",FALSE,1995.0,1.0
CHEMBL871,DB01077,Etidronic acid,M05BA01,Костно-мышечная система,Success,"0,7",CC(O)(P(O)(O)=O)P(O)(O)=O,"-5,1",,,,"-0,77",,"-1,211074649",FALSE,1977.0,1.0
CHEMBL4303665,DB11748,Benfotiamine,A11DA03,ЖКТ и обмен веществ,Success,"0,71",C\C(N(CC1=CN=C(C)N=C1N)C=O)=C(/CCOP(O)(O)=O)SC(=O)C1=CC=CC=C1,"7,37",,,,"0,89",,"-1,605771374",FALSE,,
,DB09139,Technetium Tc-99m oxidronate,V09BA01,Прочие препараты,,"0,75",[99Tc].OC(P(O)(O)=O)P(O)(O)=O,-5,,,,"-1,1",,"-1,499144789",FALSE,,
CHEMBL334966,DB06441,Cangrelor,B01AC25,Кровь и органы кроветворения,Success,"0,8",CSCCNC1=C2N=CN([C@@H]3O[C@H](COP(O)(=O)OP(O)(=O)C(Cl)(Cl)P(O)(O)=O)[C@@H](O)[C@H]3O)C2=NC(SCCC(F)(F)F)=N1,"2,61",,,,"1,21",,"-0,4641781734",FALSE,2015.0,0.0
,DB16019,Gallium Ga-68 gozetotide,V09IX14,Прочие препараты,,"0,85",[68Ga+3].OC(=O)CC[C@H](NC(=O)N[C@@H](CCCCNC(=O)CCCCCNC(=O)CCC1=CC(CN(CCN(CC([O-])=O)CC2=C(O)C=CC(CCC([O-])=O)=C2)CC([O-])=O)=C(O)C=C1)C(O)=O)C(O)=O,"9,5",,,,"1,46",,"-0,1942473519",FALSE,,
CHEMBL3578202,DB21811,Gozetotide,V09IX14,Прочие препараты,Success,"0,85",OC(=O)CC[C@H](NC(=O)N[C@@H](CCCCNC(=O)CCCCCNC(=O)CCC1=CC=C(O)C(CN(CCN(CC(O)=O)CC2=CC(CCC(O)=O)=CC=C2O)CC(O)=O)=C1)C(O)=O)C(O)=O,"9,5",,,,"0,41",,"-0,2734106845",FALSE,,
CHEMBL1516,DB00275,Olmesartan,C09DA08; C09DX03; C09CA08; C09DB02,Сердечно-сосудистая система,No ATC,"0,89",CCCC1=NC(=C(N1CC1=CC=C(C=C1)C1=C(C=CC=C1)C1=NN=NN1)C(O)=O)C(C)(C)O,"5,33","4,3",,4.3,"2,98","0,73","-1,187207157",FALSE,,
CHEMBL1200457,DB00538,Gadoversetamide,V08CA06,Прочие препараты,Success,"0,91",[Gd+3].COCCNC(=O)CN(CCN(CCN(CC([O-])=O)CC(=O)NCCOC)CC([O-])=O)CC([O-])=O,"8,34",,,,"0,36",,"0,2193341138",FALSE,,
CHEMBL2218860,DB06703,Gadobutrol,V08CA09,Прочие препараты,Success,"0,99",OC[C@H](O)[C@H](CO)[N+]12CC[N+]3(CC([O-])=O)CC[N+]4(CC([O-])=O)CC[N+](CC([O-])=O)(CC1)[Gd-]234,-3,,,,"0,35",,"-1,407057287",FALSE,,
CHEMBL1664,DB01319,Fosamprenavir,J05AE07,Противомикробные (системные),Success,"1,22",CC(C)CN(C[C@@H](OP(O)(O)=O)[C@H](CC1=CC=CC=C1)NC(=O)O[C@H]1CCOC1)S(=O)(=O)C1=CC=C(N)C=C1,"2,45",,,,"0,84",,"-1,610060036",FALSE,2003.0,1.0
CHEMBL1096882,,FLUDARABINE PHOSPHATE,V03AE02,Прочие препараты,,"1,22",Nc1nc(F)nc2c1ncn2[C@@H]1O[C@H](COP(=O)(O)O)[C@@H](O)[C@@H]1O,"0,59",,,,"-1,72",,"-0,2232547431",FALSE,1991.0,1.0
CHEMBL1757,DB00828,Fosfomycin,J01XX01; S02AA17,Противомикробные (системные),Success,"1,25",C[C@@H]1O[C@@H]1P(O)(O)=O,"-4,3",,,,"-0,86","-1,6","-2,469138498",FALSE,1996.0,1.0
CHEMBL152,DB00369,Cidofovir,J05AB12,Противомикробные (системные),Success,"1,26",NC1=NC(=O)N(C[C@@H](CO)OCP(O)(O)=O)C=C1,"4,71",,,,"-2,1","-3,9","-1,3034493",FALSE,1996.0,0.0
CHEMBL4594379,DB16683,Foslevodopa,N04BA07,Нервная система,No ATC,"1,26",N[C@@H](CC1=CC=C(OP(O)(O)=O)C(O)=C1)C(O)=O,"9,41",,,,"-0,74",,"-1,006594813",FALSE,,
CHEMBL852,DB01042,Melphalan,L01AA03,Противоопухолевые препараты и иммуномодуляторы,Success,"1,29",N[C@@H](CC1=CC=C(C=C1)N(CCCl)CCCl)C(O)=O,"9,51",,,,"0,25",,"0,3579895996",FALSE,1964.0,1.0
CHEMBL203321,DB12151,Brincidofovir,J05AB17,Противомикробные (системные),Success,"1,32",CCCCCCCCCCCCCCCCOCCCOP(O)(=O)CO[C@H](CO)CN1C=CC(N)=NC1=O,"4,66",,,,"4,4",,"-0,7068714171",FALSE,2021.0,1.0
CHEMBL3400972,DB13848,Fluorodopa (18F),V09IX05,Прочие препараты,No Drug Record,"1,32",N[C@@H](CC1=CC(O)=C(O)C=C1[18F])C(O)=O,"9,4",,,,-2,,"1,597246921",TRUE,,
CHEMBL3547132,,FLUORODOPA,V09IX05,Прочие препараты,,"1,32",N[C@@H](Cc1cc(O)c(O)cc1F)C(=O)O,"9,4",,,,"0,19",,"1,597246921",TRUE,2019.0,0.0
,DB06796,Mangafodipir,V08CA05,Прочие препараты,,"1,38",[Mn++].CC1=C(O)C(CN(CCN(CC([O-])=O)CC2=CC(COP(O)(O)=O)=NC(C)=C2O)CC([O-])=O)=CC(COP(O)(O)=O)=N1,"-6,4",,,,"0,79",,"-0,5284815827",FALSE,,
CHEMBL2103827,DB06262,Droxidopa,C01CA27,Сердечно-сосудистая система,Success,"1,46",N[C@@H]([C@H](O)C1=CC(O)=C(O)C=C1)C(O)=O,"8,72",,,,"-2,4",,"-1,378016949",FALSE,2014.0,1.0
CHEMBL1201336,DB01320,Fosphenytoin,N03AB05,Нервная система,Success,"1,46",OP(O)(=O)OCN1C(=O)NC(C1=O)(C1=CC=CC=C1)C1=CC=CC=C1,"-9,7",,,,"1,08",,"-0,9678624436",FALSE,1996.0,0.0
CHEMBL2103830,DB12010,Fostamatinib,B02BX09,Кровь и органы кроветворения,Success,"1,46",COC1=CC(NC2=NC=C(F)C(NC3=NC4=C(OC(C)(C)C(=O)N4COP(O)(O)=O)C=C3)=N2)=CC(OC)=C1OC,"2,71",,,,"2,78",,"-0,04517534736",FALSE,2018.0,1.0
CHEMBL1200593,DB00597,Gadoteridol,V08CA04,Прочие препараты,Success,"1,46",[Gd+3].CC(O)CN1CCN(CC([O-])=O)CCN(CC([O-])=O)CCN(CC([O-])=O)CC1,"8,3",,,,"0,36",,"-0,4654158236",FALSE,,
CHEMBL3040581,DB09561,Sodium glycerophosphate,B05XA14,Кровь и органы кроветворения,No Drug Record,"1,51",[Na+].[Na+].OCC(O)COP([O-])([O-])=O,-3,,,,"-1,4",,"-1,576107114",FALSE,,
CHEMBL507870,DB06402,Telavancin,J01XA03,Противомикробные (системные),Success,"1,55",CCCCCCCCCCNCCN[C@@]1(C)C[C@H](O[C@@H]2[C@@H](O)[C@H](O)[C@@H](CO)O[C@H]2OC2=C3OC4=CC=C(C=C4Cl)[C@@H](O)[C@@H](NC(=O)[C@@H](CC(C)C)NC)C(=O)N[C@@H](CC(N)=O)C(=O)N[C@@H]4C(C=C2OC2=C(Cl)C=C(C=C2)[C@@H](O)[C@@H]2NC(=O)[C@H](NC4=O)C4=CC(=C(O)C=C4)C4=C(O)C(CNCP(O)(O)=O)=C(O)C=C4[C@H](NC2=O)C(O)=O)=C3)O[C@@H](C)[C@H]1O,"9,99",,,,"2,32",,"-1,171475181",FALSE,,
CHEMBL428880,DB01003,Cromoglicic acid,S01GX01; A07EB01; S01GX51; D11AH03; R01AC51; R01AC01; R03BC01,Органы чувств,Success,"1,61",OC(COC1=CC=CC2=C1C(=O)C=C(O2)C(O)=O)COC1=CC=CC2=C1C(=O)C=C(O2)C(O)=O,"-3,4","1,1",,1.1,"1,84","1,92","-0,6007058318",FALSE,1982.0,1.0
CHEMBL1009,DB01235,Levodopa,N04BA01,Нервная система,Success,"1,65",N[C@@H](CC1=CC(O)=C(O)C=C1)C(O)=O,"9,06",,,,"-2,3","0,05","-0,6816776129",FALSE,1970.0,1.0
CHEMBL82202,DB00114,Pyridoxal phosphate,A11HA06,ЖКТ и обмен веществ,Success,"1,68",CC1=NC=C(COP(O)(O)=O)C(C=O)=C1O,"4,11",,,,"-0,55","-1,2","-1,978889133",FALSE,,
CHEMBL459,DB00968,Methyldopa,C02AB01,Сердечно-сосудистая система,Success,"1,73",C[C@](N)(CC1=CC=C(O)C(O)=C1)C(O)=O,"9,85",,,,-2,,"-1,418496854",FALSE,1962.0,1.0
CHEMBL3301594,DB11796,Fostemsavir,J05AX29,Противомикробные (системные),Success,"1,75",COC1=CN=C(N2C=NC(C)=N2)C2=C1C(=CN2COP(O)(O)=O)C(=O)C(=O)N1CCN(CC1)C(=O)C1=CC=CC=C1,"0,97",,,,"0,64",,"-1,120919522",FALSE,2020.0,1.0
CHEMBL3833359,DB11191,Cobamamide,B03BA04,Кровь и органы кроветворения,Success,"1,81",[C@H]1(C[Co-3]2345[N+]6=C7C(C)=C8N2[C@]([H])([C@H](CC(=O)N)[C@]8(CCC(=O)NC[C@@H](C)OP([O-])(=O)O[C@@H]2[C@@H](CO)O[C@H](N8C=[N+]3C3=CC(C)=C(C)C=C83)[C@@H]2O)C)[C@@]2(C)[C@@](CC(=O)N)([C@H](CCC(=O)N)C(C(C)=C3[N+]4=C(C=C6C([C@@H]7CCC(=O)N)(C)C)[C@@H](CCC(=O)N)[C@@]3(CC(=O)N)C)=[N+]52)C)O[C@@H](N2C3=C(N=C2)C(=NC=N3)N)[C@H](O)[C@@H]1O,"3,94",,,,"-0,66",,"-1,824399035",FALSE,,
CHEMBL2110563,DB00115,Cyanocobalamin,V09XX02; B03BA51; V09XX01; B03BA01,Прочие препараты,Success,"1,82",C[C@H](CNC(=O)CC[C@]1(C)[C@@H](CC(N)=O)[C@H]2N=C1\C(C)=C1/N=C(/C=C3\N=C(\C(\C)=C4\[C@@H](CCC(N)=O)[C@](C)(CC(N)=O)[C@@]2(C)N4[Co+]C#N)[C@@](C)(CC(N)=O)[C@@H]3CCC(N)=O)C(C)(C)[C@@H]1CCC(N)=O)OP([O-])(=O)O[C@@H]1[C@@H](CO)O[C@@H]([C@@H]1O)N1C=NC2=C1C=C(C)C(C)=C2,"8,68","1,84","8,77","1.84, 8.77","2,66","1,9","-1,815456789",FALSE,,
CHEMBL1569487,DB06725,Lornoxicam,M01AC05,Костно-мышечная система,Success,"1,82",CN1C(C(=O)NC2=CC=CC=N2)=C(O)C2=C(C=C(Cl)S2)S1(=O)=O,"4,22",,,,"3,08","2,62","0,0540974037",FALSE,,
CHEMBL2103737,DB00200,Hydroxocobalamin,B03BA53; V03AB33; B03BA03,Кровь и органы кроветворения,Success,"1,82",[N+]1=2[Co-3]345([N+]6=C7[C@H]([C@@](CC(=O)N)(C)[C@@]6([C@@]6(N3C(=C(C)C3=[N+]4C(C(C)(C)[C@@H]3CCC(=O)N)=CC3=[N+]5C(=C7C)[C@@](CC(=O)N)([C@@H]3CCC(=O)N)C)[C@@](C)([C@H]6CC(=O)N)CCC(NC[C@@H](C)OP(=O)(O[C@@H]3[C@H](O[C@H](N(C4=CC(=C(C=C14)C)C)C=2)[C@@H]3O)CO)[O-])=O)[H])C)CCC(=O)N)O[H],"-0,55",,,,"-0,22",,"-2,026332836",FALSE,,
CHEMBL2448537,DB03614,Mecobalamin,B03BA05,Кровь и органы кроветворения,No Drug Record,"1,82",C1(CC[C@@]2([C@@H](CC(N)=O)[C@@]3([C@@]4([N+]5=C([C@H]([C@@]4(CC(N)=O)C)CCC(N)=O)C(C)=C4[N+]6=C(C=C7[N+]8=C([C@H](C7(C)C)CCC(N)=O)C(C)=C2N3[Co-3]568([N+]2=CN([C@H]3O[C@@H]([C@@H](OP(O[C@@H](CN1)C)([O-])=O)[C@H]3O)CO)C1=CC(C)=C(C=C21)C)C)[C@H]([C@@]4(CC(N)=O)C)CCC(N)=O)C)[H])C)=O,"-0,44",,,,"0,92",,"-2,026332836",FALSE,,
CHEMBL396416,DB04339,Carbocisteine,R05CB03,Дыхательная система,Success,"1,84",N[C@@H](CSCC(O)=O)C(O)=O,"9,14","1,84",,1.84,"-3,2","-4,24","-1,778325697",FALSE,,
CHEMBL1231700,DB12153,Citicoline,N06BX06,Нервная система,Success,"1,84",C[N+](C)(C)CCOP([O-])(=O)OP(O)(=O)OC[C@H]1O[C@H]([C@H](O)[C@@H]1O)N1C=CC(N)=NC1=O,"-2,6",,,,"-1,4",,"-1,004562925",FALSE,,
CHEMBL1200737,DB09114,Colfosceril palmitate,R07AA01,Дыхательная система,Success,"1,86",CCCCCCCCCCCCCCCC(=O)OC[C@H](COP([O-])(=O)OCC[N+](C)(C)C)OC(=O)CCCCCCCCCCCCCCC,"-6,7",,,,"5,29","1,97","-0,8388144115",FALSE,1990.0,0.0
CHEMBL575060,DB00142,Glutamic acid,A09AB01,ЖКТ и обмен веществ,No ATC,"1,88",N[C@@H](CCC(O)=O)C(O)=O,"9,54","2,23",,2.23 (at 0 °C),"-3,5","-3,69","-1,137255612",FALSE,,
CHEMBL3989915,DB11938,Difelikefalin,V03AX04,Прочие препараты,Success,"1,92",CC(C)C[C@@H](NC(=O)[C@@H](CC1=CC=CC=C1)NC(=O)[C@H](N)CC1=CC=CC=C1)C(=O)N[C@H](CCCCN)C(=O)N1CCC(N)(CC1)C(O)=O,"10,26",,,,"-0,86",,"-1,206776135",FALSE,,
CHEMBL1543,DB00143,Glutathione,V03AB32,Прочие препараты,Success,"1,94",N[C@@H](CCC(=O)N[C@@H](CS)C(=O)NCC(O)=O)C(O)=O,"9,22",,,,"-4,9","-6,4","-1,20200792",FALSE,,
CHEMBL1200431,DB00789,Gadopentetic acid,V08CA01,Прочие препараты,Success,"1,95",[Gd+3].OC(=O)CN(CCN(CCN(CC(O)=O)CC([O-])=O)CC([O-])=O)CC([O-])=O,"8,82",,,,"0,05",,"0,3812289935",FALSE,,
,DB09425,Indium In-111 pentetate,V09AX01,Прочие препараты,,"1,95",[111In+3].OC(=O)CN(CCN(CCN(CC([O-])=O)CC([O-])=O)CC([O-])=O)CC(O)=O,"8,82",,,,"0,11",,"0,3812289935",FALSE,,
CHEMBL1201768,DB08884,Gadoxetic acid,V08CA10,Прочие препараты,No Drug Record,"1,98",[Gd+3].[H][C@@](CN(CCN(CC([O-])=O)CC([O-])=O)CC([O-])=O)(CC1=CC=C(OCC)C=C1)N(CC(O)=O)CC(O)=O,"9,99","6,8",8,6.8-8,"1,24",,"-0,07774509779",FALSE,,
CHEMBL3306201,DB09333,Iopodic acid,V08AC08; V08AC10,Прочие препараты,No Drug Record,"1,99",CN(C)C=NC1=C(I)C=C(I)C(CCC(O)=O)=C1I,"4,16","4,8",,4.8,"3,59","3,73","-0,02432732571",FALSE,,
CHEMBL1201243,,IPODATE,V08AC10; V08AC08,Прочие препараты,,"1,99",CN(C)/C=N/c1c(I)cc(I)c(CCC(=O)O)c1I,"4,16",,,,"3,74",,"-0,02432732571",FALSE,1962.0,1.0
CHEMBL1201300,DB09133,Iothalamic acid,V08AA04; V09CX03,Прочие препараты,Success,"2,13",CNC(=O)C1=C(I)C(C(O)=O)=C(I)C(NC(C)=O)=C1I,"-1,7",,,,"2,27",,"-0,759634442",FALSE,1962.0,0.0
CHEMBL1201291,DB09313,Ioxaglic acid,V08AB03,Прочие препараты,Success,"2,13",CNC(=O)C1=C(I)C(C(=O)NCC(=O)NC2=C(I)C(C(O)=O)=C(I)C(C(=O)NCCO)=C2I)=C(I)C(N(C)C(C)=O)=C1I,"-1,7",,,,"0,58",,"-0,5825569348",FALSE,,
CHEMBL2107239,DB13444,Ioxitalamic acid,V08AA05,Прочие препараты,Success,"2,13",CC(=O)NC1=C(I)C(C(O)=O)=C(I)C(C(=O)NCCO)=C1I,"-1,8",,,,"1,36",,"-0,714666888",FALSE,,0.0
CHEMBL930,DB00130,L-Glutamine,A16AA03,ЖКТ и обмен веществ,Success,"2,15",N[C@@H](CCC(N)=O)C(O)=O,"9,31","2,17",,2.17,"-3,3","-3,64","-1,374315681",FALSE,2004.0,1.0
CHEMBL350221,DB02959,Oxitriptan,N06AX01,Нервная система,Success,"2,15",N[C@@H](CC1=CNC2=C1C=C(O)C=C2)C(O)=O,"9,18",,,,"-1,6",,"-0,8108958989",FALSE,,
CHEMBL1736,DB09346,Metrizoic acid,V08AA02,Прочие препараты,Success,"2,16",CN(C(C)=O)C1=C(I)C(C(O)=O)=C(I)C(NC(C)=O)=C1I,"-3,9",,,,"2,18",,"-0,6611161108",FALSE,1982.0,0.0
CHEMBL1201220,DB00271,Diatrizoate,V08AA01,Прочие препараты,Success,"2,17",CC(=O)NC1=C(I)C(C(O)=O)=C(I)C(NC(C)=O)=C1I,"-4,2",,,,"2,27","3,3","-0,4436880378",FALSE,1954.0,1.0
CHEMBL830,DB06243,Eflornithine,D11AX16; L01XX79; P01CX03,Дерматологические препараты,Success,"2,19",NCCCC(N)(C(F)F)C(O)=O,"10,2",,,,-2,,"0,4151245954",FALSE,1990.0,1.0
CHEMBL302795,DB00469,Tenoxicam,M01AC02,Костно-мышечная система,Success,"2,21",CN1C(C(=O)NC2=CC=CC=N2)=C(O)C2=C(C=CS2)S1(=O)=O,"4,26",,,,"2,42","1,9","0,4797894185",FALSE,,
CHEMBL1743,DB01066,Cefditoren,J01DD16,Противомикробные (системные),Success,"2,27",[H][C@]12SCC(\C=C/C3=C(C)N=CS3)=C(N1C(=O)[C@H]2NC(=O)C(=N/OC)\C1=CSC(N)=N1)C(O)=O,"3,69",,,,"1,7",,"-2,533444188",FALSE,,
CHEMBL1201239,DB08948,Iodamide,V08AA03,Прочие препараты,Success,"2,28",CC(=O)NCC1=C(I)C(NC(C)=O)=C(I)C(C(O)=O)=C1I,"-1,8",,,,"2,55",,"-1,072175219",FALSE,1982.0,0.0
CHEMBL2079699,DB05630,Sodium stibogluconate,P01CB02,Противопаразитарные препараты,No Drug Record,"2,29",O.O.O.O.O.O.O.O.O.[Na+].[Na+].[Na+].[H][C@@]1(O[Sb]2(O)(O[Sb]34([O-])O[C@@H](C([O-])=O)[C@@]([H])(O3)[C@]([H])(O4)[C@H](O)CO)O[C@@H](C([O-])=O)[C@@]1([H])O2)[C@H](O)CO,-3,,,,"-0,08",,"-1,365877008",FALSE,,
CHEMBL773,DB00145,Glycine,B05CX03; A02AB07,Кровь и органы кроветворения,Success,"2,31",NCC(O)=O,"9,24","2,37",,2.37 (at 20 °C),"-3,3","-3,21","-0,2141111188",FALSE,1982.0,0.0
CHEMBL3707208,DB14501,Ferrous glycine sulfate,B03AA01,Кровь и органы кроветворения,Success,"2,31",[Fe++].NCC([O-])=O.NCC([O-])=O.OS(O)(=O)=O,"9,24",,,,"-1,5",,"0,5005305723",TRUE,,
CHEMBL41632,DB03604,Tiratricol,H03AA04; D11AX08,Гормональные препараты (системные),Success,"2,31",OC(=O)CC1=CC(I)=C(OC2=CC=C(O)C(I)=C2)C(I)=C1,"-3,7",,,,"5,27",,"-0,472156166",FALSE,,
CHEMBL1201327,DB09347,Acetrizoic acid,V08AA07,Прочие препараты,Success,"2,33",CC(=O)NC1=C(I)C(C(O)=O)=C(I)C=C1I,"-4,5",,,,"3,03","1,04","-0,9145906187",FALSE,1982.0,0.0
CHEMBL1749,DB14600,Edetate disodium anhydrous,S01XA05,Органы чувств,Success,"2,35",[Na+].[Na+].OC(=O)CN(CCN(CC(O)=O)CC([O-])=O)CC([O-])=O,"7,73",,,,-1,,"0,4821071673",FALSE,,
CHEMBL1485,DB00125,Arginine,V03AF11; B05XB01,Прочие препараты,No ATC,"2,41",N[C@@H](CCCNC(N)=N)C(O)=O,"12,41","2,24",,2.24 (at 0 °C),"-3,5","-4,2","-1,012659966",FALSE,,
CHEMBL44354,DB00438,Ceftazidime,J01DD02,Противомикробные (системные),Success,"2,42",[O-]C(=O)C1=C(CS[C@]2([H])[C@H](NC(=O)C(=N/OC(C)(C)C(O)=O)\C3=CSC(N)=N3)C(=O)N12)C[N+]1=CC=CC=C1,"4,02",,,,"-1,2","-1,6","-2,454871554",FALSE,1985.0,0.0
CHEMBL1201046,DB00923,Ceforanide,J01DC11,Противомикробные (системные),Success,"2,46",[H][C@]12SCC(CSC3=NN=NN3CC(O)=O)=C(N1C(=O)[C@H]2NC(=O)CC1=CC=CC=C1CN)C(O)=O,"8,93",,,,"-1,4","-3,7","-2,117534325",FALSE,1984.0,0.0
CHEMBL2103929,DB00256,Lymecycline,J01AA04,Противомикробные (системные),Success,"2,51",[H][C@@]12C[C@@]3([H])C(C(=O)C4=C(O)C=CC=C4[C@@]3(C)O)=C(O)[C@]1(O)C(=O)C(C(=O)NCNCCCC[C@H](N)C(O)=O)=C(O)[C@H]2N(C)C,"9,77","2,5",,2.50±0.24,"-0,27","-1,7","-1,373557255",FALSE,,
CHEMBL1201261,DB09340,Tyropanoic acid,V08AC09,Прочие препараты,Success,"2,52",CCCC(=O)NC1=C(I)C=C(I)C(CC(CC)C(O)=O)=C1I,"-3,9",,,,"4,14",,"-1,160158076",FALSE,1969.0,1.0
CHEMBL42336,DB00134,Methionine,V03AB26,Прочие препараты,Success,"2,53",CSCC[C@H](N)C(O)=O,"9,5","2,28",,2.28 (at 25 °C),"-1,8","-1,87","-2,05902843",FALSE,,
CHEMBL766,DB01597,Cilastatin,J01DH51; J01DH56,Противомикробные (системные),No ATC,"2,53",CC1(C)C[C@@H]1C(=O)N\C(=C/CCCCSC[C@H](N)C(O)=O)C(O)=O,"9,14",,,,"-0,29",,"-1,753571027",FALSE,1985.0,0.0
CHEMBL54976,DB00150,Tryptophan,N06AX02,Нервная система,Success,"2,54",N[C@@H](CC1=CNC2=C1C=CC=C2)C(O)=O,"9,4","7,38",,7.38 (at 25 °C),"-1,1","-1,06","-0,8038521864",FALSE,,0.0
CHEMBL1541,DB00671,Cefixime,J01DD08,Противомикробные (системные),Success,"2,54",[H][C@]12SCC(C=C)=C(N1C(=O)[C@H]2NC(=O)C(=N/OCC(O)=O)\C1=CSC(N)=N1)C(O)=O,"4,07",,,,"0,25",,"-3,026846006",FALSE,1989.0,1.0
CHEMBL1208422,DB11182,Rose bengal,S01JA02,Органы чувств,Success,"2,55",OC(=O)C1=C(Cl)C(Cl)=C(Cl)C(Cl)=C1C1=C2C=C(I)C(=O)C(I)=C2OC2=C(I)C(O)=C(I)C=C12,"1,89",,,,"6,02",,"1,099635149",TRUE,1971.0,0.0
CHEMBL1430,DB00859,Penicillamine,M01CC01,Костно-мышечная система,Success,"2,56",[H][C@](N)(C(O)=O)C(C)(C)S,"9,09","1,8",,1.8,"-1,7","-1,78","-2,095526447",FALSE,1970.0,1.0
,DB16629,Serdexmethylphenidate,N06BA15,Нервная система,,"2,56",[H][C@@]1(CCCCN1C(=O)OC[N+]1=CC=CC(=C1)C(=O)N[C@@H](CO)C([O-])=O)[C@H](C(=O)OC)C1=CC=CC=C1,"-2,4",,,,"-2,7",,"-1,01776159",FALSE,,
CHEMBL1201224,DB00267,Cefmenoxime,S01AA31; J01DD05; S02AA18,Органы чувств,Success,"2,62",[H][C@]12SCC(CSC3=NN=NN3C)=C(N1C(=O)[C@H]2NC(=O)C(=N/OC)\C1=CSC(N)=N1)C(O)=O,"3,53",,,,"-0,13","-1,3","-3,232952024",FALSE,1987.0,0.0
CHEMBL3989974,DB14879,Cefiderocol,J01DI04,Противомикробные (системные),Success,"2,64",[H][C@]12SCC(C[N+]3(CCNC(=O)C4=C(Cl)C(O)=C(O)C=C4)CCCC3)=C(N1C(=O)[C@H]2NC(=O)C(=N/OC(C)(C)C(O)=O)\C1=CSC(N)=N1)C([O-])=O,"4,05",,,,"1,84","-2,27","-2,398411866",FALSE,2019.0,0.0
CHEMBL1200439,DB09448,Iodohippurate sodium I-123,V09CX01,Прочие препараты,No Drug Record,"2,65",[Na+].[O-]C(=O)CNC(=O)C1=CC=CC=C1[123I],"-1,7",,,,"1,51",,"-0,7273659504",FALSE,,
CHEMBL1200763,DB09382,Iodohippurate sodium I-131,V09CX02,Прочие препараты,No Drug Record,"2,65",[Na+].[O-]C(=O)CNC(=O)C1=C([131I])C=CC=C1,"-1,7",,,,"1,51",,"-0,936152115",FALSE,,
CHEMBL528,DB01332,Ceftizoxime,J01DD07,Противомикробные (системные),Success,"2,66",[H][C@]12SCC=C(N1C(=O)[C@H]2NC(=O)C(=N/OC)\C1=CSC(N)=N1)C(O)=O,"3,6",,,,"0,4",,"-3,352330751",FALSE,1983.0,0.0
CHEMBL446143,DB00129,Ornithine,A05BA06,ЖКТ и обмен веществ,Success,"2,67",NCCC[C@H](N)C(O)=O,"10,29","1,94",,1.94 (at 25 °C),"-3,6","-4,22","-1,432766745",FALSE,,
CHEMBL65794,DB13682,Cefpirome,J01DE02,Противомикробные (системные),Success,"2,67",[H][C@]12SCC(C[N+]3=C4CCCC4=CC=C3)=C(N1C(=O)[C@H]2NC(=O)C(=N/OC)\C1=CSC(N)=N1)C([O-])=O,"3,54",,,,-1,,"-2,375164537",FALSE,,
CHEMBL898,DB00861,Diflunisal,N02BA11,Нервная система,Success,"2,69",OC(=O)C1=C(O)C=CC(=C1)C1=C(F)C=C(F)C=C1,"-6,3",,,,"3,11","4,44","3,504596767",TRUE,1982.0,1.0
CHEMBL2105248,DB11107,Potassium bitartrate,A12BA03,ЖКТ и обмен веществ,Success,"2,72",[K+].O[C@H]([C@@H](O)C([O-])=O)C(O)=O,"-4,3",,,,"-1,4",,"-2,000884947",FALSE,,
CHEMBL2107781,DB13707,Sodium tartrate,A06AD21,ЖКТ и обмен веществ,Success,"2,72",[Na+].[Na+].O[C@H]([C@@H](O)C([O-])=O)C([O-])=O,"-4,3",,,,"-1,9",,"-1,163772479",FALSE,,
CHEMBL927,DB00535,Cefdinir,J01DD15,Противомикробные (системные),Success,"2,73",[H][C@]12SCC(C=C)=C(N1C(=O)[C@H]2NC(=O)C(=N/O)\C1=CSC(N)=N1)C(O)=O,"3,61","9,7",,9.7,"0,02","-3,47","-3,04101823",FALSE,1997.0,1.0
CHEMBL1730,DB00493,Cefotaxime,J01DD01,Противомикробные (системные),Success,"2,73",[H][C@]12SCC(COC(C)=O)=C(N1C(=O)[C@H]2NC(=O)C(=N/OC)\C1=CSC(N)=N1)C(O)=O,"3,58",,,,"0,14","-0,5","-3,018829861",FALSE,1981.0,0.0
,DB15636,Zilucoplan,L04AJ06,Противоопухолевые препараты и иммуномодуляторы,,"2,73",CCCCCCCCCCCCCCCC(=O)N[C@@H](CCC(=O)NCCOCCOCCOCCOCCOCCOCCOCCOCCOCCOCCOCCOCCOCCOCCOCCOCCOCCOCCOCCOCCOCCOCCOCCOCCC(=O)NCCCC[C@H](NC(=O)[C@@H](NC(=O)[C@@H]1CCCN1C(=O)[C@H](CC1=CC=C(O)C=C1)NC(=O)[C@H](CCC(O)=O)NC(=O)[C@H](CC1=CNC2=NC=CC=C12)NC(=O)[C@H](CC1=CC=C(O)C=C1)NC(=O)[C@@H](NC(=O)[C@H](CC(O)=O)N(C)C(=O)[C@@H]1CC(=O)NCCCC[C@H](NC(C)=O)C(=O)N[C@@H](C(C)C)C(=O)N[C@@H](CCC(O)=O)C(=O)N[C@@H](CCCNC(N)=N)C(=O)N[C@@H](CC2=CC=CC=C2)C(=O)N1)C(C)(C)C)C1CCCCC1)C(O)=O)C(O)=O,"11,9",,,,"2,08",,"-0,7289448057",FALSE,,
CHEMBL8085,DB00123,Lysine,B05XB03,Кровь и органы кроветворения,Success,"2,74",NCCCC[C@H](N)C(O)=O,"10,29","3,12",,3.12 (at 0 °C),"-3,8","-3,05","-0,9984238188",FALSE,,
CHEMBL1200770,DB09403,Iocetamic acid,V08AC07,Прочие препараты,Success,"2,74",CC(CN(C(C)=O)C1=C(I)C=C(I)C(N)=C1I)C(O)=O,"1,58",,,,"3,15",,"-0,9364535146",FALSE,1982.0,1.0
CHEMBL1672,DB01416,Cefpodoxime,J01DD13,Противомикробные (системные),Success,"2,75",[H][C@]12SCC(COC)=C(N1C(=O)[C@H]2NC(=O)C(=N/OC)\C1=CSC(N)=N1)C(O)=O,"3,61",,,,"0,05",,"-3,119791895",FALSE,,
CHEMBL2338329,DB04847,Roxadustat,B03XA05,Кровь и органы кроветворения,Success,"2,75",CC1=NC(C(=O)NCC(O)=O)=C(O)C2=C1C=C(OC1=CC=CC=C1)C=C2,"3,84",,,,"3,13",,"-0,3393761472",FALSE,2021.0,0.0
CHEMBL2103749,DB00006,Bivalirudin,B01AE06,Кровь и органы кроветворения,No Drug Record,"2,78",CC[C@H](C)[C@H](NC(=O)[C@H](CCC(O)=O)NC(=O)[C@H](CCC(O)=O)NC(=O)[C@H](CC1=CC=CC=C1)NC(=O)[C@H](CC(O)=O)NC(=O)CNC(=O)[C@H](CC(N)=O)NC(=O)CNC(=O)CNC(=O)CNC(=O)CNC(=O)[C@@H]1CCCN1C(=O)[C@H](CCCNC(N)=N)NC(=O)[C@@H]1CCCN1C(=O)[C@H](N)CC1=CC=CC=C1)C(=O)N1CCC[C@H]1C(=O)N[C@@H](CCC(O)=O)C(=O)N[C@@H](CCC(O)=O)C(=O)N[C@@H](CC1=CC=C(O)C=C1)C(=O)N[C@@H](CC(C)C)C(O)=O,"11,88",,,,"-0,76",,"-0,5650319485",FALSE,,
CHEMBL573,DB00627,Niacin,C10AD52; C10AD02; C04AC01,Сердечно-сосудистая система,Success,"2,79",OC(=O)C1=CN=CC=C1,"4,19","4,75",,4.75 (at 25 °C),"0,29","0,15","-0,08620177246",FALSE,1982.0,1.0
CHEMBL424,DB00936,Salicylic acid,S01BC08; D01AE12,Органы чувств,Success,"2,79",OC(=O)C1=CC=CC=C1O,"-6,3","2,97",,2.97,"1,96","2,26","0,1128985676",FALSE,,
CHEMBL2104095,DB14006,Choline salicylate,N02BA03,Нервная система,Success,"2,79",C[N+](C)(C)CCO.OC1=CC=CC=C1C([O-])=O,"-6,3",,,,"-0,5",,"-1,078877647",FALSE,,
CHEMBL2106755,DB01397,Magnesium salicylate,N02BA67,Нервная система,No ATC,"2,79",[Mg++].OC1=CC=CC=C1C([O-])=O.OC1=CC=CC=C1C([O-])=O,"-6,3",,,,"2,86",,"0,3469946233",FALSE,,
CHEMBL74632,DB04570,Latamoxef,J01DD06,Противомикробные (системные),Success,"2,81",[H][C@]12OCC(CSC3=NN=NN3C)=C(N1C(=O)[C@]2(NC(=O)C(C(O)=O)C1=CC=C(O)C=C1)OC)C(O)=O,"-1,7",,,,"0,22","-0,58","-2,324992511",FALSE,1982.0,0.0
CHEMBL2110555,DB09137,Technetium Tc-99m mebrofenin,V09DA04,Прочие препараты,Success,"2,81",[Tc].CC1=CC(C)=C(Br)C(C)=C1NC(=O)CN(CC(O)=O)CC(O)=O,"2,14",,,,"-0,39",,"0,09574954747",FALSE,,
CHEMBL186,DB01413,Cefepime,J01DE01,Противомикробные (системные),Success,"2,82",CO\N=C(/C(=O)N[C@@H]1C(=O)N2[C@]1([H])SCC(C[N+]1(C)CCCC1)=C2C([O-])=O)C1=CSC(N)=N1,"3,62",,,,"-0,37",,"-2,835233191",FALSE,1996.0,0.0
CHEMBL680,DB00833,Cefaclor,J01DC04,Противомикробные (системные),Success,"2,83",[H][C@]12SCC(Cl)=C(N1C(=O)[C@H]2NC(=O)[C@H](N)C1=CC=CC=C1)C(O)=O,"7,23",,,,"0,85","0,4","-2,540849923",FALSE,1979.0,1.0
CHEMBL1517,DB00595,Oxytetracycline,A01AB25; G01AA07; D06AA03; J01AA56; S01AA04; J01AA06,ЖКТ и обмен веществ,Success,"2,84",[H][C@@]12[C@@H](O)[C@@]3([H])C(C(=O)C4=C(C=CC=C4O)[C@@]3(C)O)=C(O)[C@]1(O)C(=O)C(C(N)=O)=C(O)[C@H]2N(C)C,"7,41","3,27",,3.27 (at 25 °C),"-0,99","-0,9","-1,50810663",FALSE,1964.0,1.0
CHEMBL1435,DB01327,Cefazolin,J01DB04,Противомикробные (системные),Success,"2,84",[H][C@]12SCC(CSC3=NN=C(C)S3)=C(N1C(=O)[C@H]2NC(=O)CN1C=NN=N1)C(O)=O,"0,26",,,,"-0,4","-0,58","-3,095492961",FALSE,1973.0,0.0
CHEMBL1605,DB01415,Ceftibuten,J01DD14,Противомикробные (системные),Success,"2,85",[H][C@]12SCC=C(N1C(=O)[C@H]2NC(=O)C(=C/CC(O)=O)\C1=CSC(N)=N1)C(O)=O,"4,68",,,,"0,31",,"-3,026722483",FALSE,1995.0,1.0
CHEMBL867,DB08946,Iopanoic acid,V08AC06,Прочие препараты,Success,"2,85",CCC(CC1=C(I)C(N)=C(I)C=C1I)C(O)=O,"1,76",,,,"3,93",,"-1,175776314",FALSE,1951.0,1.0
CHEMBL404,DB01606,Tazobactam,J01CG02,Противомикробные (системные),Success,"2,86",[H][C@@]12CC(=O)N1[C@@H](C(O)=O)[C@](C)(CN1C=CN=N1)S2(=O)=O,"0,75","2,1",,2.1,"-1,8",,"-2,783135613",FALSE,1993.0,0.0
CHEMBL3989945,DB16310,Rezafungin,J02AX08,Противомикробные (системные),Success,"2,86",[H][C@](C)(O)[C@]1([H])\N=C(O)/[C@]([H])(C[C@@]([H])(O)[C@@]([H])(OCC[N+](C)(C)C)\N=C(O)/[C@@]2([H])N(C[C@]([H])(C)[C@]2([H])O)C(=O)[C@@]([H])(\N=C(O)/[C@@]([H])(\N=C(O)/[C@]2([H])C[C@@]([H])(O)CN2C1=O)[C@]([H])(O)[C@@]([H])(O)C1=CC=C(O)C=C1)[C@@]([H])(C)O)\N=C(/O)C1=CC=C(C=C1)C1=CC=C(C=C1)C1=CC=C(OCCCCC)C=C1,"2,1",,,,-1,,"-1,418934867",FALSE,,
,DB08818,Hyaluronic acid,S01KA51; S01KA01; D03AX05; M09AX01; R01AX09,Органы чувств,,"2,87",CC(=O)N[C@H]1[C@H](O)O[C@H](CO)[C@@H](O)C1O[C@@H]1O[C@@H]([C@@H](O[C@@H]2O[C@H](CO)[C@@H](O)C(O[C@@H]3O[C@@H]([C@@H](O)[C@H](O)[C@H]3O)C(O)=O)[C@H]2NC(C)=O)[C@H](O)[C@H]1O)C(O)=O,"-3,9",3,4,3-4,"-1,8","-6,62","0,6365941973",TRUE,,
CHEMBL1689772,DB12455,Omadacycline,J01AA15,Противомикробные (системные),Success,"2,87",[H][C@@]12CC3=C(C=C(CNCC(C)(C)C)C(O)=C3C(=O)C1=C(O)[C@]1(O)C(=O)C(C(N)=O)=C(O)[C@@H](N(C)C)[C@]1([H])C2)N(C)C,"10,54",,,,"0,94",,"-1,680323915",FALSE,2018.0,1.0
CHEMBL249837,DB00931,Metacycline,J01AA05,Противомикробные (системные),Success,"2,88",[H][C@@]12[C@@H](O)[C@]3([H])C(=C)C4=C(C(O)=CC=C4)C(=O)C3=C(O)[C@]1(O)C(=O)C(C(N)=O)=C(O)[C@H]2N(C)C,"7,44",,,,"-0,46","-0,3","-1,730797417",FALSE,1982.0,1.0
CHEMBL1823872,DB09099,Somatostatin,H01CB01,Гормональные препараты (системные),Success,"2,88",C[C@@H](O)[C@@H]1NC(=O)[C@H](CC2=CC=CC=C2)NC(=O)[C@@H](NC(=O)[C@H](CCCCN)NC(=O)[C@H](CC2=CNC3=C2C=CC=C3)NC(=O)[C@H](CC2=CC=CC=C2)NC(=O)[C@H](CC2=CC=CC=C2)NC(=O)[C@H](CC(N)=O)NC(=O)[C@H](CCCCN)NC(=O)[C@H](CSSC[C@H](NC(=O)[C@H](CO)NC1=O)C(O)=O)NC(=O)CNC(=O)[C@H](C)N)[C@@H](C)O,"10,47",,,,"-1,8",,"-1,001606242",FALSE,,
CHEMBL1524273,DB13248,Phthalylsulfathiazole,A07AB02,ЖКТ и обмен веществ,Success,"2,91",OC(=O)C1=CC=CC=C1C(=O)NC1=CC=C(C=C1)S(=O)(=O)NC1=NC=CS1,"0,59",,,,"2,22",,"-0,5933599488",FALSE,,0.0
CHEMBL1013,DB00447,Loracarbef,J01DC08,Противомикробные (системные),Success,"2,93",N[C@@H](C(=O)N[C@H]1[C@H]2CCC(Cl)=C(N2C1=O)C(O)=O)C1=CC=CC=C1,"7,23",,,,"0,55","0,5","-2,188268686",FALSE,1991.0,1.0
CHEMBL425,DB01250,Olsalazine,A07EC03,ЖКТ и обмен веществ,Success,"2,93",OC(=O)C1=CC(=CC=C1O)\N=N\C1=CC=C(O)C(=C1)C(O)=O,"-0,019",,,,"2,77","2,3","0,2325822281",FALSE,1990.0,1.0
CHEMBL1591,DB00618,Demeclocycline,J01AA01; D06AA01,Противомикробные (системные),Success,"2,94",[H][C@]12C[C@@]3([H])[C@H](N(C)C)C(O)=C(C(N)=O)C(=O)[C@@]3(O)C(O)=C1C(=O)C1=C([C@H]2O)C(Cl)=CC=C1O,"9,04",,,,"-0,4","0,2","-1,390582715",FALSE,1960.0,1.0
CHEMBL34259,DB00563,Methotrexate,L04AX03; L01BA01,Противоопухолевые препараты и иммуномодуляторы,Success,"2,95",CN(CC1=CN=C2N=C(N)N=C(N)C2=N1)C1=CC=C(C=C1)C(=O)N[C@@H](CCC(O)=O)C(O)=O,"14,55","4,7",,4.7,"-0,05","-1,85","-0,4158213288",FALSE,1953.0,1.0
CHEMBL1436,DB01112,Cefuroxime,S01AA27; J01DC02,Органы чувств,Success,"2,96",[H][C@]12SCC(COC(N)=O)=C(N1C(=O)[C@H]2NC(=O)C(=N/OC)\C1=CC=CO1)C(O)=O,"-1,1",,,,"-0,24","-0,16","-3,193689369",FALSE,1983.0,0.0
CHEMBL575,DB01603,Meticillin,J01CF03,Противомикробные (системные),Success,"2,96",[H][C@]12SC(C)(C)[C@@H](N1C(=O)[C@H]2NC(=O)C1=C(OC)C=CC=C1OC)C(O)=O,"-2,1","2,77",,2.77,"1,79","1,22","-2,600035839",FALSE,1982.0,0.0
CHEMBL441687,DB13751,Glycyrrhizic acid,A05BA08,ЖКТ и обмен веществ,Success,"2,96",[H][C@@]12C[C@](C)(CC[C@]1(C)CC[C@]1(C)C2=CC(=O)[C@]2([H])[C@@]3(C)CC[C@H](O[C@H]4O[C@@H]([C@@H](O)[C@H](O)[C@H]4O[C@@H]4O[C@@H]([C@@H](O)[C@H](O)[C@H]4O)C(O)=O)C(O)=O)C(C)(C)[C@]3([H])CC[C@@]12C)C(O)=O,"-3,7",,,,"2,78","2,8","-1,45634962",FALSE,,
CHEMBL1951095,DB12329,Eravacycline,J01AA13,Противомикробные (системные),Success,"2,96",[H][C@@]12CC3=C(F)C=C(NC(=O)CN4CCCC4)C(O)=C3C(=O)C1=C(O)[C@]1(O)C(=O)C(C(N)=O)=C(O)[C@@H](N(C)C)[C@]1([H])C2,9,,,,"0,24",,"-0,9119174486",FALSE,2018.0,0.0
CHEMBL1688530,DB04911,Oritavancin,J01XA05,Противомикробные (системные),Success,"2,98",CN[C@H](CC(C)C)C(=O)N[C@@H]1[C@H](O)C2=CC=C(OC3=C(O[C@@H]4O[C@H](CO)[C@@H](O)[C@H](O)[C@H]4O[C@H]4C[C@](C)(NCC5=CC=C(C=C5)C5=CC=C(Cl)C=C5)[C@@H](O)[C@H](C)O4)C4=CC(=C3)[C@@H](NC(=O)[C@H](CC(N)=O)NC1=O)C(=O)N[C@@H]1C3=CC(=C(O)C=C3)C3=C(O)C=C(O)C=C3[C@H](NC(=O)[C@@H](NC1=O)[C@H](O[C@H]1C[C@](C)(N)[C@@H](O)[C@H](C)O1)C1=CC(Cl)=C(O4)C=C1)C(O)=O)C(Cl)=C2,"9,96","2,93",,2.93±0.7,"1,92","4,1","-1,010049331",FALSE,,
CHEMBL4744444,DB00080,Daptomycin,J01XX09,Противомикробные (системные),No Drug Record,"2,98",CCCCCCCCCC(=O)N[C@@H](CC1=CNC2=C1C=CC=C2)C(=O)N[C@H](CC(N)=O)C(=O)N[C@@H](CC(O)=O)C(=O)N[C@H]1[C@@H](C)OC(=O)[C@H](CC(=O)C2=CC=CC=C2N)NC(=O)[C@@H](NC(=O)[C@@H](CO)NC(=O)CNC(=O)[C@H](CC(O)=O)NC(=O)[C@@H](C)NC(=O)[C@H](CC(O)=O)NC(=O)[C@H](CCCN)NC(=O)CNC1=O)[C@H](C)CC(O)=O,"9,59",,,,"-0,47",,"-1,06461312",FALSE,,
CHEMBL262777,DB00512,Vancomycin,J01XA01; A07AA09; S01AA28,Противомикробные (системные),Success,"2,99",CN[C@H](CC(C)C)C(=O)N[C@@H]1[C@H](O)C2=CC=C(OC3=C(O[C@@H]4O[C@H](CO)[C@@H](O)[C@H](O)[C@H]4O[C@H]4C[C@](C)(N)[C@H](O)[C@H](C)O4)C4=CC(=C3)[C@@H](NC(=O)[C@H](CC(N)=O)NC1=O)C(=O)N[C@@H]1C3=CC(=C(O)C=C3)C3=C(O)C=C(O)C=C3[C@H](NC(=O)[C@@H](NC1=O)[C@H](O)C1=CC(Cl)=C(O4)C=C1)C(O)=O)C(Cl)=C2,"9,89",,,,"1,11","-3,1","-1,16676876",FALSE,,
CHEMBL404520,DB09093,Chlortetracycline,A01AB21; D06AA02; J01AA03; S01AA02,ЖКТ и обмен веществ,Success,"2,99",[H][C@@]12C[C@@]3([H])C(=C(O)[C@]1(O)C(=O)C(C(N)=O)=C(O)[C@H]2N(C)C)C(=O)C1=C(O)C=CC(Cl)=C1[C@@]3(C)O,"9,04",,,,"-0,13",,"-1,310294986",FALSE,1950.0,0.0
CHEMBL1146,DB01326,Cefamandole,J01DC03,Противомикробные (системные),Success,"3,13",[H][C@]12SCC(CSC3=NN=NN3C)=C(N1C(=O)[C@H]2NC(=O)[C@H](O)C1=CC=CC=C1)C(O)=O,"-1,7",,,,"-0,05","0,5","-2,855814522",FALSE,,
CHEMBL2105720,DB11560,Lesinurad,M04AB05,Костно-мышечная система,Success,"3,13",OC(=O)CSC1=NN=C(Br)N1C1=CC=C(C2CC2)C2=C1C=CC=C2,"-0,05",,,,"3,42",,"-0,9482405184",FALSE,2015.0,1.0
CHEMBL3668014,DB17083,Linzagolix,H01CC04,Гормональные препараты (системные),Success,"3,15",COC1=C(COC2=C(OC)C=C(F)C(=C2)N2C(=O)NC3=CSC(C(O)=O)=C3C2=O)C(F)=C(F)C=C1,"-3,5",,,,"3,2",,"1,394769513",TRUE,2022.0,0.0
CHEMBL1237,DB00722,Lisinopril,C09AA03,Сердечно-сосудистая система,Success,"3,17",NCCCC[C@H](N[C@@H](CCC1=CC=CC=C1)C(O)=O)C(=O)N1CCC[C@H]1C(O)=O,"10,21","2,5",,2.5 (at 25 °C),"-1,2","-1,01","-1,091919479",FALSE,1987.0,1.0
CHEMBL376140,DB00560,Tigecycline,J01AA12,Противомикробные (системные),Success,"3,17",[H][C@@]12CC3=C(C(O)=C(NC(=O)CNC(C)(C)C)C=C3N(C)C)C(=O)C1=C(O)[C@]1(O)C(=O)C(C(N)=O)=C(O)[C@@H](N(C)C)[C@]1([H])C2,"8,97",,,,"0,66","0,8","-1,620737449",FALSE,2005.0,0.0
CHEMBL916,DB00775,Tirofiban,B01AC17,Кровь и органы кроветворения,Success,"3,17",CCCCS(=O)(=O)N[C@@H](CC1=CC=C(OCCCCC2CCNCC2)C=C1)C(O)=O,"10,21",,,,"1,78","1,4","-1,188606239",FALSE,1998.0,0.0
CHEMBL1201195,DB00274,Cefmetazole,J01DC09,Противомикробные (системные),Success,"3,18",[H][C@]12SCC(CSC3=NN=NN3C)=C(N1C(=O)[C@]2(NC(=O)CSCC#N)OC)C(O)=O,"-1,7",,,,"-0,38","-0,6","-3,394756156",FALSE,1989.0,0.0
CHEMBL507674,DB01329,Cefoperazone,J01DD12,Противомикробные (системные),Success,"3,19",[H][C@]12SCC(CSC3=NN=NN3C)=C(N1C(=O)[C@@]2([H])NC(=O)[C@H](NC(=O)N1CCN(CC)C(=O)C1=O)C1=CC=C(O)C=C1)C(O)=O,"-1,7",,,,"-0,11","-0,74","-2,481460245",FALSE,1982.0,0.0
CHEMBL1200558,DB00626,Bacitracin,D06AX05; S01AA32; R02AB04; J01XX10,Дерматологические препараты,Success,"3,19",CC[C@H](C)[C@H](N)C1=N[C@@H](CS1)C(=O)N[C@@H](CC(C)C)C(=O)N[C@H](CCC(O)=O)C(=O)N[C@@H]([C@@H](C)CC)C(=O)N[C@H]1CCCCNC(=O)[C@H](CC(N)=O)NC(=O)[C@@H](CC(O)=O)NC(=O)[C@H](CC2=CNC=N2)NC(=O)[C@@H](CC2=CC=CC=C2)NC(=O)[C@@H](NC(=O)[C@@H](CCCN)NC1=O)[C@@H](C)CC,"9,63",,,,"-2,9",,"-1,598476802",FALSE,,
,DB14733,Ceftobiprole medocaril,J01DI01,Противомикробные (системные),,"3,19",[H][C@@]1(NC(=O)C(=N/O)\C2=NSC(N)=N2)C(=O)N2C(C(O)=O)=C(CS[C@]12[H])\C=C1/CCN(C1=O)[C@]1([H])CCN(C1)C(=O)OCC1=C(C)OC(=O)O1,"0,43",,,,"0,16",,"-2,60265932",FALSE,,
CHEMBL1908841,DB11596,Levoleucovorin,V03AF10; V03AF04,Прочие препараты,Success,"3,21",NC1=NC(=O)C2=C(NC[C@H](CNC3=CC=C(C=C3)C(=O)N[C@@H](CCC(O)=O)C(O)=O)N2C=O)N1,"4,66",,,,"-1,1",,"-2,009661437",FALSE,2008.0,0.0
CHEMBL1359,DB00303,Ertapenem,J01DH03,Противомикробные (системные),Success,"3,22",[H][C@]12[C@@H](C)C(S[C@]3([H])CN[C@@]([H])(C3)C(=O)NC3=CC=CC(=C3)C(O)=O)=C(N1C(=O)[C@]2([H])[C@@H](C)O)C(O)=O,"9,03",,,,"-0,2","0,3","-2,04883652",FALSE,2001.0,0.0
CHEMBL267744,DB04831,Tienilic acid,C03CC02,Сердечно-сосудистая система,Success,"3,22",OC(=O)COC1=C(Cl)C(Cl)=C(C=C1)C(=O)C1=CC=CS1,-5,,,,"4,09",,"-0,3634034083",FALSE,1979.0,0.0
CHEMBL1082,DB01060,Amoxicillin,J01CA04,Противомикробные (системные),Success,"3,23",[H][C@]12SC(C)(C)[C@@H](N1C(=O)[C@H]2NC(=O)[C@H](N)C1=CC=C(O)C=C1)C(O)=O,"7,22",,,,"0,75","0,87","-3,040539625",FALSE,1974.0,1.0
CHEMBL421,DB00795,Sulfasalazine,A07EC01,ЖКТ и обмен веществ,Success,"3,23",OC(=O)C1=CC(=CC=C1O)\N=N\C1=CC=C(C=C1)S(=O)(=O)NC1=NC=CC=C1,"0,55","0,6",,0.6,"2,92",,"0,0096226607",FALSE,1950.0,1.0
CHEMBL54481,DB11365,Sennosides,A06AB56; A06AB06,ЖКТ и обмен веществ,No Drug Record,"3,23",OCC1OC(OC2=C3C(=O)C4=C(C=C(C=C4O)C(O)=O)C(C4C5=CC=CC(OC6OC(CO)C(O)C(O)C6O)=C5C(=O)C5=C4C=C(C=C5O)C(O)=O)C3=CC=C2)C(O)C(O)C1O,-4,,,,"0,94",,"-0,03587968236",FALSE,,
CHEMBL1434,DB01017,Minocycline,A01AB23; D10AF07; J01AA08,ЖКТ и обмен веществ,Success,"3,24",[H][C@@]12CC3=C(C(O)=CC=C3N(C)C)C(=O)C1=C(O)[C@]1(O)C(=O)C(C(N)=O)=C(O)[C@@H](N(C)C)[C@]1([H])C2,"8,83",,,,"-0,03","0,05","-1,561853221",FALSE,1971.0,1.0
CHEMBL174,DB00415,Ampicillin,J01CA01; S01AA19; J01CA51,Противомикробные (системные),Success,"3,24",[H][C@]12SC(C)(C)[C@@H](N1C(=O)[C@H]2NC(=O)[C@H](N)C1=CC=CC=C1)C(O)=O,"7,23",,,,"0,88","1,35","-3,039360116",FALSE,1965.0,1.0
CHEMBL1644,DB01140,Cefadroxil,J01DB05,Противомикробные (системные),Success,"3,25",[H][C@]12SCC(C)=C(N1C(=O)[C@H]2NC(=O)[C@H](N)C1=CC=C(O)C=C1)C(O)=O,"7,22",,,,"0,51","-0,4","-2,673023487",FALSE,1978.0,1.0
CHEMBL1237046,DB01301,Rolitetracycline,J01AA09,Противомикробные (системные),Success,"3,25",[H][C@@]12C[C@@]3([H])C(C(=O)C4=C(O)C=CC=C4[C@@]3(C)O)=C(O)[C@]1(O)C(=O)C(C(=O)NCN1CCCC1)=C(O)[C@H]2N(C)C,"9,26",,,,"-0,08",,"-1,306088033",FALSE,,
CHEMBL1440,DB00759,Tetracycline,J01AA07; S03AA02; D06AA04; A01AB13; S01AA09; S02AA08,Противомикробные (системные),Success,"3,26",[H][C@@]12C[C@@]3([H])C(=C(O)[C@]1(O)C(=O)C(C(N)=O)=C(O)[C@H]2N(C)C)C(=O)C1=C(O)C=CC=C1[C@@]3(C)O,"9,25","3,3",,3.3 (at 25 °C),"-0,56","-1,3","-1,259832498",FALSE,1953.0,1.0
CHEMBL1727,DB00567,Cephalexin,J01DB01,Противомикробные (системные),Success,"3,26",[H][C@]12SCC(C)=C(N1C(=O)[C@H]2NC(=O)[C@H](N)C1=CC=CC=C1)C(O)=O,"7,23",,,,"0,55","0,65","-2,656530806",FALSE,1971.0,1.0
CHEMBL189171,DB13783,Acemetacin,M01AB11,Костно-мышечная система,Success,"3,26",COC1=CC2=C(C=C1)N(C(=O)C1=CC=C(Cl)C=C1)C(C)=C2CC(=O)OCC(O)=O,"-2,3","2,6",,2.6,"3,71","4,49","-0,5463555427",FALSE,,
CHEMBL197084,DB06045,Trofinetide,N07XX24,Нервная система,Success,"3,27",C[C@]1(CCCN1C(=O)CN)C(=O)N[C@@H](CCC(O)=O)C(O)=O,"7,83",,,,-3,"-2,22","-1,737391118",FALSE,,
CHEMBL1433,DB00254,Doxycycline,A01AB22; J01AA02,ЖКТ и обмен веществ,Success,"3,27",[H][C@@]12[C@@H](C)C3=CC=CC(O)=C3C(=O)C1=C(O)[C@]1(O)C(=O)C(C(N)=O)=C(O)[C@@H](N(C)C)[C@]1([H])[C@H]2O,"8,33","03,09",,03.09,"-0,72","0,63","-1,766677463",FALSE,1967.0,1.0
CHEMBL1604,DB01333,Cefradine,J01DB09,Противомикробные (системные),Success,"3,27",[H][C@]12SCC(C)=C(N1C(=O)[C@H]2NC(=O)[C@H](N)C1=CCC=CC1)C(O)=O,"7,6",,,,"0,7",,"-3,454474385",FALSE,1974.0,1.0
CHEMBL2048028,DB11611,Lifitegrast,S01XA25,Органы чувств,Success,"3,27",CS(=O)(=O)C1=CC(C[C@H](NC(=O)C2=C(Cl)C3=C(CN(CC3)C(=O)C3=CC=C4C=COC4=C3)C=C2Cl)C(O)=O)=CC=C1,"-1,3",,,,"3,96",,"-1,005309463",FALSE,2016.0,0.0
CHEMBL127,DB00760,Meropenem,J01DH02,Противомикробные (системные),Success,"3,28",[H][C@]1([C@@H](C)O)C(=O)N2C(C(O)=O)=C(S[C@@H]3CN[C@@H](C3)C(=O)N(C)C)[C@H](C)[C@]12[H],"9,39",,,,"-0,69","-0,6","-2,900534015",FALSE,1996.0,0.0
CHEMBL1201746,DB06813,Pralatrexate,L01BA05,Противоопухолевые препараты и иммуномодуляторы,Success,"3,28",NC1=NC2=NC=C(CC(CC#C)C3=CC=C(C=C3)C(=O)N[C@@H](CCC(O)=O)C(O)=O)N=C2C(N)=N1,"2,03","3,25","4,76","3.25, 4.76, and 6.17","0,1",,"-1,185065401",FALSE,2009.0,0.0
CHEMBL3186538,DB11367,Cefroxadine,J01DB11,Противомикробные (системные),Success,"3,28",[H][C@]12SCC(OC)=C(N1C(=O)[C@H]2NC(=O)[C@H](N)C1=CCC=CC1)C(O)=O,"7,6",,,,"0,65",,"-3,227468786",FALSE,,
CHEMBL1596,DB09319,Carindacillin,J01CA05,Противомикробные (системные),Success,"3,29",[H][C@]12SC(C)(C)[C@@H](N1C(=O)[C@H]2NC(=O)C(C(=O)OC1=CC2=C(CCC2)C=C1)C1=CC=CC=C1)C(O)=O,"-6,3",,,,"3,57",,"-2,07711281",FALSE,1972.0,1.0
CHEMBL1443,DB00607,Nafcillin,J01CF06,Противомикробные (системные),Success,"3,31",[H][C@]12SC(C)(C)[C@@H](N1C(=O)[C@H]2NC(=O)C1=C(OCC)C=CC2=CC=CC=C12)C(O)=O,"-1,9",,,,"3,21","3,3","-2,0122802",FALSE,1965.0,1.0
CHEMBL2364632,DB12035,Sarecycline,J01AA14,Противомикробные (системные),Success,"3,31",[H][C@@]12CC3=C(CN(C)OC)C=CC(O)=C3C(=O)C1=C(O)[C@]1(O)C(=O)C(C(N)=O)=C(O)[C@@H](N(C)C)[C@]1([H])C2,"8,69",,,,"-0,17",,"-1,855942388",FALSE,2018.0,1.0
CHEMBL1201204,DB00430,Cefpiramide,J01DD11,Противомикробные (системные),Success,"3,32",[H][C@]12SCC(CSC3=NN=NN3C)=C(N1C(=O)[C@@]2([H])NC(=O)[C@H](NC(=O)C1=C(O)C=C(C)N=C1)C1=CC=C(O)C=C1)C(O)=O,"2,61",,,,"0,53","-0,9","-2,301536692",FALSE,1989.0,0.0
CHEMBL1213252,DB00628,Clorazepic acid,N05BA05,Нервная система,Success,"3,32",OC(=O)C1N=C(C2=CC=CC=C2)C2=C(NC1=O)C=CC(Cl)=C2,"-0,64",,,,"2,68",3,"-0,90154894",FALSE,1972.0,1.0
CHEMBL2336071,DB12371,Siponimod,L04AE03,Противоопухолевые препараты и иммуномодуляторы,Success,"3,33",CCC1=CC(=CC=C1CN1CC(C1)C(O)=O)C(\C)=N\OCC1=CC=C(C2CCCCC2)C(=C1)C(F)(F)F,"8,5","2,69","9,15","2.69 (Acidic), 9.15 (Basic)","5,85","6,77","-0,3304992712",FALSE,2019.0,1.0
CHEMBL1201116,DB00739,Hetacillin,J01CA18,Противомикробные (системные),Success,"3,33",[H][C@]12SC(C)(C)[C@@H](N1C(=O)[C@H]2N1C(=O)[C@H](NC1(C)C)C1=CC=CC=C1)C(O)=O,"4,79",,,,"0,85","1,3","-2,639116042",FALSE,1982.0,1.0
CHEMBL491571,DB06211,Doripenem,J01DH04,Противомикробные (системные),Success,"3,34",[H][C@]12[C@@H](C)C(S[C@@H]3CN[C@H](CNS(N)(=O)=O)C3)=C(N1C(=O)[C@]2([H])[C@@H](C)O)C(O)=O,"9,51",,,,"-1,3",,"-2,882812477",FALSE,2007.0,0.0
CHEMBL1599,DB01139,Cefapirin,J01DB08,Противомикробные (системные),Success,"3,35",[H][C@]12SCC(COC(C)=O)=C(N1C(=O)[C@H]2NC(=O)CSC1=CC=NC=C1)C(O)=O,"4,99","2,15",,2.15,"0,18","-1,15","-2,452286105",FALSE,1974.0,0.0
CHEMBL1201780,DB06775,Carglumic acid,A16AA05,ЖКТ и обмен веществ,Success,"3,36",NC(=O)N[C@@H](CCC(O)=O)C(O)=O,"-2,3",,,,"-1,1","-1,1","-1,564769795",FALSE,2003.0,1.0
CHEMBL41286,DB11994,Diacerein,M01AX21,Костно-мышечная система,Success,"3,37",CC(=O)OC1=CC=CC2=C1C(=O)C1=C(OC(C)=O)C=C(C=C1C2=O)C(O)=O,"-6,8",,,,"2,14",,"0,175203515",FALSE,,
CHEMBL1622,DB00158,Folic acid,V04CX02; B03BB01; B03BB51,Прочие препараты,Success,"3,38",NC1=NC(=O)C2=NC(CNC3=CC=C(C=C3)C(=O)N[C@@H](CCC(O)=O)C(O)=O)=CN=C2N1,"2,12",,,,"-0,04","-2,5","-1,06520102",FALSE,1982.0,1.0
CHEMBL1237066,DB00326,Calcium glucoheptonate,A12AA10,ЖКТ и обмен веществ,Success,"3,38",[Ca++].OC[C@@H](O)[C@@H](O)[C@H](O)[C@@H](O)C(O)C([O-])=O.OC[C@@H](O)[C@@H](O)[C@H](O)[C@@H](O)C(O)C([O-])=O,-3,,,,"-1,9",,"-1,780252963",FALSE,,
CHEMBL1201321,DB01501,Difenoxin,A07DA04,ЖКТ и обмен веществ,Success,"3,38",OC(=O)C1(CCN(CCC(C#N)(C2=CC=CC=C2)C2=CC=CC=C2)CC1)C1=CC=CC=C1,"9,41",,,,"4,39",,"-1,487523052",FALSE,1978.0,1.0
CHEMBL3989640,DB13749,Magnesium gluconate,A12CC03,ЖКТ и обмен веществ,No Drug Record,"3,39",O.O.[Mg++].OC[C@@H](O)[C@@H](O)[C@H](O)[C@@H](O)C([O-])=O.OC[C@@H](O)[C@@H](O)[C@H](O)[C@@H](O)C([O-])=O,-3,,,,-2,"-3,18","-1,765029726",FALSE,,
CHEMBL996,DB01331,Cefoxitin,J01DC01,Противомикробные (системные),Success,"3,39",[H][C@]12SCC(COC(N)=O)=C(N1C(=O)[C@]2(NC(=O)CC1=CC=CS1)OC)C(O)=O,"-3,8",,,,"0,22","-0,02","-2,971834434",FALSE,1978.0,0.0
CHEMBL1332032,DB08814,Triflusal,B01AC18,Кровь и органы кроветворения,Success,"3,39",CC(=O)OC1=C(C=CC(=C1)C(F)(F)F)C(O)=O,"-7,1",,,,"2,4","2,23","1,607814085",TRUE,,
CHEMBL615,DB00417,Phenoxymethylpenicillin,J01CE10; J01CE02,Противомикробные (системные),Success,"3,39",[H][C@]12SC(C)(C)[C@@H](N1C(=O)[C@H]2NC(=O)COC1=CC=CC=C1)C(O)=O,"-4,9","2,79",,2.79,"1,78","2,09","-2,774547417",FALSE,1958.0,1.0
CHEMBL2106119,DB11126,Calcium gluconate,A12AA03; B05XA19; D11AX03,ЖКТ и обмен веществ,Success,"3,39",[Ca++].[H][C@@](O)(CO)[C@@]([H])(O)[C@]([H])(O)[C@@]([H])(O)C([O-])=O.[H][C@@](O)(CO)[C@@]([H])(O)[C@]([H])(O)[C@@]([H])(O)C([O-])=O,-3,,,,-2,,"-1,765029726",FALSE,,
,DB14488,Ferrous gluconate,B03AD05; B03AA03,Кровь и органы кроветворения,,"3,39",[Fe++].[H][C@@](O)(CO)[C@@]([H])(O)[C@]([H])(O)[C@@]([H])(O)C([O-])=O.[H][C@@](O)(CO)[C@@]([H])(O)[C@]([H])(O)[C@@]([H])(O)C([O-])=O,-3,,,,-2,,"-1,765029726",FALSE,,
CHEMBL225072,DB00642,Pemetrexed,L01BA04,Противоопухолевые препараты и иммуномодуляторы,Success,"3,39",NC1=NC(=O)C2=C(NC=C2CCC2=CC=C(C=C2)C(=O)N[C@@H](CCC(O)=O)C(O)=O)N1,"2,43",,,,"0,11",,"-1,143317018",FALSE,2004.0,0.0
CHEMBL2106978,DB13620,Potassium gluconate,A12BA05,ЖКТ и обмен веществ,Success,"3,39",[K+].[H][C@@](O)(CO)[C@@]([H])(O)[C@]([H])(O)[C@@]([H])(O)C([O-])=O,-3,,,,"-1,9",,"-1,765029726",FALSE,,
CHEMBL3833377,DB11248,Zinc gluconate,A12CB02,ЖКТ и обмен веществ,Success,"3,39",[Zn++].[H][C@@](O)(CO)[C@@]([H])(O)[C@]([H])(O)[C@@]([H])(O)C([O-])=O.[H][C@@](O)(CO)[C@@]([H])(O)[C@]([H])(O)[C@@]([H])(O)C([O-])=O,-3,,,,-2,,"-1,765029726",FALSE,,
CHEMBL25,DB00945,Acetylsalicylic acid,A01AD05; N02BA01; B01AC06; N02BA51; N02BA71,ЖКТ и обмен веществ,Success,"3,41",CC(=O)OC1=CC=CC=C1C(O)=O,"-7,1","3,5",,3.5,"1,24","1,18","-0,3273751269",FALSE,1950.0,1.0
CHEMBL617,DB00456,Cefalotin,J01DB03,Противомикробные (системные),Success,"3,43",[H][C@@]1(NC(=O)CC2=CC=CS2)C(=O)N2C(C(O)=O)=C(COC(C)=O)CS[C@]12[H],"-3,2",,,,"0,63",0,"-2,769671333",FALSE,1974.0,0.0
CHEMBL93645,DB06736,Aceclofenac,M01AB16; M02AA25,Костно-мышечная система,Success,"3,44",OC(=O)COC(=O)CC1=CC=CC=C1NC1=C(Cl)C=CC=C1Cl,"-2,1",,,,"4,88","2,17","-0,1987950205",FALSE,,
CHEMBL148,DB01598,Imipenem,J01DH51; J01DH56,Противомикробные (системные),No ATC,"3,44",[H][C@]12CC(SCC\N=C\N)=C(N1C(=O)[C@]2([H])[C@@H](C)O)C(O)=O,"10,88","3,2",,3.2,"-0,19",,"-2,591079595",FALSE,1985.0,0.0
CHEMBL1165,DB00691,Moexipril,C09AA13,Сердечно-сосудистая система,Success,"3,46",CCOC(=O)[C@H](CCC1=CC=CC=C1)N[C@@H](C)C(=O)N1CC2=CC(OC)=C(OC)C=C2C[C@H]1C(O)=O,"5,2",,,,"1,52","2,7","-1,504169652",FALSE,1995.0,1.0
CHEMBL441738,DB04931,Afamelanotide,D02BB02,Дерматологические препараты,Success,"3,46",CCCC[C@H](NC(=O)[C@H](CO)NC(=O)[C@H](CC1=CC=C(O)C=C1)NC(=O)[C@H](CO)NC(C)=O)C(=O)N[C@@H](CCC(O)=O)C(=O)N[C@@H](CC1=CN=CN1)C(=O)N[C@H](CC1=CC=CC=C1)C(=O)N[C@@H](CCCNC(N)=N)C(=O)N[C@@H](CC1=CNC2=CC=CC=C12)C(=O)NCC(=O)N[C@@H](CCCCN)C(=O)N1CCC[C@H]1C(=O)N[C@@H](C(C)C)C(N)=O,"11,58",,,,"-1,4",,"-0,7258036252",FALSE,,
CHEMBL1679,DB00650,Leucovorin,V03AF06; V03AF03,Прочие препараты,Success,"3,47",[H]C(=O)N1C(CNC2=CC=C(C=C2)C(=O)N[C@@H](CCC(O)=O)C(O)=O)CNC2=C1C(=O)NC(N)=N2,"2,81",,,,"-0,46","-3,2","-1,748265905",FALSE,1952.0,1.0
CHEMBL813,DB00876,Eprosartan,C09CA02,Сердечно-сосудистая система,Success,"3,47",CCCCC1=NC=C(\C=C(/CC2=CC=CS2)C(O)=O)N1CC1=CC=C(C=C1)C(O)=O,"6,67",,,,"3,57","3,9","-0,2218901863",FALSE,1997.0,1.0
CHEMBL1614637,DB13337,Pheneticillin,J01CE05,Противомикробные (системные),Success,"3,47",[H][C@]12SC(C)(C)[C@@H](N1C(=O)[C@H]2NC(=O)C(C)OC1=CC=CC=C1)C(O)=O,"-4,9",,,,"2,22",,"-2,598205816",FALSE,,
CHEMBL1731,DB00948,Mezlocillin,J01CA10,Противомикробные (системные),Success,"3,49",[H][C@]12SC(C)(C)[C@@H](N1C(=O)[C@H]2NC(=O)[C@H](NC(=O)N1CCN(C1=O)S(C)(=O)=O)C1=CC=CC=C1)C(O)=O,"-5,9",,,,"0,21",0,"-2,892963982",FALSE,1981.0,0.0
CHEMBL1537,DB01061,Azlocillin,J01CA09,Противомикробные (системные),Success,"3,49",[H][C@](NC(=O)N1CCNC1=O)(C(=O)N[C@@H]1C(=O)N2[C@@H](C(O)=O)C(C)(C)S[C@]12[H])C1=CC=CC=C1,"-5,9",,,,"0,2","0,2","-2,982243264",FALSE,1982.0,0.0
CHEMBL702,DB00319,Piperacillin,J01CA12,Противомикробные (системные),Success,"3,49",[H][C@]12SC(C)(C)[C@@H](N1C(=O)[C@H]2NC(=O)[C@H](NC(=O)N1CCN(CC)C(=O)C1=O)C1=CC=CC=C1)C(O)=O,"-4,3",,,,"0,67","0,3","-2,558180326",FALSE,1981.0,0.0
CHEMBL317094,,IMIDAPRIL,C09AA16,Сердечно-сосудистая система,,"3,49",CCOC(=O)[C@H](CCc1ccccc1)N[C@@H](C)C(=O)N1C(=O)N(C)C[C@H]1C(=O)O,"5,22",,,,"0,88",,"-1,289893649",FALSE,1993.0,1.0
CHEMBL1697771,DB11656,Rebamipide,A02BX14,ЖКТ и обмен веществ,Success,"3,52",OC(=O)C(CC1=CC(=O)NC2=C1C=CC=C2)NC(=O)C1=CC=C(Cl)C=C1,"-1,1",,,,"2,32",,"-0,6102495561",FALSE,,
CHEMBL29,DB01053,Benzylpenicillin,J01CE01; S01AA14; J01CE08,Противомикробные (системные),Success,"3,53",[H][C@]12SC(C)(C)[C@@H](N1C(=O)[C@H]2NC(=O)CC1=CC=CC=C1)C(O)=O,"-2,8","2,74",,2.74 (at 25 °C),"1,92","1,83","-2,888750536",FALSE,1947.0,1.0
CHEMBL838,DB00542,Benazepril,C09AA07,Сердечно-сосудистая система,Success,"3,53",[H][C@@]1(CCC2=CC=CC=C2N(CC(O)=O)C1=O)N[C@@H](CCC1=CC=CC=C1)C(=O)OCC,"5,36",,,,"1,14",,"-0,8407783986",FALSE,1991.0,1.0
CHEMBL1628385,DB09320,Procaine benzylpenicillin,J01CE09,Противомикробные (системные),Success,"3,53",CCN(CC)CCOC(=O)C1=CC=C(N)C=C1.[H][C@]12SC(C)(C)[C@@H](N1C(=O)[C@H]2NC(=O)CC1=CC=CC=C1)C(O)=O,"-2,8",,,,"1,92",,"-2,888750536",FALSE,,
CHEMBL2107553,DB12954,Terizidone,J04AK03,Противомикробные (системные),Success,"3,54",O=C1NOCC1\N=C\C1=CC=C(\C=N\C2CONC2=O)C=C1,"2,75",,,,"0,17",,"-1,255321483",FALSE,,
CHEMBL1330792,DB13268,Acetarsol,A07AX02; P01CD02; G01AB01,ЖКТ и обмен веществ,Success,"3,55",CC(=O)NC1=CC(=CC=C1O)[As](O)(O)=O,"-4,5",,,,"-0,15",,"-2,11956046",FALSE,,
CHEMBL866,DB01024,Mycophenolic acid,L04AA06,Противоопухолевые препараты и иммуномодуляторы,Success,"3,57",COC1=C(C\C=C(/C)CCC(O)=O)C(O)=C2C(=O)OCC2=C1C,"-4,1",,,,"2,36","2,8","-1,176641804",FALSE,2004.0,1.0
CHEMBL5314934,DB18373,Vanzacaftor,R07AX33,Дыхательная система,No ATC,"3,57",CC1(C)C[C@H]2CN1C1=NC(=CC=C1C(=O)NS(=O)(=O)C1=CC=CC(NCCC2)=N1)N1C=CC(OCCC2C3(CC3)C22CC2)=N1,"4,32",,,,"4,68",,"-1,01517129",FALSE,,
CHEMBL267345,DB00681,Amphotericin B,A07AA07; G01AA03; A01AB04; J02AA01,ЖКТ и обмен веществ,Success,"3,58",[H][C@]12C[C@@H](O[C@@H]3O[C@H](C)[C@@H](O)[C@H](N)[C@@H]3O)\C=C\C=C\C=C\C=C\C=C\C=C\C=C\[C@H](C)[C@@H](O)[C@@H](C)[C@H](C)OC(=O)C[C@H](O)C[C@H](O)CC[C@@H](O)[C@H](O)C[C@H](O)C[C@](O)(C[C@H](O)[C@H]1C(O)=O)O2,"9,11",,,,"-0,66","0,8","-1,386644278",FALSE,1964.0,1.0
CHEMBL1200656,DB00826,Natamycin,D01AA02; S01AA10; A01AB10; A07AA03; G01AA02,Дерматологические препараты,Success,"3,58",[H][C@@]12C[C@H](O)C[C@]3(O)C[C@H](O)[C@@H](C(O)=O)[C@]([H])(C[C@@H](O[C@]4([H])O[C@H](C)[C@@H](O)[C@H](N)[C@@H]4O)\C=C\C=C\C=C\C=C\C[C@@H](C)OC(=O)\C=C\[C@@]1([H])O2)O3,"9,11",,,,"-3,5","1,1","-1,544676393",FALSE,1978.0,0.0
CHEMBL230158,DB12390,Seladelpar,A05AX07,ЖКТ и обмен веществ,Success,"3,58",CCO[C@H](COC1=CC=C(C=C1)C(F)(F)F)CSC1=CC=C(OCC(O)=O)C(C)=C1,-4,,,,"4,48",,"0,9058659593",TRUE,,
CHEMBL1000,DB00341,Cetirizine,S01GX12; R06AE07,Органы чувств,Success,"3,59",OC(=O)COCCN1CCN(CC1)C(C1=CC=CC=C1)C1=CC=C(Cl)C=C1,"7,42","2,92","8,27","1.52, 2.92 and 8.27","2,98","2,8","-0,1177003712",FALSE,1995.0,1.0
CHEMBL1111,DB06403,Ambrisentan,C02KX02,Сердечно-сосудистая система,Success,"3,59",COC([C@H](OC1=NC(C)=CC(C)=N1)C(O)=O)(C1=CC=CC=C1)C1=CC=CC=C1,"2,48",4,,4.0,"3,9",,"-0,7551181889",FALSE,2007.0,1.0
CHEMBL1201191,DB06282,Levocetirizine,R06AE09,Дыхательная система,Success,"3,59",OC(=O)COCCN1CCN(CC1)[C@H](C1=CC=CC=C1)C1=CC=C(Cl)C=C1,"7,42",,,,"2,98",,"-0,1177003712",FALSE,2007.0,1.0
CHEMBL450895,DB00646,Nystatin,J01RA19; D01AA01; G01AA01; A07AA02; G01AA51,Противомикробные (системные),No Drug Record,"3,61",[H][C@]12C[C@@H](O[C@@H]3O[C@H](C)[C@@H](O)[C@H](N)[C@@H]3O)\C=C\C=C\C=C\C=C\CC\C=C\C=C\[C@H](C)[C@@H](O)[C@@H](C)[C@H](C)OC(=O)C[C@H](O)C[C@H](O)C[C@H](O)CC[C@@H](O)[C@H](O)C[C@](O)(C[C@H](O)[C@H]1C(O)=O)O2,"9,11",,,,"-3,1","0,5","-1,470682158",FALSE,,
CHEMBL397976,DB03088,Pidolic acid,A12CC08,ЖКТ и обмен веществ,Success,"3,61",OC(=O)[C@@H]1CCC(=O)N1,"-2,2",,,,-1,,"-2,332790594",FALSE,,
CHEMBL1017,DB00966,Telmisartan,C09CA07,Сердечно-сосудистая система,Success,"3,62",CCCC1=NC2=C(C=C(C=C2C)C2=NC3=CC=CC=C3N2C)N1CC1=CC=C(C=C1)C1=CC=CC=C1C(O)=O,"5,86",,,,"6,66","7,7","0,2389450828",FALSE,1998.0,1.0
CHEMBL431,DB01348,Spirapril,C09AA11,Сердечно-сосудистая система,Success,"3,62",CCOC(=O)[C@H](CCC1=CC=CC=C1)N[C@@H](C)C(=O)N1CC2(C[C@H]1C(O)=O)SCCS2,"5,2",,,,"1,79",,"-1,234801834",FALSE,1994.0,1.0
CHEMBL1089221,DB13501,Bendazac,M02AA11; S01BC07,Костно-мышечная система,Success,"3,66",OC(=O)COC1=NN(CC2=CC=CC=C2)C2=CC=CC=C12,"0,35",,,,"2,89",,"-0,2342792306",FALSE,1984.0,0.0
CHEMBL2159122,DB09272,Eluxadoline,A07DA06,ЖКТ и обмен веществ,Success,"3,66",COC1=CC=C(CN([C@@H](C)C2=NC(=CN2)C2=CC=CC=C2)C(=O)[C@@H](N)CC2=C(C)C=C(C=C2C)C(N)=O)C=C1C(O)=O,"7,99",,,,"1,08",,"-0,7931641491",FALSE,2015.0,1.0
CHEMBL578,DB00584,Enalapril,C09AA02,Сердечно-сосудистая система,Success,"3,67",CCOC(=O)[C@H](CCC1=CC=CC=C1)N[C@@H](C)C(=O)N1CCC[C@H]1C(O)=O,"5,2",,,,"0,19","0,07","-1,215994818",FALSE,1985.0,1.0
CHEMBL1169,DB00233,Aminosalicylic acid,J04AA02; J04AA03; J04AA01,Противомикробные (системные),Success,"3,68",NC1=CC(O)=C(C=C1)C(O)=O,"2,19","2,05",,2.05 (at 25 °C),"0,62","0,89","0,3243535879",FALSE,1950.0,1.0
CHEMBL1200647,DB01152,Candicidin,G01AA04,Мочеполовая система и половые гормоны,No Drug Record,"3,68",CC(CC(C)C1OC(=O)CC(=O)CCCC(=O)CC(O)CC(O)CC(O)CC(=O)CC(O)C(C(O)CC(OC2O[C@H](C)[C@@H](O)[C@H](N)[C@@H]2O)\C=C\C=C\C=C\C=C\C=C\C=C\C=C\C1C)C(O)=O)C(O)CC(=O)C1=CC=C(N)C=C1,"9,07",,,,"-0,76","1,7","-1,117466499",FALSE,,
CHEMBL1272,DB00912,Repaglinide,A10BX02,ЖКТ и обмен веществ,Success,"3,68",CCOC1=C(C=CC(CC(=O)N[C@@H](CC(C)C)C2=CC=CC=C2N2CCCCC2)=C1)C(O)=O,"4,82",,,,"5,05","5,9","-0,8823346468",FALSE,1997.0,1.0
CHEMBL1224,DB09488,Acrivastine,R06AX18,Дыхательная система,Success,"3,68",[H]\C(CN1CCCC1)=C(\C1=CC=C(C)C=C1)C1=CC=CC(=N1)C(\[H])=C(/[H])C(O)=O,"8,63",,,,"4,29",,"-0,5207944303",FALSE,1994.0,1.0
CHEMBL557555,DB09064,Ciprofibrate,C10AB08,Сердечно-сосудистая система,Success,"3,69",CC(C)(OC1=CC=C(C=C1)C1CC1(Cl)Cl)C(O)=O,"-4,9",,,,"3,97",,"-1,781275734",FALSE,1985.0,1.0
CHEMBL1615438,DB01106,Levocabastine,S01GX02; R01AC02,Органы чувств,Success,"3,71",C[C@@H]1CN(CC[C@]1(C(O)=O)C1=CC=CC=C1)[C@H]1CC[C@](CC1)(C#N)C1=CC=C(F)C=C1,"10,32",,,,"4,56",5,"-0,4449519262",FALSE,1993.0,0.0
CHEMBL94081,DB13167,Alclofenac,M01AB06,Костно-мышечная система,Success,"3,71",OC(=O)CC1=CC(Cl)=C(OCC=C)C=C1,"-4,9",,,,"3,01",,"-0,1334399649",FALSE,,0.0
CHEMBL270190,DB06274,Alvimopan,A06AH02,ЖКТ и обмен веществ,Success,"3,71",C[C@H]1CN(C[C@H](CC2=CC=CC=C2)C(=O)NCC(O)=O)CC[C@@]1(C)C1=CC(O)=CC=C1,"10,66",,,,"3,25",,"-1,569530621",FALSE,2008.0,1.0
CHEMBL225071,DB00293,Raltitrexed,L01BA03,Противоопухолевые препараты и иммуномодуляторы,Success,"3,72",CN(CC1=CC2=C(NC(C)=NC2=O)C=C1)C1=CC=C(S1)C(=O)N[C@@H](CCC(O)=O)C(O)=O,"1,24",,,,"1,65","-1,2","-0,5013331049",FALSE,1996.0,0.0
CHEMBL3545363,DB13879,Glecaprevir,J05AP57,Противомикробные (системные),No ATC,"3,74",[H][C@@]12CN(C(=O)[C@@]([H])(NC(=O)O[C@]3([H])CCC[C@@]3([H])OC\C=C\C(F)(F)C3=NC4=C(C=CC=C4)N=C3O1)C(C)(C)C)[C@@]([H])(C2)C(=O)N[C@@]1(C[C@H]1C(F)F)C(=O)NS(=O)(=O)C1(C)CC1,"-1,2",,,,"4,26",,"-1,605591021",FALSE,2017.0,1.0
CHEMBL15870,DB08951,Indoprofen,M01AE10,Костно-мышечная система,Success,"3,74",CC(C(O)=O)C1=CC=C(C=C1)N1CC2=CC=CC=C2C1=O,"-3,5",,,,"2,44",,"-0,7094391367",FALSE,1979.0,0.0
CHEMBL4474855,DB12026,Voxilaprevir,J05AP56,Противомикробные (системные),No Drug Record,"3,74",CC[C@@H]1[C@@H]2CN([C@@H]1C(=O)N[C@@]1(C[C@H]1C(F)F)C(=O)NS(=O)(=O)C1(C)CC1)C(=O)[C@@H](NC(=O)O[C@@H]1C[C@H]1CCCCC(F)(F)C1=C(O2)N=C2C=C(OC)C=CC2=N1)C(C)(C)C,"-0,84",,,,"3,98",,"-1,227230261",FALSE,,
CHEMBL819,DB00713,Oxacillin,J01CF04,Противомикробные (системные),Success,"3,75",[H][C@]12SC(C)(C)[C@@H](N1C(=O)[C@H]2NC(=O)C1=C(C)ON=C1C1=CC=CC=C1)C(O)=O,"-0,12","2,72",,2.72,"2,05","2,38","-2,28204561",FALSE,1971.0,1.0
CHEMBL891,DB01147,Cloxacillin,J01CF02,Противомикробные (системные),Success,"3,75",[H][C@]12SC(C)(C)[C@@H](N1C(=O)[C@H]2NC(=O)C1=C(C)ON=C1C1=CC=CC=C1Cl)C(O)=O,"-0,41","2,78",,2.78,"2,61","2,48","-2,394469768",FALSE,1974.0,1.0
CHEMBL222645,DB00301,Flucloxacillin,J01CF05,Противомикробные (системные),Success,"3,75",[H][C@]12SC(C)(C)[C@@H](N1C(=O)[C@H]2NC(=O)C1=C(C)ON=C1C1=C(Cl)C=CC=C1F)C(O)=O,"-0,93",,,,"2,69","2,58","-0,7388819449",FALSE,,
CHEMBL893,DB00485,Dicloxacillin,J01CF01,Противомикробные (системные),Success,"3,75",[H][C@]12SC(C)(C)[C@@H](N1C(=O)[C@H]2NC(=O)C1=C(C)ON=C1C1=C(Cl)C=CC=C1Cl)C(O)=O,"-0,71",,,,"3,19","2,91","-2,152676537",FALSE,1968.0,1.0
CHEMBL1168,DB00178,Ramipril,C09AA05,Сердечно-сосудистая система,Success,"3,75",[H][C@@]12CCC[C@]1([H])N([C@@H](C2)C(O)=O)C(=O)[C@H](C)N[C@@H](CCC1=CC=CC=C1)C(=O)OCC,"5,2",,,,"0,92","2,9","-1,616972581",FALSE,1991.0,1.0
CHEMBL1241951,DB12070,Letermovir,J05AX18,Противомикробные (системные),Success,"3,75",COC1=CC=CC(=C1)N1CCN(CC1)C1=NC2=C(C=CC=C2F)[C@H](CC(O)=O)N1C1=CC(=CC=C1OC)C(F)(F)F,"7,15",,,,"4,58",,"1,182775724",TRUE,2017.0,1.0
CHEMBL1609,DB13218,Mandelic acid,J01XX06; B05CA06,Противомикробные (системные),Success,"3,75",OC(C(O)=O)C1=CC=CC=C1,"-4,1",,,,"0,66",,"-1,409865035",FALSE,,
CHEMBL3317857,DB12107,Vaborbactam,J01DH52,Противомикробные (системные),No ATC,"3,75",OB1O[C@H](CC(O)=O)CC[C@@H]1NC(=O)CC1=CC=CS1,"-2,6",,,,"1,02",,"-1,810138008",FALSE,,
CHEMBL1237119,DB00374,Treprostinil,B01AC21,Кровь и органы кроветворения,Success,"3,76",[H][C@]12C[C@@H](O)[C@H](CC[C@@H](O)CCCCC)[C@@]1([H])CC1=C(C2)C(OCC(O)=O)=CC=C1,"-1,3",,,,"3,53",3,"-2,526936954",FALSE,2002.0,1.0
CHEMBL361497,DB09274,Artesunate,P01BE03,Противопаразитарные препараты,Success,"3,77",[H][C@@]12CC[C@@H](C)[C@]3([H])CC[C@@]4(C)OO[C@@]13[C@]([H])(O[C@@H](OC(=O)CCC(O)=O)[C@@H]2C)O4,"-4,2",,,,"2,35",,"-2,419607713",FALSE,2020.0,0.0
CHEMBL2105735,DB11586,Asunaprevir,J05AP06,Противомикробные (системные),Success,"3,77",COC1=CN=C(O[C@@H]2C[C@H](N(C2)C(=O)[C@@H](NC(=O)OC(C)(C)C)C(C)(C)C)C(=O)N[C@@]2(C[C@H]2C=C)C(=O)NS(=O)(=O)C2CC2)C2=C1C=CC(Cl)=C2,"1,85",,,,"3,12",,"-2,182151541",FALSE,,
CHEMBL2063090,DB11575,Grazoprevir,J05AP11,Противомикробные (системные),Success,"3,77",COC1=CC2=NC3=C(CCCCC[C@@H]4C[C@H]4OC(=O)N[C@H](C(=O)N4C[C@@H](C[C@H]4C(=O)N[C@@]4(C[C@H]4C=C)C(=O)NS(=O)(=O)C4CC4)O3)C(C)(C)C)N=C2C=C1,"1,79",,,,"3,26",,"-2,4272179",FALSE,2016.0,1.0
CHEMBL238804,DB11362,Selexipag,B01AC27,Кровь и органы кроветворения,Success,"3,77",CC(C)N(CCCCOCC(=O)NS(C)(=O)=O)C1=NC(C2=CC=CC=C2)=C(N=C1)C1=CC=CC=C1,"1,41",,,,"4,4",,"-0,4660426894",FALSE,2015.0,1.0
CHEMBL501849,DB06290,Simeprevir,J05AP05,Противомикробные (системные),Success,"3,77",[H][C@]12C[C@]1(NC(=O)[C@]1([H])C[C@H](C[C@@]1([H])C(=O)N(C)CCCC\C=C/2)OC1=CC(=NC2=C1C=CC(OC)=C2C)C1=NC(=CS1)C(C)C)C(=O)NS(=O)(=O)C1CC1,"1,61",,,,"4,69",,"-2,098191999",FALSE,2013.0,1.0
CHEMBL1200559,DB04398,Lactic acid,G01AD01,Мочеполовая система и половые гормоны,Success,"3,78",CC(O)C(O)=O,"-3,7","3,86",,3.86 (at 20 °C),"-0,79","-0,72","-1,940033895",FALSE,2006.0,0.0
CHEMBL2106111,DB13231,Calcium lactate,A12AA05,ЖКТ и обмен веществ,Success,"3,78",[Ca++].CC(O)C([O-])=O.CC(O)C([O-])=O,"-3,7",,,,"-0,36",,"-1,91984131",FALSE,,
CHEMBL1189432,DB00768,Olopatadine,S01GX09; R01AC08,Органы чувств,Success,"3,78",CN(C)CC\C=C1\C2=CC=CC=C2COC2=C1C=C(CC(O)=O)C=C2,"9,76",,,,"3,99",,"-0,2913213125",FALSE,1996.0,0.0
CHEMBL1200664,DB09483,Potassium lactate,B05XA15,Кровь и органы кроветворения,Success,"3,78",[K+].CC(O)C([O-])=O,"-3,7",,,,"-0,63",,"-1,91984131",FALSE,,
CHEMBL6,DB00328,Indomethacin,S01BC01; C01EB03; M01AB01; M02AA23; M01AB51,Органы чувств,Success,"3,79",COC1=CC2=C(C=C1)N(C(=O)C1=CC=C(Cl)C=C1)C(C)=C2CC(O)=O,"-2,9","4,5",,4.5,"4,25","4,27","-0,3642501447",FALSE,1965.0,1.0
CHEMBL509,DB00939,Meclofenamic acid,M02AA18; M01AG04,Костно-мышечная система,Success,"3,79",CC1=C(Cl)C(NC2=CC=CC=C2C(O)=O)=C(Cl)C=C1,"-3,6",,,,"5,11",5,"0,1362232897",FALSE,1980.0,1.0
CHEMBL1581,DB00790,Perindopril,C09AA04,Сердечно-сосудистая система,Success,"3,79",[H][C@]12C[C@H](N(C(=O)[C@H](C)N[C@@H](CCC)C(=O)OCC)[C@@]1([H])CCCC2)C(O)=O,"5,48",,,,"0,56","2,6","-2,111085777",FALSE,1993.0,1.0
CHEMBL1697744,DB05057,Erdosteine,R05CB15,Дыхательная система,Success,"3,79",OC(=O)CSCC(=O)NC1CCSC1=O,"-3,7",,,,"-0,43",,"-2,536053436",FALSE,,
CHEMBL1077,DB00963,Bromfenac,S01BC11,Органы чувств,Success,"3,81",NC1=C(CC(O)=O)C=CC=C1C(=O)C1=CC=C(Br)C=C1,"1,59",,,,3,"3,4","-0,2233124175",FALSE,1997.0,0.0
CHEMBL600,DB06151,Acetylcysteine,V03AB23; R05CB01; S01XA08,Прочие препараты,Success,"3,82",CC(=O)N[C@@H](CS)C(O)=O,-2,"9,52",,9.52 (at 25 °C),"-0,03",,"-1,571633533",FALSE,1963.0,1.0
CHEMBL264374,DB01393,Bezafibrate,C10AB02,Сердечно-сосудистая система,Success,"3,83",CC(C)(OC1=CC=C(CCNC(=O)C2=CC=C(Cl)C=C2)C=C1)C(O)=O,"-0,84",,,,"3,97",,"-0,6454347011",FALSE,,
CHEMBL19490,DB04828,Zomepirac,M01AB04,Костно-мышечная система,Success,"3,83",CN1C(CC(O)=O)=CC(C)=C1C(=O)C1=CC=C(Cl)C=C1,"-7,8",,,,"3,37",,"-0,1496926721",FALSE,1980.0,0.0
CHEMBL469,DB00465,Ketorolac,M01AB15; S01BC05,Костно-мышечная система,Success,"3,84",OC(=O)C1CCN2C1=CC=C2C(=O)C1=CC=CC=C1,"-7,8",,,,"2,66","2,1","-1,332626109",FALSE,1989.0,1.0
CHEMBL832,DB01138,Sulfinpyrazone,M04AB02,Костно-мышечная система,Success,"3,86",O=C1C(CCS(=O)C2=CC=CC=C2)C(=O)N(N1C1=CC=CC=C1)C1=CC=CC=C1,"-8,2","3,25",,3.25,"2,92","2,3","-1,175473011",FALSE,1959.0,1.0
CHEMBL1208155,DB11979,Elagolix,H01CC03,Гормональные препараты (системные),Success,"3,86",COC1=CC=CC(=C1F)C1=C(C)N(CC2=C(C=CC=C2F)C(F)(F)F)C(=O)N(C[C@H](NCCCC(O)=O)C2=CC=CC=C2)C1=O,"9,04",,,,"4,68",,"1,536091565",TRUE,2018.0,1.0
CHEMBL1314,DB06823,Tiopronin,G04BX16,Мочеполовая система и половые гормоны,Success,"3,86",CC(S)C(=O)NCC(O)=O,"-4,2",,,,"-0,53",,"-1,969957281",FALSE,1988.0,1.0
CHEMBL3039598,DB00492,Fosinopril,C09AA09,Сердечно-сосудистая система,Success,"3,87",CCC(=O)O[C@@H](OP(=O)(CCCCC1=CC=CC=C1)CC(=O)N1C[C@@H](C[C@H]1C(O)=O)C1CCCCC1)C(C)C,"-4,4",,,,"4,71","6,3","-1,92438452",FALSE,1991.0,1.0
CHEMBL121626,DB09216,Tolfenamic acid,M01AG02,Костно-мышечная система,Success,"3,88",CC1=C(Cl)C=CC=C1NC1=CC=CC=C1C(O)=O,"-2,1","5,11",,5.11,"4,64","5,17","-0,1988318895",FALSE,,
CHEMBL23588,DB02266,Flufenamic acid,M01AG03,Костно-мышечная система,Success,"3,88",OC(=O)C1=CC=CC=C1NC1=CC(=CC=C1)C(F)(F)F,"-2,1",,,,"4,6","5,25","2,247856294",TRUE,,
CHEMBL571,DB01009,Ketoprofen,M01AE03; M01AE53; M02AA10,Костно-мышечная система,Success,"3,88",CC(C(O)=O)C1=CC(=CC=C1)C(=O)C1=CC=CC=C1,"-7,5","4,45",,4.45,"3,29","3,12","-0,06918144591",FALSE,1986.0,1.0
CHEMBL75435,DB09214,Dexketoprofen,M02AA27; M01AE17,Костно-мышечная система,Success,"3,88",[H][C@@](C)(C(O)=O)C1=CC(=CC=C1)C(=O)C1=CC=CC=C1,"-7,5",,,,"3,29",,"-0,06918144591",FALSE,1994.0,1.0
CHEMBL701,DB00181,Baclofen,M03BX01,Костно-мышечная система,Success,"3,89",NCC(CC(O)=O)C1=CC=C(Cl)C=C1,"9,79","9,62","3,87",9.62 + 0.1 (amino group) and 3.87 + 0.1 (carboxyl group),"-0,82","1,3","-0,6755825348",FALSE,1977.0,1.0
CHEMBL686,DB00784,Mefenamic acid,M01AG01,Костно-мышечная система,Success,"3,89",CC1=C(C)C(NC2=CC=CC=C2C(O)=O)=CC=C1,"-1,6","4,2",,4.2,"4,58","5,12","0,09472619665",FALSE,1967.0,1.0
CHEMBL1020,DB00500,Tolmetin,M02AA21; M01AB03,Костно-мышечная система,Success,"3,93",CN1C(CC(O)=O)=CC=C1C(=O)C1=CC=C(C)C=C1,"-7,8","3,5",,3.5,"2,81","2,79","-0,529350039",FALSE,1976.0,1.0
CHEMBL436,DB02383,Tolrestat,A10XA01,ЖКТ и обмен веществ,Success,"3,95",COC1=C(C2=CC=CC(C(=S)N(C)CC(O)=O)=C2C=C1)C(F)(F)F,"-4,9",,,,"3,25",,"0,97109388",TRUE,1989.0,0.0
CHEMBL1297,DB00573,Fenoprofen,M01AE04,Костно-мышечная система,Success,"3,96",CC(C(O)=O)C1=CC(OC2=CC=CC=C2)=CC=C1,"-3,7","4,5",,4.5,"3,87","3,1","-0,1642893667",FALSE,1976.0,1.0
CHEMBL3707313,DB12808,Trifarotene,D10AD06,Дерматологические препараты,Success,"3,97",CC(C)(C)C1=CC(=CC=C1N1CCCC1)C1=CC(=CC=C1OCCO)C1=CC=C(C=C1)C(O)=O,"4,75","5,69",,5.69,"6,12",,"0,4578250101",FALSE,2019.0,0.0
CHEMBL461101,DB06210,Eltrombopag,B02BX05,Кровь и органы кроветворения,Success,"3,97",CC1=NN(C(=O)\C1=N/NC1=CC=CC(C2=CC=CC(=C2)C(O)=O)=C1O)C1=CC=C(C)C(C)=C1,"-0,12",,,,"4,02",,"-0,1410109825",FALSE,2008.0,1.0
CHEMBL1265,DB00210,Adapalene,D10AD03; D10AD53,Дерматологические препараты,Success,"3,99",COC1=C(C=C(C=C1)C1=CC2=C(C=C1)C=C(C=C2)C(O)=O)C12CC3CC(CC(C3)C1)C2,"-4,8",,,,"6,06","6,92","-0,1851574104",FALSE,1996.0,0.0
CHEMBL1496,DB01098,Rosuvastatin,C10AA07,Сердечно-сосудистая система,Success,4,CC(C)C1=NC(=NC(C2=CC=C(F)C=C2)=C1\C=C\[C@@H](O)C[C@@H](O)CC(=O)O)N(C)S(C)(=O)=O,"-1,6",,,,"1,47","0,13","0,3221268689",FALSE,2003.0,1.0
CHEMBL139,DB00586,Diclofenac,M01AB55; S01BC03; M02AA15; D11AX18; M01AB05,Костно-мышечная система,Success,4,OC(=O)CC1=CC=CC=C1NC1=C(Cl)C=CC=C1Cl,"-2,1","4,15",,4.15,"4,98","4,51","0,1888069676",FALSE,1988.0,1.0
CHEMBL783,DB00731,Nateglinide,A10BX03,ЖКТ и обмен веществ,Success,4,CC(C)[C@H]1CC[C@@H](CC1)C(=O)N[C@H](CC1=CC=CC=C1)C(O)=O,"-1,1",,,,"3,59","2,4","-1,662116966",FALSE,2000.0,1.0
CHEMBL3707395,DB05187,Elafibranor,A05AX06,ЖКТ и обмен веществ,Success,4,CSC1=CC=C(C=C1)C(=O)\C=C\C1=CC(C)=C(OC(C)(C)C(O)=O)C(C)=C1,"-4,9",,,,"4,6",,"-0,319964395",FALSE,,
CHEMBL2105648,DB05467,Palovarotene,M09AX11,Костно-мышечная система,Success,"4,13",CC1(C)CCC(C)(C)C2=C1C=C(CN1C=CC=N1)C(\C=C\C1=CC=C(C=C1)C(O)=O)=C2,"2,07",,,,"6,94",,"-0,449600923",FALSE,,
CHEMBL1201753,DB08860,Pitavastatin,C10AA08,Сердечно-сосудистая система,Success,"4,13",O[C@H](C[C@H](O)\C=C\C1=C(N=C2C=CC=CC2=C1C1=CC=C(F)C=C1)C1CC1)CC(O)=O,"4,86",,,,"3,75",,"0,3973550267",FALSE,2009.0,1.0
CHEMBL1027,DB00906,Tiagabine,N03AG06,Нервная система,Success,"4,14",CC1=C(SC=C1)C(=CCCN1CCC[C@H](C1)C(O)=O)C1=C(C)C=CS1,"9,26",,,,"4,98","2,6","-1,31977817",FALSE,1997.0,1.0
CHEMBL196,DB00126,Ascorbic acid,A11GA01; G01AD03; S01XA15,ЖКТ и обмен веществ,Success,"4,16",[H][C@@]1(OC(=O)C(O)=C1O)[C@@H](O)CO,-3,"4,7",,4.7 (at 10 °C),"-1,6","-1,85","-2,444314673",FALSE,1985.0,1.0
CHEMBL1200368,DB00522,Bentiromide,V04CK03,Прочие препараты,Success,"4,16",OC(=O)C1=CC=C(NC(=O)[C@H](CC2=CC=C(O)C=C2)NC(=O)C2=CC=CC=C2)C=C1,"-1,3",,,,"2,99","3,3","-0,2669094943",FALSE,1983.0,1.0
CHEMBL2103870,DB09280,Lumacaftor,R07AX30,Дыхательная система,No ATC,"4,17",CC1=CC=C(NC(=O)C2(CC2)C2=CC=C3OC(F)(F)OC3=C2)N=C1C1=CC(=CC=C1)C(O)=O,"3,5",,,,"4,37",,"-0,06027012791",FALSE,2015.0,1.0
CHEMBL3137301,DB09292,Sacubitril,C09DX04,Сердечно-сосудистая система,No ATC,"4,18",CCOC(=O)[C@H](C)C[C@@H](CC1=CC=C(C=C1)C1=CC=CC=C1)NC(=O)CCC(O)=O,"-1,6",,,,"3,9",,"-0,8666377575",FALSE,2015.0,1.0
CHEMBL154,DB00788,Naproxen,M02AA12; G02CC02; M01AE02,Костно-мышечная система,Success,"4,19",COC1=CC2=C(C=C1)C=C(C=C2)[C@H](C)C(O)=O,"-4,8","4,15",,4.15,"3,29","3,18","-0,1708927279",FALSE,1976.0,1.0
CHEMBL3137309,DB11581,Venetoclax,L01XX52,Противоопухолевые препараты и иммуномодуляторы,Success,"4,19",CC1(C)CCC(CN2CCN(CC2)C2=CC=C(C(=O)NS(=O)(=O)C3=CC=C(NCC4CCOCC4)C(=C3)[N+]([O-])=O)C(OC3=CN=C4NC=CC4=C3)=C2)=C(C1)C1=CC=C(Cl)C=C1,"7,96",,,,"6,92",,"-1,019846972",FALSE,2016.0,1.0
CHEMBL24924,DB13136,Fluindione,B01AA12,Кровь и органы кроветворения,Success,"4,19",FC1=CC=C(C=C1)C1C(=O)C2=CC=CC=C2C1=O,"-7,5",,,,"3,09",,"1,727805034",TRUE,,
CHEMBL19299,DB09212,Loxoprofen,M01AE19; M02AA31,Костно-мышечная система,Success,"4,19",CC(C(O)=O)C1=CC=C(CC2CCCC2=O)C=C1,"-7,4",,,,"2,99",,"-1,512834179",FALSE,,
CHEMBL771,DB00260,Cycloserine,J04AB01,Противомикробные (системные),Success,"4,21",N[C@@H]1CONC1=O,"8,36",,,,"-2,3","-0,9","-3,886020343",FALSE,1964.0,1.0
CHEMBL1144,DB00175,Pravastatin,C10AA03,Сердечно-сосудистая система,Success,"4,21",[H][C@]12[C@H](C[C@H](O)C=C1C=C[C@H](C)[C@@H]2CC[C@@H](O)C[C@@H](O)CC(O)=O)OC(=O)[C@@H](C)CC,"-2,7","4,2",,4.2,"2,23","0,59","-3,497677738",FALSE,1991.0,1.0
CHEMBL277522,DB08981,Fenbufen,M01AE05,Костно-мышечная система,Success,"4,22",OC(=O)CCC(=O)C1=CC=C(C=C1)C1=CC=CC=C1,"-7,5",,,,"3,07",,"0,07199796064",FALSE,,
CHEMBL1206690,DB08439,Parecoxib,M01AH04,Костно-мышечная система,Success,"4,24",CCC(=O)NS(=O)(=O)C1=CC=C(C=C1)C1=C(C)ON=C1C1=CC=CC=C1,"0,42",,,,"3,42",,"-0,1171517516",FALSE,2002.0,0.0
CHEMBL35,DB00695,Furosemide,C03CA01,Сердечно-сосудистая система,Success,"4,25",NS(=O)(=O)C1=C(Cl)C=C(NCC2=CC=CO2)C(=C1)C(O)=O,"-1,5",,,,"2,71","2,03","-1,202443911",FALSE,1966.0,1.0
CHEMBL3358920,DB14766,Etrasimod,L04AE05,Противоопухолевые препараты и иммуномодуляторы,Success,"4,26",OC(=O)C[C@H]1CCC2=C1NC1=C2C=C(OCC2=CC(=C(C=C2)C2CCCC2)C(F)(F)F)C=C1,"-4,9",,,,"5,73",,"0,001147172859",FALSE,,
CHEMBL3940890,DB17999,Acoramidis,C01EB25,Сердечно-сосудистая система,Success,"4,27",CC1=C(CCCOC2=CC(=CC=C2F)C(O)=O)C(C)=NN1,"3,67",,,,"2,14",,"1,441095099",TRUE,,
CHEMBL603,DB00549,Zafirlukast,R03DC01,Дыхательная система,Success,"4,29",COC1=CC(=CC=C1CC1=CN(C)C2=C1C=C(NC(=O)OC1CCCC1)C=C2)C(=O)NS(=O)(=O)C1=CC=CC=C1C,"-1,1",,,,"4,84","5,4","-0,8072187504",FALSE,1996.0,1.0
CHEMBL1589,DB00414,Acetohexamide,A10BB31,ЖКТ и обмен веществ,Success,"4,31",CC(=O)C1=CC=C(C=C1)S(=O)(=O)NC(=O)NC1CCCCC1,"-7,4",,,,"1,72","2,44","-0,9232840522",FALSE,1964.0,1.0
CHEMBL1487,DB01076,Atorvastatin,C10AA05,Сердечно-сосудистая система,Success,"4,31",CC(C)C1=C(C(=O)NC2=CC=CC=C2)C(=C(N1CC[C@@H](O)C[C@@H](O)CC(O)=O)C1=CC=C(F)C=C1)C1=CC=CC=C1,"-2,7","4,46",,4.46,"4,24","6,36","0,302436832",FALSE,1996.0,1.0
CHEMBL1096,DB01025,Amlexanox,R03DX01; A01AD07,Дыхательная система,Success,"4,31",CC(C)C1=CC2=C(OC3=NC(N)=C(C=C3C2=O)C(O)=O)C=C1,"1,87",,,,"2,76","4,1","-0,1678828334",FALSE,1996.0,0.0
CHEMBL1201407,DB06826,Unoprostone,S01EE02,Органы чувств,Success,"4,31",CCCCCCCC(=O)CC[C@H]1[C@H](O)C[C@H](O)[C@@H]1C\C=C/CCCC(O)=O,"-2,9",,,,"3,99",,"-2,317656126",FALSE,,
CHEMBL1073,DB01067,Glipizide,A10BB07,ЖКТ и обмен веществ,Success,"4,32",CC1=NC=C(N=C1)C(=O)NCCC1=CC=C(C=C1)S(=O)(=O)NC(=O)NC1CCCCC1,"0,061","5,9",,5.9,"1,83","1,91","-1,022617056",FALSE,1984.0,1.0
CHEMBL472,DB01016,Glyburide,A10BB01,ЖКТ и обмен веществ,Success,"4,32",COC1=C(C=C(Cl)C=C1)C(=O)NCCC1=CC=C(C=C1)S(=O)(=O)NC(=O)NC1CCCCC1,"-1,4",,,,"3,78","3,75","-0,7807683044",FALSE,1984.0,1.0
CHEMBL383634,DB01251,Gliquidone,A10BB08,ЖКТ и обмен веществ,Success,"4,32",COC1=CC2=C(C=C1)C(C)(C)C(=O)N(CCC1=CC=C(C=C1)S(=O)(=O)NC(=O)NC1CCCCC1)C2=O,"-4,8",,,,"3,59","4,5","-0,6220711335",FALSE,,
,DB13800,Calcium levulinate,A12AA30,ЖКТ и обмен веществ,,"4,32",[Ca++].CC(=O)CCC([O-])=O.CC(=O)CCC([O-])=O,"-7,3",,,,"0,76",,"-0,8991936088",FALSE,,
CHEMBL529888,DB08962,Glibornuride,A10BB04,ЖКТ и обмен веществ,Success,"4,32",CC1=CC=C(C=C1)S(=O)(=O)NC(=O)N[C@@H]1[C@H](O)[C@]2(C)CC[C@H]1C2(C)C,"-3,2",,,,"2,09",,"-1,68878636",FALSE,,
CHEMBL1481,DB00222,Glimepiride,A10BB12,ЖКТ и обмен веществ,Success,"4,32",CCC1=C(C)CN(C(=O)NCCC2=CC=C(C=C2)S(=O)(=O)NC(=O)N[C@H]2CC[C@H](C)CC2)C1=O,"-3,7",,,,"2,82",,"-1,387063357",FALSE,1995.0,1.0
CHEMBL1069,DB00177,Valsartan,C09CA03,Сердечно-сосудистая система,Success,"4,35",CCCCC(=O)N(CC1=CC=C(C=C1)C1=CC=CC=C1C1=NNN=N1)[C@@H](C(C)C)C(O)=O,"-0,64","4,73",,4.73,"3,68","1,5","-0,7976493149",FALSE,1996.0,1.0
CHEMBL495,DB00770,Alprostadil,G04BE01; C01EA01,Мочеполовая система и половые гормоны,Success,"4,35",CCCCC[C@H](O)\C=C\[C@H]1[C@H](O)CC(=O)[C@@H]1CCCCCCC(O)=O,"-1,6","4,85",,4.85 (at 25 °C),"3,04","3,2","-1,802242204",FALSE,1981.0,0.0
CHEMBL2105456,DB13286,Bumadizone,M01AB07,Костно-мышечная система,Success,"4,35",CCCCC(C(O)=O)C(=O)N(NC1=CC=CC=C1)C1=CC=CC=C1,-7,,,,"2,95",,"-0,9934033849",FALSE,,
CHEMBL1594,DB01783,Pantothenic acid,A11HA31; D03AX04,ЖКТ и обмен веществ,Success,"4,35",CC(C)(CO)[C@@H](O)C(=O)NCCC(O)=O,"-2,8",,,,"-1,1",,"-2,318758895",FALSE,1993.0,0.0
CHEMBL487253,DB06769,Bendamustine,L01AA09,Противоопухолевые препараты и иммуномодуляторы,Success,"4,36",CN1C(CCCC(O)=O)=NC2=CC(=CC=C12)N(CCCl)CCCl,"6,41",,,,"3,07",,"0,4477478175",FALSE,2008.0,0.0
CHEMBL815,DB12789,Dinoprost,G02AD01,Мочеполовая система и половые гормоны,Success,"4,36",[H]\C(CCCC(O)=O)=C(/[H])C[C@@]1([H])[C@@]([H])(O)C[C@@]([H])(O)[C@]1([H])C(\[H])=C(/[H])[C@@]([H])(O)CCCCC,"-1,6",,,,"3,11",,"-2,4930153",FALSE,1982.0,0.0
,DB14490,Ferrous ascorbate,B03AA10,Кровь и органы кроветворения,,"4,36",[Fe++].[H][C@](O)(CO)[C@@]1([H])OC(=O)C(O)=C1O.[H][C@](O)(CO)[C@@]1([H])OC(=O)C([O-])=C1[O-],-3,,,,"-0,08",,"-2,444314673",FALSE,,
,DB14485,Zinc ascorbate,C05AX04,Сердечно-сосудистая система,,"4,36",[Zn++].[H][C@@]1(OC(=O)C(O)=C1[O-])[C@@H](O)CO.[H][C@@]1(OC(=O)C(O)=C1[O-])[C@@H](O)CO,-3,,,,"-1,6",,"-1,634670978",FALSE,,
CHEMBL5,DB00779,Nalidixic acid,J01MB02,Противомикробные (системные),Success,"4,37",CCN1C=C(C(O)=O)C(=O)C2=C1N=C(C)C=C2,"6,06","8,6",,8.6,"0,95","1,59","-0,04886496092",FALSE,1964.0,1.0
CHEMBL4297513,DB12471,Ibrexafungerp,J02AX07,Противомикробные (системные),Success,"4,39",[H][C@]12CC[C@@]3([H])[C@@]4(C)COC[C@@]3(C[C@H]([C@@H]4OC[C@](C)(N)C(C)(C)C)N3N=CN=C3C3=CC=NC=C3)C1=CC[C@@]1(C)[C@H](C(O)=O)[C@](C)(CC[C@]21C)[C@H](C)C(C)C,"9,75","5,5",9,"2.4, 5.5, 9.0","3,28",,"-2,564409785",FALSE,2021.0,1.0
CHEMBL418995,DB04836,Amineptine,N06AA19,Нервная система,Success,"4,41",OC(=O)CCCCCCNC1C2=CC=CC=C2CCC2=CC=CC=C12,"9,17",,,,"1,99",,"-0,9413783886",FALSE,,0.0
CHEMBL457,DB01241,Gemfibrozil,C10AB04,Сердечно-сосудистая система,Success,"4,42",CC1=CC(OCCCC(C)(C)C(O)=O)=C(C)C=C1,"-4,8",,,,"3,61","4,39","-0,6164379993",FALSE,1981.0,1.0
CHEMBL1139,DB01240,Epoprostenol,B01AC09,Кровь и органы кроветворения,Success,"4,43",[H][C@]12C[C@@H](O)[C@H](\C=C\[C@@H](O)CCCCC)[C@@]1([H])C\C(O2)=C\CCCC(O)=O,"-1,6",,,,"3,83",3,"-2,045873348",FALSE,1995.0,0.0
CHEMBL3545313,DB11936,Bempedoic acid,C10AX15,Сердечно-сосудистая система,Success,"4,44",CC(C)(CCCCCC(O)CCCCCC(C)(C)C(O)=O)C(O)=O,"-1,3",,,,"3,65",,"-1,233926035",FALSE,2020.0,1.0
CHEMBL1342,DB01440,gamma-Hydroxybutyric acid,N07XX04; N01AX11,Нервная система,Success,"4,44",OCCCC(O)=O,"-2,4",,,,"-0,63",,"-1,148892152",FALSE,2002.0,1.0
CHEMBL1200682,DB09072,Sodium oxybate,N01AX11; N07XX04,Нервная система,No Drug Record,"4,44",[Na+].OCCCC([O-])=O,"-2,4",,,,"-0,34",,"-0,6634117731",FALSE,,
CHEMBL515,DB00291,Chlorambucil,L01AA02,Противоопухолевые препараты и иммуномодуляторы,Success,"4,46",OC(=O)CCCC1=CC=C(C=C1)N(CCCl)CCCl,"1,72","5,75",,5.75,"3,81","1,7","0,6534988599",TRUE,1957.0,1.0
CHEMBL374975,DB02703,Fusidic acid,S01AA13; D09AA02; D06AX01; J01XC01,Органы чувств,Success,"4,46",[H][C@@]12C[C@@H](O)[C@@]3([H])[C@@]4(C)CC[C@@H](O)[C@@H](C)[C@]4([H])CC[C@]3(C)[C@@]1(C)C[C@H](OC(C)=O)\C2=C(\CCC=C(C)C)C(O)=O,"-0,2","5,35",,5.35,"4,97",,"-2,877332908",FALSE,,
CHEMBL599,DB00814,Meloxicam,M01AC56; M01AC06,Костно-мышечная система,Success,"4,47",CN1C(C(=O)NC2=NC=C(C)S2)=C(O)C2=C(C=CC=C2)S1(=O)=O,"0,47","04,08",,04.08,"2,28","0,1","0,2694933849",FALSE,2000.0,1.0
CHEMBL205596,DB02659,Cholic Acid,A05AA03,ЖКТ и обмен веществ,Success,"4,48",[H][C@@](C)(CCC(O)=O)[C@@]1([H])CC[C@@]2([H])[C@]3([H])[C@]([H])(O)C[C@]4([H])C[C@]([H])(O)CC[C@]4(C)[C@@]3([H])C[C@]([H])(O)[C@]12C,"-0,16","4,98",,4.98 (at 20 °C),"2,26","2,02","-3,754793317",FALSE,2013.0,1.0
CHEMBL1616951,DB09015,Canrenoic acid,C03DA02,Сердечно-сосудистая система,Success,"4,48",[H][C@@]12CC[C@@](O)(CCC(O)=O)[C@@]1(C)CC[C@@]1([H])[C@@]2([H])C=CC2=CC(=O)CC[C@]12C,"-3,1",,,,"2,73",,"-2,813081635",FALSE,,
CHEMBL550348,DB01609,Deferasirox,V03AC03,Прочие препараты,Success,"4,51",OC(=O)C1=CC=C(C=C1)N1N=C(N=C1C1=CC=CC=C1O)C1=CC=CC=C1O,"-0,089",,,,"4,01","3,52","0,1499315767",FALSE,2005.0,1.0
CHEMBL96,DB02530,gamma-Aminobutyric acid,N03AG03,Нервная система,Success,"4,53",NCCCC(O)=O,"10,22",,,,-3,,"-0,3221966947",FALSE,,
CHEMBL2220442,DB01095,Fluvastatin,C10AA04,Сердечно-сосудистая система,Success,"4,54",CC(C)N1C(\C=C\C(O)CC(O)CC(O)=O)=C(C2=CC=CC=C12)C1=CC=C(F)C=C1,"-2,8",,,,"3,69","4,5","0,6187519828",TRUE,1993.0,1.0
CHEMBL877,DB00302,Tranexamic acid,B02AA02,Кровь и органы кроветворения,Success,"4,56",NC[C@H]1CC[C@@H](CC1)C(O)=O,"10,22",,,,"-1,4","0,3","-1,763742982",FALSE,1986.0,1.0
CHEMBL89598,DB01080,Vigabatrin,N03AG04,Нервная система,Success,"4,61",NC(CCC(O)=O)C=C,"9,91",4,"9,7",4 and 9.7,"-2,6","-1,96","-2,398326737",FALSE,2009.0,1.0
CHEMBL940,DB00996,Gabapentin,N02BF01,Нервная система,Success,"4,63",NCC1(CC(O)=O)CCCCC1,"9,91","3,7",,3.7,"-1,9","1,25","-1,22051579",FALSE,1993.0,1.0
CHEMBL1234579,DB06690,Nitrous oxide,N01AX63; N01AX13,Нервная система,Success,"4,65",[N-]=[N+]=O,"-7,3",,,,"-0,45","0,36","0,2131141061",FALSE,,
CHEMBL406393,DB03619,Deoxycholic acid,D11AX24,Дерматологические препараты,Success,"4,65",[H][C@@]12CC[C@H]([C@H](C)CCC(O)=O)[C@@]1(C)[C@@H](O)C[C@@]1([H])[C@@]2([H])CC[C@]2([H])C[C@H](O)CC[C@]12C,"-0,35",,,,"3,3","3,5","-3,877500897",FALSE,2015.0,0.0
CHEMBL340978,DB04812,Benoxaprofen,M01AE06,Костно-мышечная система,Success,"4,66",CC(C(O)=O)C1=CC2=C(OC(=N2)C2=CC=C(Cl)C=C2)C=C1,"0,091",,,,"4,22","3,23","0,2699241365",FALSE,1982.0,0.0
CHEMBL1466,DB00266,Dicoumarol,B01AA01,Кровь и органы кроветворения,Success,"4,66",OC1=C(CC2=C(O)C3=C(OC2=O)C=CC=C3)C(=O)OC2=C1C=CC=C2,"-6,8",,,,"1,54","2,07","-0,01926851944",FALSE,1944.0,1.0
CHEMBL494,DB01088,Iloprost,B01AC11,Кровь и органы кроветворения,Success,"4,66",[H][C@]12C[C@@H](O)[C@H](\C=C\[C@@H](O)C(C)CC#CC)[C@@]1([H])C\C(C2)=C\CCCC(O)=O,"-0,87",,,,"4,22","4,8","-3,050578345",FALSE,2003.0,0.0
CHEMBL349803,DB02925,Piretanide,C03CA03,Сердечно-сосудистая система,Success,"4,68",NS(=O)(=O)C1=CC(=CC(N2CCCC2)=C1OC1=CC=CC=C1)C(O)=O,"-0,62",,,,"2,2","3,92","-0,07822312955",FALSE,,
CHEMBL1072,DB00887,Bumetanide,C03CA02,Сердечно-сосудистая система,Success,"4,69",CCCCNC1=C(OC2=CC=CC=C2)C(=CC(=C1)C(O)=O)S(N)(=O)=O,"2,7",,,,"3,44","2,6","-0,01409757781",FALSE,1983.0,1.0
CHEMBL1046,DB00513,Aminocaproic acid,B02AA01,Кровь и органы кроветворения,Success,"4,73",NCCCCCC(O)=O,"10,21","4,43",,4.43 (at 25 °C),"-2,7","-2,95","-0,5759682633",FALSE,1964.0,1.0
CHEMBL1228,DB03585,Oxyphenbutazone,S01BC02; M02AA04; M01AA03,Органы чувств,Success,"4,73",CCCCC1C(=O)N(N(C1=O)C1=CC=C(O)C=C1)C1=CC=CC=C1,-6,,,,"2,79","2,72","-0,8062280471",FALSE,1960.0,1.0
CHEMBL622,DB00749,Etodolac,M01AB08,Костно-мышечная система,Success,"4,73",CCC1=C2NC3=C(CCOC3(CC)CC(O)=O)C2=CC=C1,"-4,2","4,65",,4.65,"3,39","2,5","-1,889285644",FALSE,1991.0,1.0
CHEMBL527,DB00554,Piroxicam,M02AA07; M01AC01; S01BC06,Костно-мышечная система,Success,"4,76",CN1C(C(=O)NC2=NC=CC=C2)=C(O)C2=C(C=CC=C2)S1(=O)=O,"3,79","6,3",,6.3,"2,2","3,06","0,2358221021",FALSE,1982.0,1.0
CHEMBL542,DB02362,Aminobenzoic acid,D02BA01; D11AX23,Дерматологические препараты,Success,"4,77",NC1=CC=C(C=C1)C(O)=O,"2,69","2,38",,2.38 (at 25 °C),"0,78","0,83","0,458326708",FALSE,,
CHEMBL1131,DB00459,Acitretin,D05BB02,Дерматологические препараты,Success,"4,77",COC1=C(C)C(C)=C(\C=C\C(\C)=C\C=C\C(\C)=C\C(O)=O)C(C)=C1,"-4,8",,,,"5,2","6,4","-0,4609564287",FALSE,1996.0,1.0
CHEMBL2106261,DB08794,Ethyl biscoumacetate,B01AA08,Кровь и органы кроветворения,Success,"4,82",CCOC(=O)C(C1=C(O)C2=CC=CC=C2OC1=O)C1=C(O)C2=CC=CC=C2OC1=O,"-6,7",,,,"2,18",,"-0,4933827724",FALSE,,
CHEMBL719,DB00410,Mupirocin,D06AX09; R01AX06,Дерматологические препараты,Success,"4,83",C[C@H](O)[C@H](C)[C@@H]1O[C@H]1C[C@H]1CO[C@@H](C\C(C)=C\C(=O)OCCCCCCCCC(O)=O)[C@H](O)[C@@H]1O,"-2,7",,,,"2,25",,"-2,426077114",FALSE,1987.0,0.0
CHEMBL290106,DB04813,Bithionol,P02BX01; D10AB01,Противопаразитарные препараты,Success,"4,89",OC1=C(SC2=C(O)C(Cl)=CC(Cl)=C2)C=C(Cl)C=C1Cl,"-7,2","4,82",,4.82,"6,12",,"-0,2398560851",FALSE,,0.0
CHEMBL711,DB00498,Phenindione,B01AA02,Кровь и органы кроветворения,Success,"4,92",O=C1C(C(=O)C2=CC=CC=C12)C1=CC=CC=C1,"-7,5",,,,"3,1","2,9","-0,2707958249",FALSE,1982.0,1.0
CHEMBL1208,DB00827,Cinoxacin,J01MB06,Противомикробные (системные),Success,"4,93",CCN1N=C(C(O)=O)C(=O)C2=CC3=C(OCO3)C=C12,"-4,7",,,,"1,25","1,5","-0,8155200534",FALSE,1980.0,1.0
CHEMBL1071,DB00991,Oxaprozin,M01AE12,Костно-мышечная система,Success,"4,95",OC(=O)CCC1=NC(=C(O1)C1=CC=CC=C1)C1=CC=CC=C1,"-0,59","4,3",,4.3,"3,33","4,19","-0,1879050394",FALSE,1992.0,1.0
CHEMBL496,DB00756,Hexachlorophene,D08AE01,Дерматологические препараты,Success,"5,15",OC1=C(CC2=C(O)C(Cl)=CC(Cl)=C2Cl)C(Cl)=C(Cl)C=C1Cl,"-7,4","4,95",,4.95,"6,77","7,54","0,04437361223",FALSE,1949.0,0.0
CHEMBL1200907,DB01108,Trilostane,H02CA01,Гормональные препараты (системные),Success,"5,23",[H][C@@]12CC[C@H](O)[C@@]1(C)CC[C@@]1([H])[C@@]2([H])CC[C@@]23O[C@@H]2C(O)=C(C[C@]13C)C#N,"-0,88",,,,"2,41",3,"-3,468259762",FALSE,1984.0,1.0
CHEMBL826,DB00467,Enoxacin,J01MA04,Противомикробные (системные),Success,"5,31",CCN1C=C(C(O)=O)C(=O)C2=CC(F)=C(N=C12)N1CCNCC1,"8,68",,,,"-0,97","-0,2","1,256469311",TRUE,1991.0,1.0
CHEMBL4,DB01165,Ofloxacin,S01AE01; J01MA01; S02AA16,Органы чувств,Success,"5,35",CC1COC2=C3N1C=C(C(O)=O)C(=O)C3=CC(F)=C2N1CCN(C)CC1,"6,72",,,,"-0,02","-0,39","0,8348254783",TRUE,1990.0,1.0
CHEMBL33,DB01137,Levofloxacin,J01MA12; S01AE05,Противомикробные (системные),Success,"5,35",C[C@H]1COC2=C3N1C=C(C(O)=O)C(=O)C3=CC(F)=C2N1CCN(C)CC1,"6,72","6,25",,6.25,"-0,02","2,1","0,8348254783",TRUE,1996.0,1.0
CHEMBL430,DB01155,Gemifloxacin,J01MA15,Противомикробные (системные),Success,"5,35",CO\N=C1/CN(CC1CN)C1=NC2=C(C=C1F)C(=O)C(=CN2C1CC1)C(O)=O,"9,41",,,,"-0,82","2,3","0,4323518224",FALSE,2003.0,1.0
CHEMBL277100,DB01405,Temafloxacin,J01MA05,Противомикробные (системные),Success,"5,41",CC1CN(CCN1)C1=C(F)C=C2C(=O)C(=CN(C2=C1)C1=C(F)C=C(F)C=C1)C(O)=O,"8,85",,,,"0,94","-0,2","1,58756454",TRUE,1992.0,0.0
CHEMBL428,DB00685,Trovafloxacin,J01MA13,Противомикробные (системные),Success,"5,41",[H][C@@]12CN(C[C@]1([H])[C@H]2N)C1=NC2=C(C=C1F)C(=O)C(=CN2C1=C(F)C=C(F)C=C1)C(O)=O,"9,44",,,,"0,86","0,31","1,714801738",TRUE,1997.0,1.0
CHEMBL561,DB00978,Lomefloxacin,J01MA07; S01AE04,Противомикробные (системные),Success,"5,45",CCN1C=C(C(O)=O)C(=O)C2=CC(F)=C(N3CCNC(C)C3)C(F)=C12,"8,78",,,,0,"-0,3","1,113111842",TRUE,1992.0,1.0
CHEMBL1201760,DB06771,Besifloxacin,S01AE08,Органы чувств,Success,"5,45",N[C@@H]1CCCCN(C1)C1=C(F)C=C2C(=O)C(=CN(C3CC3)C2=C1Cl)C(O)=O,"9,84",6,7,6.0-7.0,"0,7",,"0,6487969258",TRUE,2009.0,0.0
CHEMBL885,DB00879,Emtricitabine,J05AF09,Противомикробные (системные),Success,"5,47",NC1=NC(=O)N(C=C1F)[C@@H]1CS[C@H](CO)O1,"0,56","2,65",,2.65,"-0,3","-0,43","0,1265406943",FALSE,,
CHEMBL973,DB08880,Teriflunomide,L04AK02,Противоопухолевые препараты и иммуномодуляторы,Success,"5,48",C\C(O)=C(/C#N)C(=O)NC1=CC=C(C=C1)C(F)(F)F,"-3,2",,,,"2,3",,"1,073462612",TRUE,2012.0,1.0
CHEMBL31,DB01044,Gatifloxacin,J01MA16; S01AE06,Противомикробные (системные),Success,"5,49",COC1=C2N(C=C(C(O)=O)C(=O)C2=CC(F)=C1N1CCNC(C)C1)C1CC1,"8,82",,,,"-0,23","2,6","0,2183472511",FALSE,1999.0,1.0
CHEMBL32,DB00218,Moxifloxacin,J01MA14; S01AE07,Противомикробные (системные),Success,"5,49",[H][C@]12CN(C[C@@]1([H])NCCC2)C1=C(F)C=C2C(=O)C(=CN(C3CC3)C2=C1OC)C(O)=O,"9,51",,,,"0,01","2,9","0,1480742506",FALSE,1999.0,1.0
CHEMBL1450,DB01117,Atovaquone,P01AX06,Противопаразитарные препараты,Success,"5,53",OC1=C([C@H]2CC[C@@H](CC2)C2=CC=C(Cl)C=C2)C(=O)C2=CC=CC=C2C1=O,"-5,3",,,,"4,74","5,8","-0,3545776345",FALSE,1992.0,1.0
CHEMBL267648,DB00487,Pefloxacin,J01MA03,Противомикробные (системные),Success,"5,55",CCN1C=C(C(O)=O)C(=O)C2=CC(F)=C(C=C12)N1CCN(C)CC1,"7,01",,,,"0,2","0,27","1,562826283",TRUE,,
CHEMBL8,DB00537,Ciprofloxacin,S01AE03; S02AA15; S03AA07; J01MA02,Органы чувств,Success,"5,56",OC(=O)C1=CN(C2CC2)C2=CC(N3CCNCC3)=C(F)C=C2C1=O,"8,77","06,09",,06.09,"-0,57","0,28","1,505916663",TRUE,1987.0,1.0
CHEMBL850,DB01208,Sparfloxacin,J01MA09,Противомикробные (системные),Success,"5,56",C[C@H]1CN(C[C@@H](C)N1)C1=C(F)C(N)=C2C(=O)C(=CN(C3CC3)C2=C1F)C(O)=O,"8,88",,,,"-0,07","2,5","0,1806627026",FALSE,1996.0,1.0
CHEMBL1464,DB00682,Warfarin,B01AA03,Кровь и органы кроветворения,Success,"5,56",CC(=O)CC(C1=CC=CC=C1)C1=C(O)C2=C(OC1=O)C=CC=C2,"-6,9",5,,5.0,"2,41","2,7","-0,944481273",FALSE,1954.0,1.0
CHEMBL9,DB01059,Norfloxacin,J01MA06; S01AE02,Противомикробные (системные),Success,"5,58",CCN1C=C(C(O)=O)C(=O)C2=CC(F)=C(C=C12)N1CCNCC1,"8,77",,,,"-0,47","-1,03","1,65028672",TRUE,1986.0,1.0
CHEMBL316160,DB14018,Bromotheophylline,R03DA20,Дыхательная система,No ATC,"5,58",CN1C2=C(NC(Br)=N2)C(=O)N(C)C1=O,-3,"5,45",,5.45,"0,23",,"-1,43997135",FALSE,,
CHEMBL1324,DB00323,Tolcapone,N04BX01,Нервная система,Success,"5,59",CC1=CC=C(C=C1)C(=O)C1=CC(=C(O)C(O)=C1)[N+]([O-])=O,"-6,5",,,,"2,63",4,"0,01515820431",FALSE,1997.0,1.0
CHEMBL232201,DB13277,Benziodarone,C01DX04; C01DX54,Сердечно-сосудистая система,Success,"5,61",CCC1=C(C(=O)C2=CC(I)=C(O)C(I)=C2)C2=CC=CC=C2O1,-3,,,,"5,8",,"-0,1534905657",FALSE,,0.0
CHEMBL2105637,DB11943,Delafloxacin,J01MA23,Противомикробные (системные),Success,"5,62",NC1=NC(N2C=C(C(O)=O)C(=O)C3=CC(F)=C(N4CC(O)C4)C(Cl)=C23)=C(F)C=C1F,"-1,3",,,,"1,67",,"1,495514032",TRUE,2017.0,1.0
CHEMBL1465,DB00946,Phenprocoumon,B01AA04,Кровь и органы кроветворения,Success,"5,67",CCC(C1=CC=CC=C1)C1=C(O)C2=C(OC1=O)C=CC=C2,"-6,9",,,,"3,81","3,62","-0,6338463008",FALSE,1957.0,1.0
CHEMBL583,DB00365,Grepafloxacin,J01MA11,Противомикробные (системные),Success,"5,68",CC1CN(CCN1)C1=C(F)C(C)=C2C(=O)C(=CN(C3CC3)C2=C1)C(O)=O,"8,86",,,,"-0,12","2,9","-0,08945559977",FALSE,1997.0,1.0
CHEMBL539423,DB12548,Sparsentan,C09XX01,Сердечно-сосудистая система,Success,"5,69",CCCCC1=NC2(CCCC2)C(=O)N1CC1=CC=C(C(COCC)=C1)C1=CC=CC=C1S(=O)(=O)NC1=NOC(C)=C1C,"3,52",,,,"5,56",,"-0,9805466263",FALSE,,
CHEMBL2051955,DB00922,Levosimendan,C01CX08,Сердечно-сосудистая система,Success,"5,77",C[C@@H]1CC(=O)NN=C1C1=CC=C(NN=C(C#N)C#N)C=C1,"2,24",,,,"2,69",,"-1,401069212",FALSE,,
CHEMBL370252,DB08972,Flumequine,J01MB07,Противомикробные (системные),Success,"5,81",CC1CCC2=CC(F)=CC3=C2N1C=C(C(O)=O)C3=O,"-4,3",,,,"1,62",,"0,987550503",TRUE,,
CHEMBL70418,DB00349,Clobazam,N05BA09,Нервная система,Success,"5,82",CN1C2=C(C=C(Cl)C=C2)N(C2=CC=CC=C2)C(=O)CC1=O,"-6,7",,,,"2,14","2,12","-0,6506746304",FALSE,2005.0,1.0
CHEMBL191,DB00678,Losartan,C09CA01,Сердечно-сосудистая система,Success,"5,85",CCCCC1=NC(Cl)=C(CO)N1CC1=CC=C(C=C1)C1=CC=CC=C1C1=NNN=N1,"3,85","5,5",,5.5,"4,5","1,19","-0,3443221845",FALSE,1995.0,1.0
CHEMBL1513,DB01029,Irbesartan,C09CA04,Сердечно-сосудистая система,Success,"5,85",CCCCC1=NC2(CCCC2)C(=O)N1CC1=CC=C(C=C1)C1=CC=CC=C1C1=NNN=N1,"4,12",,,,"4,51","4,5","-0,7599991081",FALSE,1997.0,1.0
CHEMBL1255800,DB08874,Fidaxomicin,A07AA12,ЖКТ и обмен веществ,Success,"5,87",[H][C@@]1(O[C@@H]2[C@@H](CC)\C=C(C)\[C@@H](O)C\C=C\C=C(CO[C@@H]3O[C@H](C)[C@@H](OC(=O)C4=C(CC)C(Cl)=C(O)C(Cl)=C4O)[C@H](O)[C@@H]3OC)\C(=O)O[C@@H](C\C=C(/C)\C=C2/C)[C@@H](C)O)OC(C)(C)[C@@H](OC(=O)C(C)C)[C@H](O)[C@@H]1O,"-1,4",,,,"5,59",,"-1,37494081",FALSE,,
CHEMBL1525826,DB00664,Sulfametopyrazine,J01ED02,Противомикробные (системные),Success,"5,91",COC1=NC=CN=C1NS(=O)(=O)C1=CC=C(N)C=C1,"1,98",,,,"0,41","0,7","-0,2501210362",FALSE,,
CHEMBL2028661,DB08822,Azilsartan medoxomil,C09CA09,Сердечно-сосудистая система,Success,"5,91",CCOC1=NC2=C(N1CC1=CC=C(C=C1)C1=CC=CC=C1C1=NOC(=O)N1)C(=CC=C2)C(=O)OCC1=C(C)OC(=O)O1,"1,48",,,,"4,94",,"-1,154749839",FALSE,2011.0,1.0
CHEMBL1148,DB00214,Torasemide,C03CA04,Сердечно-сосудистая система,Success,"5,92",CC(C)NC(=O)NS(=O)(=O)C1=C(NC2=CC=CC(C)=C2)C=CN=C1,"4,2","7,1",,7.1,"1,76","3,36","-0,6303824632",FALSE,1993.0,1.0
CHEMBL222559,DB00932,Tipranavir,J05AE09,Противомикробные (системные),Success,"5,96",[H][C@@](CC)(C1=CC(NS(=O)(=O)C2=NC=C(C=C2)C(F)(F)F)=CC=C1)C1=C(O)C[C@@](CCC)(CCC2=CC=CC=C2)OC1=O,"-2,3",,,,"6,29","6,9","0,5256304265",TRUE,2005.0,1.0
CHEMBL1534,DB00140,Riboflavin,S01XA26; A11HA04,Органы чувств,Success,"5,97",CC1=C(C)C=C2N(C[C@H](O)[C@H](O)[C@H](O)CO)C3=NC(=O)NC(=O)C3=NC2=C1,"-0,19","10,2",,10.2,-1,"-1,46","-0,6004840147",FALSE,1993.0,0.0
CHEMBL204656,DB09101,Elvitegravir,J05AJ02,Противомикробные (системные),Success,"5,97",[H][C@@](CO)(C(C)C)N1C=C(C(O)=O)C(=O)C2=C1C=C(OC)C(CC1=C(F)C(Cl)=CC=C1)=C2,"-0,53",,,,"3,66",,"0,7794791592",TRUE,2012.0,1.0
CHEMBL291157,DB00817,Rosoxacin,J01MB01,Противомикробные (системные),Success,6,CCN1C=C(C(O)=O)C(=O)C2=C1C=C(C=C2)C1=CC=NC=C1,"4,89",,,,"1,85",3,"0,23294116",FALSE,,
CHEMBL443,DB01015,Sulfamethoxazole,J01EC01,Противомикробные (системные),Success,"6,16",CC1=CC(NS(=O)(=O)C2=CC=C(N)C=C2)=NO1,"1,97",,,,"0,79","0,89","-0,749132503",FALSE,1973.0,1.0
CHEMBL700,DB00891,Sulfapyridine,J01EB04,Противомикробные (системные),Success,"6,24",NC1=CC=C(C=C1)S(=O)(=O)NC1=CC=CC=N1,"2,14","8,43",,8.43,"0,84","0,35","-0,1357581784",FALSE,1939.0,1.0
CHEMBL226335,DB01698,Rutin,C05CA01; C05CA51,Сердечно-сосудистая система,Success,"6,37",C[C@@H]1O[C@@H](OC[C@H]2O[C@@H](OC3=C(OC4=CC(O)=CC(O)=C4C3=O)C3=CC(O)=C(O)C=C3)[C@H](O)[C@@H](O)[C@@H]2O)[C@H](O)[C@H](O)[C@H]1O,"-3,7",,,,"0,15",,"0,6888659086",TRUE,,
CHEMBL20,DB00819,Acetazolamide,S01EC01,Органы чувств,Success,"6,55",CC(=O)NC1=NN=C(S1)S(N)(=O)=O,"-3,3","7,2",,7.2,"-0,39","-0,26","-1,719978901",FALSE,1953.0,1.0
CHEMBL1471,DB00673,Aprepitant,A04AD12,ЖКТ и обмен веществ,Success,"6,59",C[C@@H](O[C@H]1OCCN(CC2=NNC(=O)N2)[C@H]1C1=CC=C(F)C=C1)C1=CC(=CC(=C1)C(F)(F)F)C(F)(F)F,"3,63",,,,"2,44","4,5","1,222268201",TRUE,2003.0,1.0
CHEMBL408,DB00197,Troglitazone,A10BG01,ЖКТ и обмен веществ,Success,"6,61",CC1=C(C)C2=C(CCC(C)(COC3=CC=C(CC4SC(=O)NC4=O)C=C3)O2)C(C)=C1O,"-4,6",,,,"4,16","3,6","-1,328952858",FALSE,1997.0,1.0
CHEMBL476,DB00851,Dacarbazine,L01AX04,Противоопухолевые препараты и иммуномодуляторы,Success,"6,64",CN(C)\N=N\C1=C(N=CN1)C(N)=O,"1,72",,,,"-0,32","-0,24","-1,154154609",FALSE,1975.0,0.0
CHEMBL595,DB01132,Pioglitazone,A10BG03,ЖКТ и обмен веществ,Success,"6,66",CCC1=CN=C(CCOC2=CC=C(CC3SC(=O)NC3=O)C=C2)C=C1,"5,6","5,19",,5.19,"3,17",,"-1,087178215",FALSE,1999.0,1.0
CHEMBL1617,DB01220,Rifaximin,D06AX11; A07AA11,Дерматологические препараты,Success,"6,69",CO[C@H]1\C=C\O[C@@]2(C)OC3=C(C)C(O)=C4C(O)=C(NC(=O)\C(C)=C/C=C/[C@H](C)[C@H](O)[C@@H](C)[C@@H](O)[C@@H](C)[C@H](OC(C)=O)[C@@H]1C)C1=C(N=C5C=C(C)C=CN15)C4=C3C2=O,"5,88",,,,"4,94","2,6","-2,257368449",FALSE,2004.0,1.0
CHEMBL4594438,DB15673,Lenacapavir,J05AX31,Противомикробные (системные),Success,"6,69",[H][C@]12C[C@@]1([H])C(F)(F)C1=C2C(=NN1CC(=O)N[C@@H](CC1=CC(F)=CC(F)=C1)C1=NC(=CC=C1C1=CC=C(Cl)C2=C1N(CC(F)(F)F)N=C2NS(C)(=O)=O)C#CC(C)(C)S(C)(=O)=O)C(F)(F)F,"1,91",,,,"6,47",,"0,4803820814",FALSE,2022.0,1.0
CHEMBL1191,DB00576,Sulfamethizole,J01EB02; B05CA04; S01AB01; D06BA04,Противомикробные (системные),Success,"6,71",CC1=NN=C(NS(=O)(=O)C2=CC=C(N)C=C2)S1,"1,95",,,,"0,53","0,54","-0,5362026364",FALSE,1953.0,1.0
CHEMBL4299940,DB16236,Mitapivat,B06AX04,Кровь и органы кроветворения,Success,"6,79",O=C(N1CCN(CC2CC2)CC1)C1=CC=C(NS(=O)(=O)C2=CC=CC3=C2N=CC=C3)C=C1,"7,64",,,,"3,08",,"-0,8718493519",FALSE,2022.0,1.0
CHEMBL1109,DB06729,Sulfaphenazole,S01AB05; J01ED08,Органы чувств,Success,"6,82",NC1=CC=C(C=C1)S(=O)(=O)NC1=CC=NN1C1=CC=CC=C1,"2,44",,,,"1,59","1,52","-0,1109529411",FALSE,1982.0,1.0
CHEMBL1413,DB01188,Ciclopirox,D01AE14; G01AX12,Дерматологические препараты,Success,"6,84",CC1=CC(=O)N(O)C(=C1)C1CCCCC1,"-6,2",,,,"2,15","2,3","-1,099327374",FALSE,1982.0,0.0
CHEMBL121,DB00412,Rosiglitazone,A10BG02,ЖКТ и обмен веществ,Success,"6,84",CN(CCOC1=CC=C(CC2SC(=O)NC2=O)C=C1)C1=CC=CC=N1,"6,23",,,,"2,95","2,4","-1,006187783",FALSE,1999.0,1.0
CHEMBL1356238,DB06815,Pyrithione,D11AX12,Дерматологические препараты,Success,"6,84",[O-][N+]1=C(S)C=CC=C1,"0,66",,,,"0,87",,"-0,6587218148",FALSE,,
CHEMBL268869,,SULFAMETHOXYPYRIDAZINE,J01ED05,Противомикробные (системные),,"6,84",COc1ccc(NS(=O)(=O)c2ccc(N)cc2)nn1,"2,02",,,,"0,87",,"-0,2909896389",FALSE,,0.0
CHEMBL1448,DB06803,Niclosamide,P02DA01,Противопаразитарные препараты,Success,"6,89",OC1=C(C=C(Cl)C=C1)C(=O)NC1=C(Cl)C=C(C=C1)[N+]([O-])=O,"-4,4",,,,"4,49",,"0,09438690532",FALSE,1982.0,1.0
CHEMBL282724,DB06268,Sitaxentan,C02KX03,Сердечно-сосудистая система,Success,"6,89",CC1=NOC(NS(=O)(=O)C2=C(SC=C2)C(=O)CC2=CC3=C(OCO3)C=C2C)=C1Cl,"0,75",,,,"3,35",,"-0,9881014895",FALSE,2006.0,1.0
CHEMBL62193,DB06150,Sulfadimethoxine,J01ED01,Противомикробные (системные),Success,"6,91",COC1=NC(OC)=NC(NS(=O)(=O)C2=CC=C(N)C=C2)=C1,"1,99",,,,"1,08","1,63","-0,4173720087",FALSE,,0.0
CHEMBL1697838,DB01382,Glymidine,A10BC01,ЖКТ и обмен веществ,Success,"6,92",COCCOC1=CN=C(NS(=O)(=O)C2=CC=CC=C2)N=C1,"-2,4",,,,"1,27",,"-0,3252404331",FALSE,,
CHEMBL437,DB06147,Sulfathiazole,D06BA02; J01EB07,Дерматологические препараты,Success,"6,93",NC1=CC=C(C=C1)S(=O)(=O)NC1=NC=CS1,"2,04","7,2",,7.2,"0,88","0,05","-0,7934236646",FALSE,1945.0,0.0
CHEMBL444633,DB00615,Rifabutin,J04AB04,Противомикробные (системные),Success,"6,93",CO[C@H]1\C=C\O[C@@]2(C)OC3=C(C2=O)C2=C(C(O)=C3C)C(=O)C(NC(=O)\C(C)=C/C=C/[C@H](C)[C@H](O)[C@@H](C)[C@@H](O)[C@@H](C)[C@H](OC(C)=O)[C@@H]1C)=C1NC3(CCN(CC3)CC(C)C)N=C21,"9,03",,,,"4,25","4,1","-2,561837093",FALSE,1992.0,1.0
,DB14048,Sodium zirconium cyclosilicate,V03AE10,Прочие препараты,,"6,97",[Na+].[Na+].[Zr].[O-][Si]1([O-])O[Si]([O-])([O-])O[Si]([O-])([O-])O1,"-4,4",,,,"-3,8",,"0,5490717537",TRUE,,
CHEMBL4535757,DB15569,Sotorasib,L01XX73,Противоопухолевые препараты и иммуномодуляторы,Success,"6,98",CC(C)C1=NC=CC(C)=C1N1C(=O)N=C(N2CCN(C[C@@H]2C)C(=O)C=C)C2=CC(F)=C(N=C12)C1=C(O)C=CC=C1F,"4,74","8,06","4,56","8.06, 4.56","3,6",,"0,2899460437",FALSE,2021.0,1.0
CHEMBL439,DB00359,Sulfadiazine,J01EC02; D06BA01; D06BA51,Противомикробные (системные),Success,"6,99",NC1=CC=C(C=C1)S(=O)(=O)NC1=NC=CC=N1,"2,01","6,36",,6.36,"0,25","-0,09","-0,2022988116",FALSE,1941.0,1.0
CHEMBL438,DB01581,Sulfamerazine,J01ED07; D06BA06,Противомикробные (системные),Success,"6,99",CC1=NC(NS(=O)(=O)C2=CC=C(N)C=C2)=NC=C1,2,,,,"0,44","0,14","-0,5653149654",FALSE,1982.0,1.0
CHEMBL446,DB01582,Sulfamethazine,J01EB03,Противомикробные (системные),Success,"6,99",CC1=CC(C)=NC(NS(=O)(=O)C2=CC=C(N)C=C2)=N1,2,"7,59",,7.59,"0,43","0,89","-0,3827367584",FALSE,1949.0,1.0
CHEMBL1660,DB01201,Rifapentine,J04AB05,Противомикробные (системные),Success,"6,99",CO[C@H]1\C=C\O[C@@]2(C)OC3=C(C2=O)C2=C(C(O)=C3C)C(O)=C(NC(=O)\C(C)=C/C=C/[C@H](C)[C@H](O)[C@@H](C)[C@@H](O)[C@@H](C)[C@H](OC(C)=O)[C@@H]1C)C(\C=N\N1CCN(CC1)C1CCCC1)=C2O,"7,88",,,,"4,83",4,"-2,605649384",FALSE,1998.0,1.0
CHEMBL224325,DB13306,Chlorquinaldol,R02AA11; G01AC03; D08AH02; P01AA04,Дыхательная система,Success,"6,99",CC1=NC2=C(C=C1)C(Cl)=CC(Cl)=C2O,4,,,,"3,82",,"-0,339995408",FALSE,,
CHEMBL1382627,DB05245,Silver sulfadiazine,D06BA01; G01AE10; D06BA51,Дерматологические препараты,No Drug Record,"6,99",[Ag+].NC1=CC=C(C=C1)S(=O)(=O)[N-]C1=NC=CC=N1,"2,01",,,,"0,19",,"-0,2439808188",FALSE,,
CHEMBL1614,DB01078,Deslanoside,C01AA07,Сердечно-сосудистая система,Success,"7,15",C[C@H]1O[C@H](C[C@H](O)[C@@H]1O[C@H]1C[C@H](O)[C@H](O[C@H]2C[C@H](O)[C@H](O[C@@H]3O[C@H](CO)[C@@H](O)[C@H](O)[C@H]3O)[C@@H](C)O2)[C@@H](C)O1)O[C@H]1CC[C@@]2(C)[C@H](CC[C@@H]3[C@@H]2C[C@@H](O)[C@]2(C)[C@H](CC[C@]32O)C2=CC(=O)OC2)C1,"-3,2",,,,"-0,49","0,2","-1,276867722",FALSE,1982.0,0.0
CHEMBL1751,DB00390,Digoxin,C01AA05,Сердечно-сосудистая система,Success,"7,15",[H][C@]12CC[C@]3([H])[C@]([H])(C[C@@H](O)[C@]4(C)[C@H](CC[C@]34O)C3=CC(=O)OC3)[C@@]1(C)CC[C@@H](C2)O[C@H]1C[C@H](O)[C@H](O[C@H]2C[C@H](O)[C@H](O[C@H]3C[C@H](O)[C@H](O)[C@@H](C)O3)[C@@H](C)O2)[C@@H](C)O1,-3,-3,"7,15","-3, 7.15","1,04","2,37","-2,111663414",FALSE,1975.0,1.0
CHEMBL2028663,DB08912,Dabrafenib,L01EC02,Противоопухолевые препараты и иммуномодуляторы,Success,"7,16",CC(C)(C)C1=NC(=C(S1)C1=NC(N)=NC=C1)C1=C(F)C(NS(=O)(=O)C2=C(F)C=CC=C2F)=CC=C1,"2,97","-1,5",,-1.5,"5,44","2,9","0,9175336812",TRUE,2013.0,1.0
CHEMBL222863,DB01092,Ouabain,C01AC01,Сердечно-сосудистая система,Success,"7,18",[H][C@@]12CC[C@]3(O)C[C@H](C[C@@H](O)[C@]3(CO)[C@@]1([H])[C@H](O)C[C@]1(C)[C@H](CC[C@]21O)C1=CC(=O)OC1)O[C@@H]1O[C@@H](C)[C@H](O)[C@@H](O)[C@H]1O,"-2,9",,,,-1,-2,"-2,112372717",FALSE,,
CHEMBL185,DB00544,Fluorouracil,L01BC52; L01BC02,Противоопухолевые препараты и иммуномодуляторы,Success,"7,18",FC1=CNC(=O)NC1=O,-8,"08,02",,08.02,"-0,58","-0,89","3,916624648",TRUE,1962.0,0.0
CHEMBL254219,DB01396,Digitoxin,C01AA04,Сердечно-сосудистая система,Success,"7,18",[H][C@@]1(CC[C@]2(O)[C@]3([H])CC[C@]4([H])C[C@H](CC[C@]4(C)[C@@]3([H])CC[C@]12C)O[C@H]1C[C@H](O)[C@H](O[C@H]2C[C@H](O)[C@H](O[C@H]3C[C@H](O)[C@H](O)[C@@H](C)O3)[C@@H](C)O2)[C@@H](C)O1)C1=CC(=O)OC1,"0,24",,,,"2,33","1,85","-2,021119854",FALSE,1982.0,0.0
CHEMBL3545057,DB00511,Acetyldigitoxin,C01AA01,Сердечно-сосудистая система,Success,"7,18",[H][C@@]1(CC[C@]2(O)[C@]3([H])CC[C@]4([H])C[C@H](CC[C@]4(C)[C@@]3([H])CC[C@]12C)O[C@H]1C[C@H](O)[C@H](O[C@H]2C[C@H](O)[C@H](O[C@H]3C[C@H](OC(C)=O)[C@H](O)[C@@H](C)O3)[C@@H](C)O2)[C@@H](C)O1)C1=CC(=O)OC1,"0,24",,,,"2,87","3,7","-1,956285255",FALSE,1982.0,1.0
CHEMBL2105233,DB13253,Proxibarbal,N05CA22,Нервная система,Success,"7,18",CC(O)CC1(CC=C)C(=O)NC(=O)NC1=O,"-2,5",,,,"-0,13",,"-1,337682097",FALSE,,0.0
CHEMBL19,DB00703,Methazolamide,S01EC05,Органы чувств,Success,"7,21",CN1N=C(S\C1=N\C(C)=O)S(N)(=O)=O,"-6,1","7,3",,7.30,"-0,2","0,13","-0,9108187333",FALSE,1959.0,1.0
CHEMBL231884,DB08995,Diosmin,C05CA53; C05CA03,Сердечно-сосудистая система,Success,"7,31",COC1=C(O)C=C(C=C1)C1=CC(=O)C2=C(O)C=C(O[C@@H]3O[C@H](CO[C@@H]4O[C@@H](C)[C@H](O)[C@@H](O)[C@H]4O)[C@@H](O)[C@H](O)[C@H]3O)C=C2O1,"-3,6","6,1",,6.10±0.40,"0,08","2,05","0,611045204",TRUE,,0.0
CHEMBL497,DB04815,Clioquinol,P01AA02; D09AA10; D08AH30; P01AA52; G01AC02; S02AA05,Противопаразитарные препараты,Success,"7,34",OC1=C(I)C=C(Cl)C2=C1N=CC=C2,"3,28",,,,"3,66",,"-0,3146256366",FALSE,1934.0,0.0
CHEMBL86754,DB09115,Diiodohydroxyquinoline,G01AC01,Мочеполовая система и половые гормоны,Success,"7,39",OC1=C2N=CC=CC2=C(I)C=C1I,"3,34",,,,"3,93",,"-0,5203833696",FALSE,,
CHEMBL1337,DB00348,Nitisinone,A16AX04,ЖКТ и обмен веществ,Success,"7,44",[O-][N+](=O)C1=C(C=CC(=C1)C(F)(F)F)C(=O)C1C(=O)CCCC1=O,"-7,3",,,,"2,06","1,6","1,300082377",TRUE,2002.0,1.0
CHEMBL3707334,DB13235,Perboric acid,A01AB19,ЖКТ и обмен веществ,Success,"7,47",OOB=O,"-6,1",,,,"0,48",,"-3,580887469",FALSE,,
CHEMBL18,DB00311,Ethoxzolamide,G01AE10,Мочеполовая система и половые гормоны,No ATC,"7,51",CCOC1=CC2=C(C=C1)N=C(S2)S(N)(=O)=O,"-1,9",,,,"1,87","2,01","-0,2923289789",FALSE,1982.0,1.0
CHEMBL189,DB00235,Milrinone,C01CE02,Сердечно-сосудистая система,Success,"7,54",CC1=C(C=C(C#N)C(=O)N1)C1=CC=NC=C1,"4,82",,,,"1,04",,"-1,165855634",FALSE,1987.0,0.0
CHEMBL1420,DB00733,Pralidoxime,V03AB04,Прочие препараты,Success,"7,63",C[N+]1=C(\C=N\O)C=CC=C1,"-1,1",,,,-3,"1,56","0,7284935304",TRUE,1964.0,1.0
CHEMBL849,DB08604,Triclosan,D08AE04; D09AA06,Дерматологические препараты,Success,"7,68",OC1=CC(Cl)=CC=C1OC1=C(Cl)C=C(Cl)C=C1,"-3,8","7,9",,7.9,"5,53",,"-0,2082772135",FALSE,1997.0,0.0
CHEMBL7413,DB00474,Methohexital,N05CA15; N01AF01,Нервная система,Success,"7,73",CCC#CC(C)C1(CC=C)C(=O)NC(=O)N(C)C1=O,"-1,5",,,,"2,29","1,8","-2,814696739",FALSE,1960.0,0.0
CHEMBL2103873,DB08932,Macitentan,C02KX04,Сердечно-сосудистая система,Success,"7,76",CCCNS(=O)(=O)NC1=C(C(OCCOC2=NC=C(Br)C=N2)=NC=N1)C1=CC=C(Br)C=C1,"3,26",,,,"3,05",,"-0,5668790591",FALSE,2010.0,1.0
CHEMBL2396661,DB12015,Alpelisib,L01EM03,Противоопухолевые препараты и иммуномодуляторы,Success,"7,79",CC1=C(SC(NC(=O)N2CCC[C@H]2C(N)=O)=N1)C1=CC(=NC=C1)C(C)(C)C(F)(F)F,"2,81",,,,"2,76",,"-0,5091462772",FALSE,2019.0,1.0
CHEMBL2165326,DB15059,Aprocitentan,C02KN01,Сердечно-сосудистая система,Success,"7,79",NS(=O)(=O)NC1=C(C(OCCOC2=NC=C(Br)C=N2)=NC=N1)C1=CC=C(Br)C=C1,"3,26",,,,"2,85",,"-0,3234821113",FALSE,,
CHEMBL1370561,DB01223,Aminophylline,R03DA55; R03DA05; R03DA20; R03DB05,Дыхательная система,No Drug Record,"7,82",NCCN.CN1C2=C(NC=N2)C(=O)N(C)C1=O.CN1C2=C(NC=N2)C(=O)N(C)C1=O,"-0,78",,,,"-0,26","-3,03","-1,112548633",FALSE,,
CHEMBL1201774,DB00360,Sapropterin,A16AX07,ЖКТ и обмен веществ,Success,"7,82",[H][C@@]1(CNC2=C(N1)C(=O)NC(N)=N2)[C@@H](O)[C@H](C)O,"0,82",,,,"-1,8","-1,7","-2,877271338",FALSE,2007.0,1.0
CHEMBL190,DB00277,Theophylline,R03DA05; R03DA74; R03DA04; R03DA54; R03DA10; R03DA55; R03DA02,Дыхательная система,Success,"7,82",CN1C2=C(NC=N2)C(=O)N(C)C1=O,"-0,78","8,81",,8.81,"-0,26","-0,02","-1,112548633",FALSE,1940.0,1.0
CHEMBL408513,DB05015,Belinostat,L01XH04,Противоопухолевые препараты и иммуномодуляторы,Success,"7,82",ONC(=O)\C=C\C1=CC=CC(=C1)S(=O)(=O)NC1=CC=CC=C1,"-5,1","7,87","8,71",7.87 and 8.71 by potentiometry,"1,83",,"-0,4133859639",FALSE,2014.0,0.0
CHEMBL1200434,DB01303,Oxtriphylline,R03DA20; R03DB02; R03DA02,Дыхательная система,No Drug Record,"7,82",C[N+](C)(C)CCO.CN1C2=C([N-]C=N2)C(=O)N(C)C1=O,"-0,78",,,,"-0,99",,"-1,078877647",FALSE,,
CHEMBL1237054,DB06810,Plicamycin,L01DC02,Противоопухолевые препараты и иммуномодуляторы,Success,"7,84",CO[C@@H]([C@@H]1CC2=CC3=CC(O[C@H]4C[C@@H](O[C@H]5C[C@@H](O)[C@H](O)[C@@H](C)O5)[C@H](O)[C@@H](C)O4)=C(C)C(O)=C3C(O)=C2C(=O)[C@H]1O[C@H]1C[C@@H](O[C@H]2C[C@@H](O[C@H]3C[C@](C)(O)[C@H](O)[C@@H](C)O3)[C@@H](O)[C@@H](C)O2)[C@H](O)[C@@H](C)O1)C(=O)[C@@H](O)[C@@H](C)O,"-3,6",,,,"-0,23",,"-0,9746787803",FALSE,,
CHEMBL1788385,DB13222,Tilbroquinol,P01AA05,Противопаразитарные препараты,Success,"7,84",CC1=C2C=CC=NC2=C(O)C(Br)=C1,"4,46",,,,"3,11",,"-0,4245246117",FALSE,,0.0
CHEMBL460499,DB09010,Carmofur,L01BC04,Противоопухолевые препараты и иммуномодуляторы,Success,"7,88",CCCCCCNC(=O)N1C=C(F)C(=O)NC1=O,"-8,3",,,,"2,57",,"0,8896119074",TRUE,,
CHEMBL53418,DB04816,Dantron,A06AB53; A06AB03,ЖКТ и обмен веществ,Success,"7,89",OC1=CC=CC2=C1C(=O)C1=C(C=CC=C1O)C2=O,"-5,6",,,,"2,98",,"0,1594488418",FALSE,,0.0
CHEMBL556,DB00746,Deferoxamine,V03AC01,Прочие препараты,Success,"7,92",CC(=O)N(O)CCCCCNC(=O)CCC(=O)N(O)CCCCCNC(=O)CCC(=O)N(O)CCCCCN,"10,23",,,,"0,93","-2,2","-0,9295989781",FALSE,1968.0,0.0
CHEMBL426084,DB12543,Samidorphan,N05AH53,Нервная система,No ATC,"7,92",NC(=O)C1=CC=C2C[C@H]3N(CC4CC4)CC[C@@]4(CC(=O)CC[C@@]34O)C2=C1O,"9,46","8,3","10,1","8.3, 10.1","1,09",,"-3,264472201",FALSE,2021.0,1.0
,DB11123,Hypochlorite,D08AX07,Дерматологические препараты,,"7,93",[O-]Cl,"-5,9",,,,"0,02",,"-0,9226200439",FALSE,,
CHEMBL84,DB01030,Topotecan,L01CE01,Противоопухолевые препараты и иммуномодуляторы,Success,8,CC[C@@]1(O)C(=O)OCC2=C1C=C1N(CC3=CC4=C(C=CC(O)=C4CN(C)C)N=C13)C2=O,"9,75",,,,"1,84","0,8","-1,402604939",FALSE,1996.0,1.0
CHEMBL1096885,DB00385,Valrubicin,L01DB09,Противоопухолевые препараты и иммуномодуляторы,Success,8,[H][C@@]1(C[C@@](O)(CC2=C(O)C3=C(C(O)=C12)C(=O)C1=C(OC)C=CC=C1C3=O)C(=O)COC(=O)CCCC)O[C@H]1C[C@H](NC(=O)C(F)(F)F)[C@H](O)[C@H](C)O1,"-3,4",,,,"2,67","2,2","-0,1493922401",FALSE,1998.0,0.0
CHEMBL218490,DB00869,Dorzolamide,S01EC03,Органы чувств,Success,"8,16",CCN[C@H]1C[C@H](C)S(=O)(=O)C2=C1C=C(S2)S(N)(=O)=O,"6,88",,,,"-0,5",,"-2,509856791",FALSE,1994.0,0.0
CHEMBL220491,DB01194,Brinzolamide,S01EC54; S01EC04,Органы чувств,Success,"8,18",CCN[C@H]1CN(CCCOC)S(=O)(=O)C2=C1C=C(S2)S(N)(=O)=O,"6,5",,,,"-0,65",,"-2,126168377",FALSE,1998.0,0.0
CHEMBL27577,DB08797,Salicylamide,N02BA75; N02BA05; N02BA55,Нервная система,Success,"8,21",NC(=O)C1=CC=CC=C1O,"-0,97","8,37",,8.37 (at 20 °C),"0,74","1,28","-0,3764202495",FALSE,,
CHEMBL572,DB00698,Nitrofurantoin,J01XE51; J01XE01,Противомикробные (системные),Success,"8,23",[O-][N+](=O)C1=CC=C(O1)\C=N\N1CC(=O)NC1=O,"-2,2","7,2",,7.2,"0,03","-0,47","-1,40058373",FALSE,1953.0,1.0
CHEMBL1201288,DB01219,Dantrolene,M03CA01,Костно-мышечная система,Success,"8,23",[O-][N+](=O)C1=CC=C(C=C1)C1=CC=C(O1)\C=N\N1CC(=O)NC1=O,"-1,3",,,,"1,65","1,7","-0,8601667233",FALSE,1974.0,1.0
,DB01575,Kaolin,A07BC02,ЖКТ и обмен веществ,,"8,24",O.O.[Al+3].[Al+3].[O-][Si]([O-])([O-])O[Si]([O-])([O-])[O-],"-4,7",,,,"-3,9",,"0,2506653394",FALSE,,
CHEMBL58,DB01204,Mitoxantrone,L01DB07,Противоопухолевые препараты и иммуномодуляторы,Success,"8,27",OCCNCCNC1=CC=C(NCCNCCO)C2=C1C(=O)C1=C(C(O)=CC=C1O)C2=O,"9,36",,,,"0,91","-3,1","0,00869653007",FALSE,1987.0,0.0
CHEMBL1289494,DB11800,Tivozanib,L01EK03,Противоопухолевые препараты и иммуномодуляторы,Success,"8,27",COC1=C(OC)C=C2C(OC3=CC(Cl)=C(NC(=O)NC4=NOC(C)=C4)C=C3)=CC=NC2=C1,"5,89","11,74",,11.74±0.70,"4,25","4,31","-0,6473420343",FALSE,2017.0,1.0
CHEMBL1463,DB01099,Flucytosine,D01AE21; J02AX01,Дерматологические препараты,Success,"8,31",NC1=C(F)C=NC(=O)N1,"1,78","3,26",,3.26,"-0,69","-1,1","2,105568092",TRUE,1971.0,1.0
CHEMBL1054,DB01021,Trichlormethiazide,C03AA06,Сердечно-сосудистая система,Success,"8,32",NS(=O)(=O)C1=C(Cl)C=C2NC(NS(=O)(=O)C2=C1)C(Cl)Cl,"-4,1","8,6",,8.6,"0,86","0,62","-1,927534182",FALSE,1960.0,1.0
,DB14505,Sodium borate,S01AX07,Органы чувств,,"8,35",[Na+].[Na+].[O-]B1OB2OB([O-])OB(O1)O2,-5,,,,"4,68",,"-0,230253457",FALSE,,
CHEMBL685,DB00643,Mebendazole,P02CA51; P02CA01,Противопаразитарные препараты,Success,"8,44",COC(=O)NC1=NC2=C(N1)C=C(C=C2)C(=O)C1=CC=CC=C1,"3,93",,,,"2,95","2,83","-0,3600839557",FALSE,1974.0,1.0
CHEMBL3301612,DB11718,Encorafenib,L01EC03,Противоопухолевые препараты и иммуномодуляторы,Success,"8,45",COC(=O)N[C@@H](C)CNC1=NC=CC(=N1)C1=CN(N=C1C1=CC(Cl)=CC(NS(C)(=O)=O)=C1F)C(C)C,"3,08",,,,"4,16",,"-0,2392624683",FALSE,2018.0,1.0
CHEMBL788,DB00249,Idoxuridine,J05AB02; D06BB01; S01AD01,Противомикробные (системные),Success,"8,46",OC[C@H]1O[C@H](C[C@@H]1O)N1C=C(I)C(=O)NC1=O,-3,,,,"-0,7","-0,96","-0,477938856",FALSE,1963.0,0.0
CHEMBL4101807,DB14975,Voxelotor,B06AX03,Кровь и органы кроветворения,Success,"8,46",CC(C)N1N=CC=C1C1=C(COC2=CC=CC(O)=C2C=O)C=CC=N1,"3,41","7,67",,7.67±0.10,"3,02","2,85","-0,4877567824",FALSE,2019.0,1.0
CHEMBL1467,DB00437,Allopurinol,M04AA01; M04AA51,Костно-мышечная система,Success,"8,47",OC1=NC=NC2=C1C=NN2,"1,25","10,2",,10.2 (at 25℃),"-0,41","-1,8","-1,491399071",FALSE,1966.0,1.0
CHEMBL46469,DB11157,Anthralin,D05AC51; D05AC01,Дерматологические препараты,Success,"8,47",OC1=CC=CC2=C1C(=O)C1=C(O)C=CC=C1C2,"-5,6",,,,"2,73",,"-0,2548728053",FALSE,,
CHEMBL16,DB00252,Phenytoin,N03AB52; N03AB02,Нервная система,Success,"8,49",O=C1NC(=O)C(N1)(C1=CC=CC=C1)C1=CC=CC=C1,-9,"8,33",,8.33,"2,26","2,47","-0,6823307467",FALSE,1953.0,1.0
CHEMBL1095777,DB05039,Indacaterol,R03AC18,Дыхательная система,Success,"8,51",CCC1=C(CC)C=C2CC(CC2=C1)NC[C@H](O)C1=C2C=CC(=O)NC2=C(O)C=C1,"9,71",,,,"3,31",,"-1,143426195",FALSE,2009.0,0.0
CHEMBL3249705,DB01366,Procaterol,R03CC08; R03AC16,Дыхательная система,No Drug Record,"8,52",CC[C@@H](NC(C)C)[C@@H](O)C1=CC=C(O)C2=C1C=CC(=O)N2,"9,88",,,,"0,88",,"-1,223465174",FALSE,,
CHEMBL1167,DB00919,Spectinomycin,J01XX04,Противомикробные (системные),Success,"8,53",[H][C@@]12O[C@H](C)CC(=O)[C@]1(O)O[C@]1([H])[C@@H](NC)[C@@H](O)[C@@H](NC)[C@H](O)[C@@]1([H])O2,"9,23","6,95",,6.95,"-1,4","-2,3","-2,911077609",FALSE,1971.0,0.0
CHEMBL339427,DB01199,Tubocurarine,M03AA02,Костно-мышечная система,Success,"8,54",[H][C@@]12CC3=CC=C(OC4=C5C(CC[N+](C)(C)[C@]5([H])CC5=CC(OC6=C(OC)C=C(CCN1C)C2=C6)=C(O)C=C5)=CC(OC)=C4O)C=C3,"7,98",,,,"3,12",,"-2,965616618",FALSE,1945.0,0.0
CHEMBL1104,DB01010,Edrophonium,V04CX07,Прочие препараты,Success,"8,59",CC[N+](C)(C)C1=CC(O)=CC=C1,"-6,1",,,,"-1,6","-2,95","0,1677070637",FALSE,1951.0,0.0
CHEMBL1256786,DB00983,Formoterol,R03AC13; R03CC15,Дыхательная система,Success,"8,61",COC1=CC=C(CC(C)NCC(O)C2=CC(NC=O)=C(O)C=C2)C=C1,"9,81",,,,"1,91","2,2","-1,211747829",FALSE,2001.0,0.0
CHEMBL1542,DB00993,Azathioprine,L04AX01,Противоопухолевые препараты и иммуномодуляторы,Success,"8,62",CN1C=NC(=C1SC1=NC=NC2=C1NC=N2)[N+]([O-])=O,"2,16","7,87",,7.87 (at 25 °C),"0,84","0,1","-1,999192215",FALSE,1968.0,1.0
CHEMBL1773,DB01101,Capecitabine,L01BC06,Противоопухолевые препараты и иммуномодуляторы,Success,"8,63",CCCCCOC(=O)NC1=NC(=O)N(C=C1F)[C@@H]1O[C@H](C)[C@@H](O)[C@H]1O,"0,073",,,,"1,17","0,4","0,2769229058",FALSE,1998.0,1.0
CHEMBL411,DB00255,Diethylstilbestrol,G03CC05; L02AA01; G03CB02,Мочеполовая система и половые гормоны,Success,"8,63",CC\C(=C(\CC)C1=CC=C(O)C=C1)C1=CC=C(O)C=C1,"-6,5",,,,"4,62","5,07","-0,3497675416",FALSE,1973.0,1.0
CHEMBL325041,DB00188,Bortezomib,L01XG01,Противоопухолевые препараты и иммуномодуляторы,Success,"8,64",CC(C)C[C@H](NC(=O)[C@H](CC1=CC=CC=C1)NC(=O)C1=CN=CC=N1)B(O)O,"-0,59",,,,"0,89",,"-1,268205385",FALSE,,
CHEMBL2141296,DB09570,Ixazomib,L01XG03,Противоопухолевые препараты и иммуномодуляторы,Success,"8,64",CC(C)C[C@H](NC(=O)CNC(=O)C1=CC(Cl)=CC=C1Cl)B(O)O,"-1,8",,,,"2,06",,"-1,10590907",FALSE,,
CHEMBL130,DB00446,Chloramphenicol,D06AX02; S02AA01; J01BA01; G01AA05; S03AA08; D10AF03; S01AA01,Дерматологические препараты,Success,"8,69",OC[C@@H](NC(=O)C(Cl)Cl)[C@H](O)C1=CC=C(C=C1)[N+]([O-])=O,"-2,8",,,,"1,15","1,14","-1,521578482",FALSE,1950.0,1.0
CHEMBL1589896,DB08957,Hexoprenaline,R03AC06; R03CC05,Дыхательная система,Success,"8,69",OC(CNCCCCCCNCC(O)C1=CC(O)=C(O)C=C1)C1=CC(O)=C(O)C=C1,"10,18",,,,"1,14",,"-0,7106915236",FALSE,,
CHEMBL1057,DB00693,Fluorescein,S01JA51; S01JA01,Органы чувств,Success,"8,72",OC1=CC=C2C(OC3=CC(O)=CC=C3C22OC(=O)C3=C2C=CC=C3)=C1,"-3,7",,,,"2,64","3,4","0,6310104948",TRUE,,
CHEMBL1630575,DB00520,Caspofungin,J02AX04,Противомикробные (системные),Success,"8,75",[H][C@@]12C[C@@H](O)CN1C(=O)[C@@H](NC(=O)[C@]([H])(C[C@@H](O)[C@@H](NCCN)NC(=O)[C@@H]1[C@@H](O)CCN1C(=O)[C@@H](NC(=O)[C@@H](NC2=O)[C@H](O)[C@@H](O)C1=CC=C(O)C=C1)[C@H](O)CCN)NC(=O)CCCCCCCC[C@@H](C)C[C@@H](C)CC)[C@@H](C)O,"9,76",,,,"0,17",0,"-1,971122423",FALSE,,
CHEMBL1055,DB00310,Chlorthalidone,C03BA04,Сердечно-сосудистая система,Success,"8,76",NS(=O)(=O)C1=C(Cl)C=CC(=C1)C1(O)NC(=O)C2=CC=CC=C12,"-2,6",,,,"1,27","0,85","-0,9399854225",FALSE,1960.0,1.0
CHEMBL1488,DB00791,Uracil mustard,L01AD08,Противоопухолевые препараты и иммуномодуляторы,Success,"8,76",ClCCN(CCCl)C1=CNC(=O)NC1=O,"-4,4",,,,"0,79","1,2","0,1961005169",FALSE,1962.0,1.0
CHEMBL1094966,DB01291,Pirbuterol,R03AC08; R03CC07,Дыхательная система,Success,"8,79",CC(C)(C)NCC(O)C1=NC(CO)=C(O)C=C1,"9,59",,,,"0,38",,"-1,168720044",FALSE,1986.0,0.0
CHEMBL292707,DB08955,Ibuproxam,M01AE13,Костно-мышечная система,Success,"8,83",CC(C)CC1=CC=C(C=C1)C(C)C(=O)NO,"-5,5",,,,"2,77",,"-0,8603453281",FALSE,,
CHEMBL1373,DB00745,Modafinil,N06BA07,Нервная система,Success,"8,84",NC(=O)CS(=O)C(C1=CC=CC=C1)C1=CC=CC=C1,"-4,4",,,,"1,75","0,6","-0,9132861805",FALSE,1998.0,1.0
CHEMBL776,DB00816,Orciprenaline,R03CB03; R03AB03,Дыхательная система,Success,"8,84",CC(C)NCC(O)C1=CC(O)=CC(O)=C1,"9,7",,,,"-0,32",1,"-1,195050158",FALSE,1973.0,1.0
CHEMBL1136,DB00976,Telithromycin,J01FA15,Противомикробные (системные),Success,"8,84",[H][C@@]12[C@@H](C)C(=O)[C@H](C)C[C@@](C)(OC)[C@H](O[C@@H]3O[C@H](C)C[C@@H]([C@H]3O)N(C)C)[C@@H](C)C(=O)[C@@H](C)C(=O)O[C@H](CC)[C@@]1(C)OC(=O)N2CCCCN1C=NC(=C1)C1=CC=CN=C1,"7,65",,,,"4,21",3,"-0,9884501932",FALSE,2001.0,1.0
CHEMBL1201192,DB06413,Armodafinil,N06BA13,Нервная система,Success,"8,84",NC(=O)C[S@@](=O)C(C1=CC=CC=C1)C1=CC=CC=C1,"-4,4",,,,"1,75",,"-0,9132861805",FALSE,2007.0,1.0
CHEMBL406,DB00808,Indapamide,C03BA11,Сердечно-сосудистая система,Success,"8,85",CC1CC2=CC=CC=C2N1NC(=O)C1=CC(=C(Cl)C=C1)S(N)(=O)=O,"0,097","8,8",,8.8,"2,52",,"-0,7561870023",FALSE,1983.0,1.0
CHEMBL32800,DB01288,Fenoterol,R03CC04; G02CA03; R03AC04,Дыхательная система,Success,"8,85",CC(CC1=CC=C(O)C=C1)NCC(O)C1=CC(O)=CC(O)=C1,"9,63",,,,"1,36",,"-1,132696788",FALSE,,1.0
CHEMBL1760,DB00871,Terbutaline,R03AC03; R03CC03; R03CC53,Дыхательная система,Success,"8,86",CC(C)(C)NCC(O)C1=CC(O)=CC(O)=C1,"9,76",,,,"0,44","0,9","-0,925950235",FALSE,1974.0,1.0
CHEMBL94394,DB13346,Bufexamac,M01AB17; M02AA09,Костно-мышечная система,Success,"8,86",CCCCOC1=CC=C(CC(=O)NO)C=C1,"-4,8",,,,"2,09",,"-0,2109483182",FALSE,,0.0
CHEMBL1229517,DB08881,Vemurafenib,L01EC01,Противоопухолевые препараты и иммуномодуляторы,Success,"8,87",CCCS(=O)(=O)NC1=C(F)C(C(=O)C2=CNC3=NC=C(C=C23)C2=CC=C(Cl)C=C2)=C(F)C=C1,"2,3","7,1",,7.1,"4,95","5,1","0,4335619605",FALSE,2011.0,1.0
CHEMBL1200585,DB06412,Oxymetholone,A14AA05,ЖКТ и обмен веществ,Success,"8,87",[H][C@@]12CC[C@](C)(O)[C@@]1(C)CC[C@@]1([H])[C@@]2([H])CC[C@@]2([H])CC(=O)\C(C[C@]12C)=C/O,"-0,53",,,,"3,17",,"-3,368402292",FALSE,1972.0,1.0
CHEMBL98,DB02546,Vorinostat,L01XH01,Противоопухолевые препараты и иммуномодуляторы,Success,"8,91",ONC(=O)CCCCCCC(=O)NC1=CC=CC=C1,"-3,5","9,2",,9.2,"1,88",,"-0,4120786413",FALSE,2006.0,1.0
CHEMBL443052,DB09041,Tavaborole,D01AE24,Дерматологические препараты,Success,"8,91",OB1OCC2=CC(F)=CC=C12,"-4,8",,,,"1,51",,"3,793892023",TRUE,,
,DB13156,Inosine pranobex,J05AX05,Противомикробные (системные),,"8,93",C[C@@H](O)CN(C)C.C[C@@H](O)CN(C)C.C[C@@H](O)CN(C)C.CC(=O)NC1=CC=C(C=C1)C(O)=O.CC(=O)NC1=CC=C(C=C1)C(O)=O.CC(=O)NC1=CC=C(C=C1)C(O)=O.OC[C@H]1O[C@H]([C@H](O)[C@@H]1O)N1C=NC2=C1N=CNC2=O,"0,58",,,,"-1,9",,"-1,214632756",FALSE,,
CHEMBL734,DB00551,Acetohydroxamic acid,G04BX03,Мочеполовая система и половые гормоны,Success,"8,94",CC(=O)NO,"-5,4","8,7",,8.7 (at 25 °C),"-1,5","-1,59","-1,329345322",FALSE,1983.0,1.0
CHEMBL484785,DB05219,Crisaborole,D11AH06,Дерматологические препараты,Success,"8,95",OB1OCC2=C1C=CC(OC1=CC=C(C=C1)C#N)=C2,"-3,7",,,,"2,6",,"-0,08185955214",FALSE,,
CHEMBL1229908,DB08989,Etamivan,R07AB04,Дыхательная система,Success,"8,95",CCN(CC)C(=O)C1=CC(OC)=C(O)C=C1,-1,,,,"1,81",,"-0,5142506804",FALSE,,
CHEMBL1201251,DB01102,Arbutamine,C01CA22,Сердечно-сосудистая система,Success,"8,97",O[C@@H](CNCCCCC1=CC=C(O)C=C1)C1=CC(O)=C(O)C=C1,"9,76",,,,"2,08","2,9","-0,8554122445",FALSE,1997.0,0.0
CHEMBL81,DB00481,Raloxifene,G03XC01,Мочеполовая система и половые гормоны,Success,9,OC1=CC=C(C=C1)C1=C(C(=O)C2=CC=C(OCCN3CCCCC3)C=C2)C2=C(S1)C=C(O)C=C2,"8,42",,,,"5,45","5,2","0,2044670262",FALSE,1997.0,1.0
CHEMBL190461,DB09061,Cannabidiol,N03AX24,Нервная система,Success,"9,13",CCCCCC1=CC(O)=C([C@@H]2C=C(C)CC[C@H]2C(C)=C)C(O)=C1,"-5,7",,,,"6,1",,"-1,55382802",FALSE,2018.0,1.0
CHEMBL4297507,DB16133,Delgocitinib,D11AH11,Дерматологические препараты,Success,"9,14",C[C@H]1CN(C(=O)CC#N)[C@]11CCN(C1)C1=C2C=CNC2=NC=N1,"6,43","5,5",,5.5,"1,29",,"-2,720098813",FALSE,,
CHEMBL221959,DB08895,Tofacitinib,L04AF01,Противоопухолевые препараты и иммуномодуляторы,Success,"9,15",C[C@@H]1CCN(C[C@@H]1N(C)C1=NC=NC2=C1C=CN2)C(=O)CC#N,"6,44",,,,"1,58","1,81","-2,684366281",FALSE,2012.0,1.0
CHEMBL1502,DB00213,Pantoprazole,A02BC02,ЖКТ и обмен веществ,Success,"9,15",COC1=C(OC)C(CS(=O)C2=NC3=C(N2)C=C(OC(F)F)C=C3)=NC=C1,"3,55","3,92","8,19",3.92 and 8.19,"2,11","2,05","-0,02519014271",FALSE,2000.0,1.0
CHEMBL489553,DB00867,Ritodrine,G02CA01,Мочеполовая система и половые гормоны,No Drug Record,"9,15",C[C@@H](NCCC1=CC=C(O)C=C1)[C@@H](O)C1=CC=C(O)C=C1,"9,81",,,,"1,53","2,4","-0,8025260597",FALSE,,
,DB09219,Bisoxatin,A06AB09,ЖКТ и обмен веществ,,"9,15",OC1=CC=C(C=C1)C1(OC2=CC=CC=C2NC1=O)C1=CC=C(O)C=C1,-5,,,,"3,61",,"-0,4531323502",FALSE,,
CHEMBL1257073,DB12020,Tecovirimat,J05AX24,Противомикробные (системные),Success,"9,15",FC(F)(F)C1=CC=C(C=C1)C(=O)NN1C(=O)[C@H]2[C@H]([C@H]3C=C[C@@H]2[C@@H]2C[C@H]32)C1=O,"-6,2",,,,"2,03",,"0,5179510653",TRUE,2018.0,1.0
CHEMBL83063,,RITODRINE,G02CA01,Мочеполовая система и половые гормоны,,"9,15",CC(NCCc1ccc(O)cc1)C(O)c1ccc(O)cc1,"9,81",,,,"2,35",,"-0,8025260597",FALSE,1982.0,1.0
CHEMBL63857,DB04824,Phenolphthalein,A06AB04,ЖКТ и обмен веществ,Success,"9,16",OC1=CC=C(C=C1)C1(OC(=O)C2=CC=CC=C12)C1=CC=C(O)C=C1,-6,"9,7",,9.7 (at 25 °C),"4,41","2,41","0,2721461286",FALSE,,0.0
CHEMBL1454946,DB08974,Flubendazole,P02CA05,Противопаразитарные препараты,Success,"9,17",COC(=O)NC1=NC2=C(N1)C=CC(=C2)C(=O)C1=CC=C(F)C=C1,"3,42",,,,"2,87",,"1,231735472",TRUE,,
CHEMBL1201039,DB00562,Benzthiazide,G01AE10,Мочеполовая система и половые гормоны,No ATC,"9,18",NS(=O)(=O)C1=CC2=C(C=C1Cl)N=C(CSCC1=CC=CC=C1)NS2(=O)=O,"-4,7",6,,6,"2,25","1,73","-0,5349790305",FALSE,1960.0,1.0
CHEMBL184412,DB04855,Dronedarone,C01BD07,Сердечно-сосудистая система,Success,"9,18",CCCCN(CCCC)CCCOC1=CC=C(C=C1)C(=O)C1=C(CCCC)OC2=C1C=C(NS(C)(=O)=O)C=C2,"10,31",,,,"6,46","4,63","-0,1032860079",FALSE,2009.0,1.0
CHEMBL245807,DB04823,Oxyphenisatin,A06AB01,ЖКТ и обмен веществ,Success,"9,18",OC1=CC=C(C=C1)C1(C(=O)NC2=CC=CC=C12)C1=CC=C(O)C=C1,-6,,,,"3,78",,"-0,418755336",FALSE,,0.0
CHEMBL842,DB00880,Chlorothiazide,C03AH01; C03AA04,Сердечно-сосудистая система,Success,"9,19",NS(=O)(=O)C1=C(Cl)C=C2NC=NS(=O)(=O)C2=C1,"-4,2","6,85",,6.85,"0,41","-0,24","-1,378551042",FALSE,1958.0,1.0
CHEMBL259571,DB06083,Tapinarof,D05AX07,Дерматологические препараты,Success,"9,19",CC(C)C1=C(O)C=C(\C=C\C2=CC=CC=C2)C=C1O,"-5,9",,,,"4,25",,"-0,008573322214",FALSE,2022.0,0.0
CHEMBL132530,DB08905,Formestane,L02BG02,Противоопухолевые препараты и иммуномодуляторы,Success,"9,21",[H][C@@]12CCC(=O)[C@@]1(C)CC[C@@]1([H])[C@@]2([H])CCC2=C(O)C(=O)CC[C@]12C,"-3,7","9,31",,9.31,"2,57","2,66","-1,887680088",FALSE,,
CHEMBL398440,DB11121,Chloroxylenol,D08AE05,Дерматологические препараты,Success,"9,21",CC1=CC(O)=CC(C)=C1Cl,"-6,3",,,,"3,14",,"-0,1623210836",FALSE,,
CHEMBL605846,DB09080,Olodaterol,R03AC19,Дыхательная система,Success,"9,22",COC1=CC=C(CC(C)(C)NC[C@H](O)C2=C3OCC(=O)NC3=CC(O)=C2)C=C1,"9,84",,,,"2,02",,"-1,617215882",FALSE,2014.0,0.0
CHEMBL2042122,DB09151,Flutemetamol (18F),V09AX04,Прочие препараты,No Drug Record,"9,23",CNC1=C([18F])C=C(C=C1)C1=NC2=CC=C(O)C=C2S1,"2,89",,,,"4,16",,"2,336189464",TRUE,,
CHEMBL579205,,FLUTEMETAMOL,V09AX04,Прочие препараты,,"9,23",CNc1ccc(-c2nc3ccc(O)cc3s2)cc1F,"2,89",,,,"3,85",,"2,336189464",TRUE,2013.0,0.0
CHEMBL114655,DB06152,Nylidrin,G02CA02; C04AA02,Мочеполовая система и половые гормоны,Success,"9,25",CC(CCC1=CC=CC=C1)NC(C)C(O)C1=CC=C(O)C=C1,"10,11",,,,"2,73",,"-0,9664019124",FALSE,,
CHEMBL53,DB00714,Apomorphine,N04BC07; G04BE07,Нервная система,Success,"9,26",[H][C@]12CC3=C(C(O)=C(O)C=C3)C3=CC=CC(CCN1C)=C23,"7,72",,,,"2,51",2,"-2,182057628",FALSE,2001.0,0.0
CHEMBL24147,DB11085,Resorcinol,S01AX06; D10AX02,Органы чувств,Success,"9,26",OC1=CC(O)=CC=C1,"-5,7",,,,"0,7",,"0,06718648238",FALSE,,
CHEMBL450449,DB05109,Trabectedin,L01CX01,Противоопухолевые препараты и иммуномодуляторы,Success,"9,26",[H][C@@]12[C@@H]3SC[C@]4(NCCC5=C4C=C(OC)C(O)=C5)C(=O)OC[C@H](N1[C@@H](O)[C@@H]1CC4=CC(C)=C(OC)C(O)=C4[C@H]2N1C)C1=C2OCOC2=C(C)C(OC(C)=O)=C31,"7,2",,,,"2,04",,"-2,702423356",FALSE,2007.0,0.0
CHEMBL902,DB00927,Famotidine,A02BA03; A02BA53,ЖКТ и обмен веществ,Success,"9,29",NC(N)=NC1=NC(CSCCC(N)=NS(N)(=O)=O)=CS1,"8,38",,,,"-0,2","-0,64","-2,01011757",FALSE,1986.0,1.0
CHEMBL1577,DB00232,Methyclothiazide,C03AA08,Сердечно-сосудистая система,Success,"9,29",CN1C(CCl)NC2=CC(Cl)=C(C=C2S1(=O)=O)S(N)(=O)=O,"-3,4","9,4",,9.4,"0,93","1,42","-1,75345771",FALSE,1960.0,1.0
CHEMBL1503,DB00338,Omeprazole,A02BC01,ЖКТ и обмен веществ,Success,"9,29",COC1=CC2=C(C=C1)N=C(N2)S(=O)CC1=NC=C(C)C(OC)=C1C,"4,77","9,29","4,77","9.29 (acid), 4.77 (base)","1,66","2,23","-1,219115381",FALSE,1989.0,1.0
CHEMBL1587,DB01324,Polythiazide,C03AA05,Сердечно-сосудистая система,Success,"9,31",CN1C(CSCC(F)(F)F)NC2=CC(Cl)=C(C=C2S1(=O)=O)S(N)(=O)=O,"-3,1",,,,"2,13","1,9","-0,3711084038",FALSE,1961.0,1.0
CHEMBL483254,DB06603,Panobinostat,L01XH03,Противоопухолевые препараты и иммуномодуляторы,Success,"9,31",CC1=C(CCNCC2=CC=C(\C=C\C(=O)NO)C=C2)C2=CC=CC=C2N1,"9,95",,,,"3,16",,"-0,4955299714",FALSE,2015.0,1.0
CHEMBL584,DB00220,Nelfinavir,J05AE04,Противомикробные (системные),Success,"9,32",[H][C@@]12CCCC[C@]1([H])CN(C[C@@H](O)[C@H](CSC1=CC=CC=C1)NC(=O)C1=C(C)C(O)=CC=C1)[C@@H](C2)C(=O)NC(C)(C)C,"8,18",,,,"4,61",6,"-1,427724142",FALSE,1997.0,1.0
CHEMBL44657,DB00773,Etoposide,L01CB01,Противоопухолевые препараты и иммуномодуляторы,Success,"9,33",[H][C@]12COC(=O)[C@]1([H])[C@H](C1=CC(OC)=C(O)C(OC)=C1)C1=CC3=C(OCO3)C=C1[C@H]2O[C@@H]1O[C@]2([H])CO[C@@H](C)O[C@@]2([H])[C@H](O)[C@H]1O,"-3,7",,,,"0,73","0,6","-1,638764742",FALSE,1983.0,1.0
CHEMBL452231,DB00444,Teniposide,L01CB02,Противоопухолевые препараты и иммуномодуляторы,Success,"9,33",[H][C@]12COC(=O)[C@]1([H])[C@H](C1=CC(OC)=C(O)C(OC)=C1)C1=C(C=C3OCOC3=C1)[C@H]2O[C@]1([H])O[C@]2([H])CO[C@H](O[C@@]2([H])[C@H](O)[C@H]1O)C1=CC=CS1,"-3,7",,,,"2,78","1,24","-1,261305701",FALSE,1992.0,0.0
CHEMBL947,DB00486,Nabilone,A04AD11,ЖКТ и обмен веществ,No Drug Record,"9,33",[H][C@@]12CC(=O)CC[C@@]1([H])C(C)(C)OC1=CC(=CC(O)=C21)C(C)(C)CCCCCC,"-4,9",,,,"7,5","6,8","-0,6657730823",FALSE,,
CHEMBL465,DB00470,Dronabinol,A04AD10,ЖКТ и обмен веществ,Success,"9,34",[H][C@@]12C=C(C)CC[C@@]1([H])C(C)(C)OC1=C2C(O)=CC(CCCCC)=C1,"-4,9","10,6",,10.6,"7,29","5,65","-0,78531121",FALSE,1985.0,1.0
CHEMBL1219,DB01129,Rabeprazole,A02BC04; A02BC54,ЖКТ и обмен веществ,Success,"9,35",COCCCOC1=C(C)C(CS(=O)C2=NC3=CC=CC=C3N2)=NC=C1,"4,24",,,,"2,04","0,6","-0,9852723216",FALSE,1999.0,1.0
CHEMBL1201863,DB05351,Dexlansoprazole,A02BC06,ЖКТ и обмен веществ,Success,"9,35",CC1=C(OCC(F)(F)F)C=CN=C1C[S@@](=O)C1=NC2=CC=CC=C2N1,"4,16",,,,"2,84",,"0,1685224516",FALSE,2009.0,1.0
CHEMBL480,DB00448,Lansoprazole,A02BC03; A02BC53,ЖКТ и обмен веществ,Success,"9,35",CC1=C(OCC(F)(F)F)C=CN=C1CS(=O)C1=NC2=CC=CC=C2N1,"4,16",,,,"2,84",,"0,1685224516",FALSE,1995.0,1.0
CHEMBL4297516,DB12674,Lurbinectedin,L01XX69,Противоопухолевые препараты и иммуномодуляторы,Success,"9,35",[H][C@@]12[C@@H]3SC[C@]4(NCCC5=C4NC4=CC=C(OC)C=C54)C(=O)OC[C@H](N1[C@@H](O)[C@@H]1CC4=CC(C)=C(OC)C(O)=C4[C@@]2([H])N1C)C1=C2OCOC2=C(C)C(OC(C)=O)=C31,"7,2",,,,"2,65",,"-2,720254693",FALSE,2020.0,0.0
CHEMBL1201247,DB00014,Goserelin,L02AE03,Противоопухолевые препараты и иммуномодуляторы,Success,"9,36",CC(C)C[C@H](NC(=O)[C@@H](COC(C)(C)C)NC(=O)[C@H](CC1=CC=C(O)C=C1)NC(=O)[C@H](CO)NC(=O)[C@H](CC1=CNC2=CC=CC=C12)NC(=O)[C@H](CC1=CN=CN1)NC(=O)[C@@H]1CCC(=O)N1)C(=O)N[C@@H](CCCN=C(N)N)C(=O)N1CCC[C@H]1C(=O)NNC(N)=O,"10,91",,,,"0,3",-2,"-1,444709193",FALSE,,
CHEMBL310555,DB11145,Oxyquinoline,A01AB07; G01AC30; D08AH03; R02AA14,ЖКТ и обмен веществ,Success,"9,36",OC1=CC=CC2=C1N=CC=C2,"4,83","5,017",,5.017,"1,91",,"0,07244061125",FALSE,,
CHEMBL1371,DB00356,Chlorzoxazone,M03BB73; M03BB53; M03BB03,Костно-мышечная система,Success,"9,39",ClC1=CC2=C(OC(=O)N2)C=C1,"-2,2",,,,"2,09","1,6","-0,8014814764",FALSE,1958.0,1.0
CHEMBL593,DB00705,Delavirdine,J05AG02,Противомикробные (системные),Success,"9,39",CC(C)NC1=C(N=CC=C1)N1CCN(CC1)C(=O)C1=CC2=C(N1)C=CC(NS(C)(=O)=O)=C2,"6,82",,,,"2,77","2,8","-0,6136419709",FALSE,1997.0,1.0
CHEMBL221722,DB12466,Favipiravir,J05AX27,Противомикробные (системные),Success,"9,39",NC(=O)C1=NC(F)=CN=C1O,"-3,7","5,1",,5.1,"0,49",,"1,628630984",TRUE,,
CHEMBL602,DB00847,Cysteamine,A16AA04; S01XA21,ЖКТ и обмен веществ,Success,"9,42",NCCS,"10,4","10,4",,10.4,"0,01","0,1","-0,7066240358",FALSE,1994.0,1.0
CHEMBL1201185,DB06791,Lanreotide,H01CB03,Гормональные препараты (системные),Success,"9,43",[H]N([H])CCCCC1N([H])C(=O)C(CC2=CN([H])C3=CC=CC=C23)N([H])C(=O)C(CC2=CC=C(O)C=C2)N([H])C(=O)C(CSSCC(N([H])C(=O)C(N([H])C1=O)C(C)C)C(=O)N([H])C(C(C)O)C(=O)N([H])[H])N([H])C(=O)C(CC1=CC2=CC=CC=C2C=C1)N([H])[H],"10,26",,,,"1,87",,"-1,489151814",FALSE,,
CHEMBL2103758,DB01278,Pramlintide,A10BX05,ЖКТ и обмен веществ,Success,"9,44",[H]N[C@@H](CCCCN)C(=O)N[C@H]1CSSC[C@H](NC(=O)[C@@]([H])(NC(=O)[C@H](C)NC(=O)[C@@]([H])(NC(=O)[C@H](CC(N)=O)NC1=O)[C@@H](C)O)[C@@H](C)O)C(=O)N[C@@H](C)C(=O)N[C@@]([H])([C@@H](C)O)C(=O)N[C@@H](CCC(N)=O)C(=O)N[C@@H](CCCNC(N)=N)C(=O)N[C@@H](CC(C)C)C(=O)N[C@@H](C)C(=O)N[C@@H](CC(N)=O)C(=O)N[C@@H](CC1=CC=CC=C1)C(=O)N[C@@H](CC(C)C)C(=O)N[C@@H](C(C)C)C(=O)N[C@@H](CC1=CN=CN1)C(=O)N[C@@H](CO)C(=O)N[C@@H](CO)C(=O)N[C@@H](CC(N)=O)C(=O)N[C@@H](CC(N)=O)C(=O)N[C@@H](CC1=CC=CC=C1)C(=O)NCC(=O)N1CCC[C@H]1C(=O)N[C@@]([H])([C@@H](C)CC)C(=O)N[C@@H](CC(C)C)C(=O)N1CCC[C@H]1C(=O)N1CCC[C@H]1C(=O)N[C@@]([H])([C@@H](C)O)C(=O)N[C@@H](CC(N)=O)C(=O)N[C@@H](C(C)C)C(=O)NCC(=O)N[C@@H](CO)C(=O)N[C@@H](CC(N)=O)C(=O)N[C@@]([H])([C@@H](C)O)C(=O)N[C@@H](CC1=CC=C(O)C=C1)C(N)=O,"12,24",,,,,,"-0,7721334171",FALSE,,
,DB15598,Ferric maltol,B03AB10,Кровь и органы кроветворения,,"9,45",[Fe+3].CC1=C([O-])C(=O)C=CO1.CC1=C([O-])C(=O)C=CO1.CC1=C([O-])C(=O)C=CO1,"-3,6",,,,"2,62",,"-0,09801072469",FALSE,,
CHEMBL112,DB00316,Acetaminophen,N02BE51; N02BE71; N02BE01,Нервная система,Success,"9,46",CC(=O)NC1=CC=C(O)C=C1,"-4,4",,,,"0,51","0,46","-0,2967271155",FALSE,1968.0,1.0
CHEMBL1252,DB00106,Abarelix,L02BX01,Противоопухолевые препараты и иммуномодуляторы,Success,"9,47",CC(C)C[C@H](NC(=O)[C@@H](CC(N)=O)NC(=O)[C@H](CC1=CC=C(O)C=C1)N(C)C(=O)[C@H](CO)NC(=O)[C@@H](CC1=CN=CC=C1)NC(=O)[C@@H](CC1=CC=C(Cl)C=C1)NC(=O)[C@@H](CC1=CC2=C(C=CC=C2)C=C1)NC(C)=O)C(=O)N[C@@H](CCCCNC(C)C)C(=O)N1CCC[C@H]1C(=O)N[C@H](C)C(N)=O,"10,66",,,,"2,84",,"-0,8188835274",FALSE,,
CHEMBL1138,DB00973,Ezetimibe,C10AX09,Сердечно-сосудистая система,Success,"9,48",[H][C@]1(CC[C@H](O)C2=CC=C(F)C=C2)C(=O)N(C2=CC=C(F)C=C2)[C@]1([H])C1=CC=C(O)C=C1,-3,,,,"4,14",,"0,3911633254",FALSE,2002.0,1.0
CHEMBL3137320,DB11760,Talazoparib,L01XK04,Противоопухолевые препараты и иммуномодуляторы,Success,"9,48",CN1N=CN=C1[C@@H]1[C@H](NC2=C3C1=NNC(=O)C3=CC(F)=C2)C1=CC=C(F)C=C1,"1,66",,,,"2,93",,"1,107521398",TRUE,2018.0,1.0
CHEMBL1201255,DB06788,Histrelin,L02AE05,Противоопухолевые препараты и иммуномодуляторы,Success,"9,49",CC(O)=O.CC(O)=O.CCNC(=O)[C@@H]1CCCN1C(=O)[C@H](CCCNC(N)=N)NC(=O)[C@H](CC(C)C)NC(=O)[C@@H](CC1=CN(CC2=CC=CC=C2)C=N1)NC(=O)[C@H](CC1=CC=C(O)C=C1)NC(=O)[C@H](CO)NC(=O)[C@H](CC1=CNC2=C1C=CC=C2)NC(=O)[C@H](CC1=CNC=N1)NC(=O)[C@@H]1CCC(=O)N1,"11,59","5,3",,5.3 (His-base),"-2,1",,"-1,135403655",FALSE,,
CHEMBL1201309,DB00666,Nafarelin,H01CA02,Гормональные препараты (системные),Success,"9,49",CC(C)C[C@H](NC(=O)[C@@H](CC1=CC2=C(C=CC=C2)C=C1)NC(=O)[C@H](CC1=CC=C(O)C=C1)NC(=O)[C@H](CO)NC(=O)[C@H](CC1=CNC2=CC=CC=C12)NC(=O)[C@H](CC1=CNC=N1)NC(=O)[C@@H]1CCC(=O)N1)C(=O)N[C@@H](CCCNC(N)=N)C(=O)N1CCC[C@H]1C(=O)NCC(N)=O,"11,92",,,,"1,21",,"-1,016543021",FALSE,,
CHEMBL1201334,DB06825,Triptorelin,L02AE04,Противоопухолевые препараты и иммуномодуляторы,Success,"9,49",CC(C)C[C@H](NC(=O)[C@@H](CC1=CNC2=CC=CC=C12)NC(=O)[C@H](CC1=CC=C(O)C=C1)NC(=O)[C@H](CO)NC(=O)[C@H](CC1=CNC2=C1C=CC=C2)NC(=O)[C@H](CC1=CNC=N1)NC(=O)[C@@H]1CCC(=O)N1)C(=O)N[C@@H](CCCNC(N)=N)C(=O)N1CCC[C@H]1C(=O)NCC(N)=O,"11,54",,,,"1,07",,"-1,051924196",FALSE,,
CHEMBL455917,DB01563,Chloral hydrate,N05CC01,Нервная система,Success,"9,51",OC(O)C(Cl)(Cl)Cl,"-5,1",,,,"0,88","0,99","-1,417987641",FALSE,,
CHEMBL1483,DB00518,Albendazole,P02CA03,Противопаразитарные препараты,Success,"9,51",CCCSC1=CC2=C(C=C1)N=C(NC(=O)OC)N2,"4,27",,,,"3,22","2,7","-0,4600865023",FALSE,1996.0,1.0
CHEMBL878,DB00524,Metolazone,C03BA08,Сердечно-сосудистая система,Success,"9,54",CC1NC2=CC(Cl)=C(C=C2C(=O)N1C1=CC=CC=C1C)S(N)(=O)=O,"-1,6",,,,"3,21","2,5","-0,9764666949",FALSE,1973.0,1.0
CHEMBL443605,DB11254,Hexylresorcinol,R02AA12,Дыхательная система,Success,"9,55",CCCCCCC1=C(O)C=C(O)C=C1,"-5,6",,,,"3,77",,"-0,4398053493",FALSE,,
CHEMBL1532,DB01325,Quinethazone,C03BA02,Сердечно-сосудистая система,Success,"9,56",CCC1NC(=O)C2=CC(=C(Cl)C=C2N1)S(N)(=O)=O,"-0,97",,,,"1,6",,"-1,565381783",FALSE,1963.0,1.0
,DB09091,Tixocortol,R01AD57; R01AD07; A07EA05,Дыхательная система,,"9,57",[H][C@@]12CC[C@](O)(C(=O)CS)[C@@]1(C)C[C@H](O)[C@@]1([H])[C@@]2([H])CCC2=CC(=O)CC[C@]12C,"-2,8",,,,"2,42","4,48","-3,057189464",FALSE,,
CHEMBL1597,DB06782,Dimercaprol,V03AB09,Прочие препараты,Success,"9,58",OCC(S)CS,"-2,8","8,62",,8.62 (at 25 °C),"0,58",,"-2,952119865",FALSE,1946.0,0.0
CHEMBL46740,DB06401,Bazedoxifene,G03XC02,Мочеполовая система и половые гормоны,Success,"9,63",CC1=C(N(CC2=CC=C(OCCN3CCCCCC3)C=C2)C2=C1C=C(O)C=C2)C1=CC=C(O)C=C1,"9,09",,,,"6,03",,"0,06406424104",FALSE,2009.0,1.0
,DB08941,Isoxsuprine,C04AA01,Сердечно-сосудистая система,,"9,65",C[C@H](COC1=CC=CC=C1)N[C@H](C)[C@@H](O)C1=CC=C(O)C=C1,9,,,,"2,06",,"-0,8038026863",FALSE,,
CHEMBL2010601,DB08820,Ivacaftor,R07AX02,Дыхательная система,Success,"9,66",CC(C)(C)C1=CC(=C(O)C=C1NC(=O)C1=CNC2=CC=CC=C2C1=O)C(C)(C)C,"-0,95","11,08","1,5","11.08, 1.5",5,"3,13","-0,243162469",FALSE,2012.0,1.0
CHEMBL4297603,DB15141,Deutivacaftor,R07AX33,Дыхательная система,No Drug Record,"9,66",[2H]C([2H])([2H])C(C1=CC(=C(NC(=O)C2=CNC3=C(C=CC=C3)C2=O)C=C1O)C(C)(C)C)(C([2H])([2H])[2H])C([2H])([2H])[2H],"-0,95",,,,5,,"-0,4083907116",FALSE,,
CHEMBL2364608,DB12301,Doravirine,J05AG06,Противомикробные (системные),Success,"9,66",CN1C(=O)NN=C1CN1C=CC(=C(OC2=CC(=CC(Cl)=C2)C#N)C1=O)C(F)(F)F,"-2,6",,,,"3,51",,"0,5940795756",TRUE,2018.0,1.0
CHEMBL3716057,DB15097,Gefapixant,R05DB29,Дыхательная система,Success,"9,67",COC1=C(C=C(OC2=CN=C(N)N=C2N)C(=C1)C(C)C)S(N)(=O)=O,"6,76",,,,"0,87",,"-0,5112456119",FALSE,,
CHEMBL305187,DB08954,Ifenprodil,C04AX28,Сердечно-сосудистая система,Success,"9,67",CC(C(O)C1=CC=C(O)C=C1)N1CCC(CC2=CC=CC=C2)CC1,"9,03",,,,"3,98",,"-1,480117563",FALSE,,
CHEMBL1339216,DB11071,Phenyl salicylate,G04BX12,Мочеполовая система и половые гормоны,Success,"9,67",OC1=CC=CC=C1C(=O)OC1=CC=CC=C1,"-4,3",,,,"3,58",,"-0,1425826933",FALSE,,
CHEMBL537,DB09526,Hydroquinone,D11AX11,Дерматологические препараты,Success,"9,68",OC1=CC=C(O)C=C1,"-5,9",,,,"0,71","0,59","-0,08529282285",FALSE,2002.0,0.0
CHEMBL1201320,DB00736,Esomeprazole,A02BC05,ЖКТ и обмен веществ,Success,"9,68",COC1=CC2=C(NC(=N2)[S@@](=O)CC2=NC=C(C)C(OC)=C2C)C=C1,"4,77",,,,"1,66","0,6","-1,162914556",FALSE,2001.0,1.0
CHEMBL249856,DB04880,Enoximone,C01CE03,Сердечно-сосудистая система,Success,"9,68",CSC1=CC=C(C=C1)C(=O)C1=C(C)NC(=O)N1,"-7,8",,,,"1,97",,"-0,3772969832",FALSE,,
CHEMBL679,DB00668,Epinephrine,R01AA14; R03AA01; A01AD01; S01EA01; S01EA51; R03AK01; B02BC09; C01CA24,Дыхательная система,Success,"9,69",CNC[C@H](O)C1=CC(O)=C(O)C=C1,"8,91","8,59",,8.59 (at 25 °C),"-0,82","-1,37","-1,784574362",FALSE,1965.0,0.0
CHEMBL493,DB01200,Bromocriptine,N04BC01; G02CB01,Нервная система,Success,"9,69",[H][C@@]12CCCN1C(=O)[C@H](CC(C)C)N1C(=O)[C@](NC(=O)[C@H]3CN(C)[C@]4([H])CC5=C(Br)NC6=CC=CC(=C56)C4=C3)(O[C@@]21O)C(C)C,"6,71",,,,"3,2","3,5","-3,075583504",FALSE,1978.0,1.0
CHEMBL601773,DB13345,Dihydroergocristine,C04AE54; C04AE04,Сердечно-сосудистая система,Success,"9,71",[H][C@@]12CCCN1C(=O)[C@H](CC1=CC=CC=C1)N1C(=O)[C@](NC(=O)[C@H]3CN(C)[C@]4([H])CC5=CNC6=CC=CC(=C56)[C@@]4([H])C3)(O[C@@]21O)C(C)C,"8,39","6,9",,6.9,"3,56","5,86","-2,251083832",FALSE,,
CHEMBL1743263,DB11274,Dihydro-alpha-ergocryptine,N04BC03,Нервная система,Success,"9,71",[H][C@@]12CCCN1C(=O)[C@H](CC(C)C)N1C(=O)[C@](NC(=O)[C@H]3CN(C)[C@]4([H])CC5=CNC6=CC=CC(=C56)[C@@]4([H])C3)(O[C@@]21O)C(C)C,"8,39",,,,"3,28","5,9","-2,541539404",FALSE,,
CHEMBL1732,DB00320,Dihydroergotamine,N02CA01; N02CA51,Нервная система,Success,"9,71",[H][C@@]12CCCN1C(=O)[C@H](CC1=CC=CC=C1)N1C(=O)[C@](C)(NC(=O)[C@H]3CN(C)[C@]4([H])CC5=CNC6=CC=CC(=C56)[C@@]4([H])C3)O[C@@]21O,"8,39",,,,"3,04",,"-2,191175789",FALSE,1946.0,0.0
CHEMBL533,DB00308,Ibutilide,C01BD05,Сердечно-сосудистая система,Success,"9,72",CCCCCCCN(CC)CCCC(O)C1=CC=C(NS(C)(=O)=O)C=C1,"10,4",,,,"4,72","4,6","-0,2975387929",FALSE,1995.0,0.0
CHEMBL31634,DB03312,Brivudine,J05AB15,Противомикробные (системные),Success,"9,74",OC[C@H]1O[C@H](C[C@@H]1O)N1C=C(\C=C\Br)C(=O)NC1=O,-3,,,,"-0,5",,"-0,1369868925",FALSE,,
CHEMBL597,DB00692,Phentolamine,C04AB01; V03AB36,Сердечно-сосудистая система,Success,"9,78",CC1=CC=C(C=C1)N(CC1=NCCN1)C1=CC(O)=CC=C1,"9,02",,,,"2,91","3,3","0,293255856",FALSE,1952.0,0.0
CHEMBL4297185,DB12941,Darolutamide,L02BB06,Противоопухолевые препараты и иммуномодуляторы,Success,"9,81",C[C@@H](CN1C=CC(=N1)C1=CC=C(C#N)C(Cl)=C1)NC(=O)C1=NNC(=C1)C(C)O,"2,37","11,75",,11.75,3,"1,9","-1,744176087",FALSE,2019.0,1.0
CHEMBL3989866,DB11799,Bictegravir,J05AR20,Противомикробные (системные),No ATC,"9,81",OC1=C2N(C[C@H]3O[C@@H]4CC[C@@H](C4)N3C2=O)C=C(C(=O)NCC2=C(F)C=C(F)C=C2F)C1=O,"-0,3",,,,"1,28",,"0,001877364299",FALSE,2018.0,1.0
CHEMBL434,DB01064,Isoprenaline,C01CA02; R03CB51; R03CB01; R03AB02,Сердечно-сосудистая система,Success,"9,81",CC(C)NCC(O)C1=CC(O)=C(O)C=C1,"8,96",,,,"-0,27",,"-1,223015565",FALSE,1956.0,0.0
,DB13595,Almasilate,A02AD05,ЖКТ и обмен веществ,,"9,82",O.[Mg++].[Al+3].[Al+3].[O-][Si]([O-])([O-])[O-].[O-][Si]([O-])([O-])[O-],"-4,8",,,,"-2,6",,"0,3238100927",FALSE,,
CHEMBL750,DB00909,Zonisamide,N03AX15,Нервная система,Success,"9,84",NS(=O)(=O)CC1=NOC2=CC=CC=C12,"-1,7","10,2",,10.2,"0,67","0,5","-0,4427472593",FALSE,2000.0,1.0
CHEMBL3039502,DB11952,Duvelisib,L01EM04,Противоопухолевые препараты и иммуномодуляторы,Success,"9,86",C[C@H](NC1=C2N=CNC2=NC=N1)C1=CC2=CC=CC(Cl)=C2C(=O)N1C1=CC=CC=C1,"3,99",,,,"3,91","4,55","-0,5522405454",FALSE,2018.0,1.0
CHEMBL33986,DB00611,Butorphanol,N02AF01,Нервная система,Success,"9,86",[H][C@@]12CC3=C(C=C(O)C=C3)[C@]3(CCCC[C@@]13O)CCN2CC1CCC1,"10,7",,,,"3,65","3,3","-3,131014381",FALSE,1978.0,0.0
CHEMBL2216870,DB09054,Idelalisib,L01EM01,Противоопухолевые препараты и иммуномодуляторы,Success,"9,86",[H][C@@](CC)(NC1=NC=NC2=C1N=CN2)C1=NC2=CC=CC(F)=C2C(=O)N1C1=CC=CC=C1,"4,27",,,,"3,03",,"0,3945452939",FALSE,2014.0,1.0
CHEMBL2105755,DB11691,Naldemedine,A06AH05,ЖКТ и обмен веществ,Success,"9,86",[H][C@@]12OC3=C4C(C[C@@]5([H])N(CC6CC6)CC[C@@]14[C@@]5(O)CC(C(=O)NC(C)(C)C1=NC(=NO1)C1=CC=CC=C1)=C2O)=CC=C3O,"9,05",,,,"3,14",,"-2,543167547",FALSE,2017.0,1.0
CHEMBL3304485,DB11761,Tenapanor,A06AX08,ЖКТ и обмен веществ,Success,"9,86",CN1C[C@@H](C2=CC(=CC=C2)S(=O)(=O)NCCOCCOCCNC(=O)NCCCCNC(=O)NCCOCCOCCNS(=O)(=O)C2=CC(=CC=C2)[C@@H]2CN(C)CC3=C2C=C(Cl)C=C3Cl)C2=C(C1)C(Cl)=CC(Cl)=C2,"6,84",,,,"4,55",,"-0,4376649833",FALSE,,
CHEMBL1388,DB00600,Monobenzone,D11AX13,Дерматологические препараты,Success,"9,91",OC1=CC=C(OCC2=CC=CC=C2)C=C1,"-4,8",,,,"3,08","3,2","0,1334707208",FALSE,1952.0,0.0
CHEMBL294199,DB06774,Capsaicin,N01BX04; M02AB01,Нервная система,Success,"9,93",COC1=C(O)C=CC(CNC(=O)CCCC\C=C\C(C)C)=C1,"-1,4",,,,"3,75",,"-1,488166314",FALSE,2009.0,0.0
CHEMBL836,DB00706,Tamsulosin,G04CA02,Мочеполовая система и половые гормоны,Success,"9,93",CCOC1=CC=CC=C1OCCN[C@H](C)CC1=CC(=C(OC)C=C1)S(N)(=O)=O,"9,28",,,,"3,05",,"-0,6013155119",FALSE,1997.0,1.0
CHEMBL313971,DB09120,Zucapsaicin,M02AB02,Костно-мышечная система,Success,"9,93",COC1=C(O)C=CC(CNC(=O)CCCC\C=C/C(C)C)=C1,"-1,4",,,,"3,8",,"-1,488166314",FALSE,,
CHEMBL1329455,DB09282,Molsidomine,C01DX12,Сердечно-сосудистая система,Success,"9,94",CCOC(=O)[N-]C1=C[N+](=NO1)N1CCOCC1,"-3,2",,,,-1,"-1,61","-2,026259572",FALSE,,
CHEMBL544,DB09516,Mequinol,D11AX06,Дерматологические препараты,Success,"9,94",COC1=CC=C(O)C=C1,"-4,8",,,,"1,31",,"-0,05972511851",FALSE,1999.0,0.0
CHEMBL318153,DB13421,Edoxudine,D06BB09,Дерматологические препараты,Success,"9,95",CCC1=CN([C@H]2C[C@H](O)[C@@H](CO)O2)C(=O)NC1=O,-3,"9,98",,9.98,"-0,73","-1,09","-0,1366593327",FALSE,,
CHEMBL991,DB00649,Stavudine,J05AF04,Противомикробные (системные),Success,"9,95",CC1=CN([C@@H]2O[C@H](CO)C=C2)C(=O)NC1=O,-3,,,,"-0,73","-0,72","-1,354597226",FALSE,1994.0,1.0
CHEMBL75753,DB13781,Xamoterol,C01CX07,Сердечно-сосудистая система,Success,"9,95",OC(CNCCNC(=O)N1CCOCC1)COC1=CC=C(O)C=C1,"8,76",,,,"-0,31",,"-1,123005005",FALSE,,
CHEMBL374731,DB01265,Telbivudine,J05AF11,Противомикробные (системные),Success,"9,96",CC1=CN([C@@H]2C[C@@H](O)[C@H](CO)O2)C(=O)NC1=O,-3,,,,"-1,3","-1,4","-0,05826287975",FALSE,2006.0,1.0
CHEMBL129,DB00495,Zidovudine,J05AF01,Противомикробные (системные),Success,"9,96",CC1=CN([C@H]2C[C@H](N=[N+]=[N-])[C@@H](CO)O2)C(=O)NC1=O,-3,,,,"-0,1","0,05","-0,4576515841",FALSE,1987.0,1.0
CHEMBL413,DB00877,Sirolimus,S01XA23; L04AH01; L01EG04,Органы чувств,Success,"9,96",[H][C@@]1(C[C@@H](C)[C@]2([H])CC(=O)[C@H](C)\C=C(C)\[C@@H](O)[C@@H](OC)C(=O)[C@H](C)C[C@H](C)\C=C\C=C\C=C(C)\[C@H](C[C@]3([H])CC[C@@H](C)[C@@](O)(O3)C(=O)C(=O)N3CCCC[C@@]3([H])C(=O)O2)OC)CC[C@@H](O)[C@@H](C1)OC,-3,,,,"4,85","4,63","-2,445083939",FALSE,1999.0,1.0
CHEMBL269732,DB00864,Tacrolimus,D11AH01; L04AD02,Дерматологические препараты,Success,"9,96",CO[C@@H]1C[C@@H](CC[C@H]1O)\C=C(/C)[C@H]1OC(=O)[C@@H]2CCCCN2C(=O)C(=O)[C@]2(O)O[C@@H]([C@H](C[C@H]2C)OC)[C@H](C[C@@H](C)C\C(C)=C\[C@@H](CC=C)C(=O)C[C@H](O)[C@H]1C)OC,"-2,9",,,,"3,19","3,3","-2,463423891",FALSE,1994.0,1.0
CHEMBL1200686,DB00337,Pimecrolimus,D11AH02,Дерматологические препараты,Success,"9,96",[H][C@]1(CC[C@H](Cl)[C@@H](C1)OC)\C=C(/C)[C@@]1([H])OC(=O)[C@]2([H])CCCCN2C(=O)C(=O)[C@]2(O)O[C@@]([H])([C@H](C[C@H]2C)OC)[C@H](C[C@@H](C)C\C(C)=C\[C@@H](CC)C(=O)C[C@H](O)[C@H]1C)OC,"-2,9",,,,"4,36","4,4","-2,380490632",FALSE,2001.0,0.0
CHEMBL1908360,DB01590,Everolimus,L04AH02; L01EG02,Противоопухолевые препараты и иммуномодуляторы,Success,"9,96",[H][C@@]1(C[C@@H](C)[C@]2([H])CC(=O)[C@H](C)\C=C(C)\[C@@H](O)[C@@H](OC)C(=O)[C@H](C)C[C@H](C)\C=C\C=C\C=C(C)\[C@H](C[C@]3([H])CC[C@@H](C)[C@@](O)(O3)C(=O)C(=O)N3CCCC[C@@]3([H])C(=O)O2)OC)CC[C@@H](OCCO)[C@@H](C1)OC,"-2,7",,,,"5,01",,"-2,325713248",FALSE,2009.0,1.0
CHEMBL521686,DB09074,Olaparib,L01XK01,Противоопухолевые препараты и иммуномодуляторы,Success,"9,96",FC1=CC=C(CC2=NNC(=O)C3=CC=CC=C23)C=C1C(=O)N1CCN(CC1)C(=O)C1CC1,"-0,9",,,,"2,72",,"0,6390849664",TRUE,2014.0,1.0
CHEMBL1201182,DB06287,Temsirolimus,L01EG01,Противоопухолевые препараты и иммуномодуляторы,Success,"9,96",OCC(C)(CO)C(=O)O[C@@H]1CC[C@@H](C[C@@H](C)[C@]2([H])CC(=O)[C@H](C)\C=C(C)\[C@@H](O)[C@@H](OC)C(=O)[C@H](C)C[C@H](C)\C=C\C=C\C=C(C)\[C@@H](OC)C[C@]3([H])CC[C@@H](C)[C@@](O)(O3)C(=O)C(=O)N3CCCC[C@H]3C(=O)O2)C[C@H]1OC,"-2,9",,,,"4,39",,"-2,28764259",FALSE,,
CHEMBL1852688,DB11886,Infigratinib,L01EN03,Противоопухолевые препараты и иммуномодуляторы,Success,"9,98",CCN1CCN(CC1)C1=CC=C(NC2=CC(=NC=N2)N(C)C(=O)NC2=C(Cl)C(OC)=CC(OC)=C2Cl)C=C1,"8,23",,,,"4,68",,"-0,4024619624",FALSE,2021.0,1.0
CHEMBL1213492,DB12645,Givinostat,M09AX14,Костно-мышечная система,Success,"9,99",CCN(CC)CC1=CC=C2C=C(COC(=O)NC3=CC=C(C=C3)C(=O)NO)C=CC2=C1,"9,35",,,,"4,18",,"-0,2680404304",FALSE,,
CHEMBL467,DB01005,Hydroxyurea,L01XX05,Противоопухолевые препараты и иммуномодуляторы,Success,"10,14",NC(=O)NO,"-4,9",,,,"-1,8","-1,8","-1,520676694",FALSE,1967.0,1.0
CHEMBL926,DB00841,Dobutamine,C01CA07,Сердечно-сосудистая система,Success,"10,14",CC(CCC1=CC=C(O)C=C1)NCCC1=CC(O)=C(O)C=C1,"9,27",,,,"2,97","3,6","-0,9557975843",FALSE,1978.0,0.0
CHEMBL2219418,DB09049,Naloxegol,A06AH03,ЖКТ и обмен веществ,Success,"10,14",COCCOCCOCCOCCOCCOCCOCCO[C@H]1CC[C@@]2(O)[C@H]3CC4=CC=C(O)C5=C4[C@@]2(CCN3CC=C)[C@H]1O5,"8,54",,,,"1,73",,"-1,775829386",FALSE,2014.0,1.0
CHEMBL473,DB00204,Dofetilide,C01BD04,Сердечно-сосудистая система,Success,"10,15",CN(CCOC1=CC=C(NS(C)(=O)=O)C=C1)CCC1=CC=C(NS(C)(=O)=O)C=C1,"8,99",,,,"2,17","2,1","-0,2754461223",FALSE,1999.0,1.0
CHEMBL3218576,DB12483,Copanlisib,L01EM02,Противоопухолевые препараты и иммуномодуляторы,Success,"10,15",COC1=C(OCCCN2CCOCC2)C=CC2=C1N=C(NC(=O)C1=CN=C(N)N=C1)N1CCN=C21,"6,88",,,,"1,02",,"-0,9189028891",FALSE,2017.0,0.0
CHEMBL182,DB01004,Ganciclovir,J05AB06; S01AD09,Противомикробные (системные),Success,"10,16",NC1=NC2=C(N=CN2COC(CO)CO)C(=O)N1,"0,58",,,,"-1,8","-1,66","-0,2375609079",FALSE,1989.0,1.0
CHEMBL398707,DB00327,Hydromorphone,N02AA03,Нервная система,Success,"10,17",[H][C@@]12OC3=C(O)C=CC4=C3[C@@]11CCN(C)[C@]([H])(C4)[C@]1([H])CCC2=O,"9,08","8,2",,8.2,"1,69","1,06","-3,345372605",FALSE,1984.0,1.0
CHEMBL1287853,DB12500,Fedratinib,L01EJ02,Противоопухолевые препараты и иммуномодуляторы,Success,"10,21",CC1=CN=C(NC2=CC=C(OCCN3CCCC3)C=C2)N=C1NC1=CC=CC(=C1)S(=O)(=O)NC(C)(C)C,9,,,,"4,27",,"-0,002003391573",FALSE,2019.0,1.0
CHEMBL328190,DB06202,Lasofoxifene,G03XC03,Мочеполовая система и половые гормоны,Success,"10,21",[H][C@@]1(CCC2=CC(O)=CC=C2[C@@]1([H])C1=CC=C(OCCN2CCCC2)C=C1)C1=CC=CC=C1,"8,98",,,,"6,36",,"-0,6928880536",FALSE,2009.0,1.0
CHEMBL4065616,DB14761,Remdesivir,J05AB16,Противомикробные (системные),Success,"10,23",CCC(CC)COC(=O)[C@H](C)N[P@](=O)(OC[C@H]1O[C@](C#N)([C@H](O)[C@@H]1O)C1=CC=C2N1N=CN=C2N)OC1=CC=CC=C1,"0,65",,,,"2,01",,"-0,8645349881",FALSE,2020.0,0.0
CHEMBL26,DB00391,Sulpiride,N05AL01,Нервная система,Success,"10,24",CCN1CCCC1CNC(=O)C1=C(OC)C=CC(=C1)S(N)(=O)=O,"8,39","9,12",,9.12,"1,2","0,57","-1,478340202",FALSE,,
CHEMBL419,DB06795,Mafenide,D06BA03,Дерматологические препараты,Success,"10,25",NCC1=CC=C(C=C1)S(N)(=O)=O,"9,04",,,,"-0,37",,"0,6924055654",TRUE,1969.0,0.0
CHEMBL2103849,DB06267,Udenafil,G04BE11,Мочеполовая система и половые гормоны,Success,"10,25",CCCOC1=C(C=C(C=C1)S(=O)(=O)NCCC1CCCN1C)C1=NC(=O)C2=C(N1)C(CCC)=NN2C,"8,44",,,,"3,2",,"-0,9048892351",FALSE,,
CHEMBL70,DB00295,Morphine,N02AA51; A07DA52; N02AA01,Нервная система,Success,"10,26",[H][C@@]12OC3=C(O)C=CC4=C3[C@@]11CCN(C)[C@]([H])(C4)[C@]1([H])C=C[C@@H]2O,"9,12","8,21",,8.21 (at 25 °C),"0,99","0,87","-3,513818749",FALSE,1984.0,1.0
CHEMBL3187723,DB11967,Binimetinib,L01EE03,Противоопухолевые препараты и иммуномодуляторы,Success,"10,26",CN1C=NC2=C(F)C(NC3=CC=C(Br)C=C3F)=C(C=C12)C(=O)NOCCO,"5,3",,,,3,,"1,120863222",TRUE,2018.0,1.0
CHEMBL1614701,DB11689,Selumetinib,L01EE04,Противоопухолевые препараты и иммуномодуляторы,Success,"10,26",CN1C=NC2=C(F)C(NC3=C(Cl)C=C(Br)C=C3)=C(C=C12)C(=O)NOCCO,"5,07",,,,"3,24",,"0,2938452096",FALSE,2020.0,1.0
CHEMBL3301610,DB12001,Abemaciclib,L01EF03,Противоопухолевые препараты и иммуномодуляторы,Success,"10,27",CCN1CCN(CC2=CC=C(NC3=NC=C(F)C(=N3)C3=CC(F)=C4N=C(C)N(C(C)C)C4=C3)N=C2)CC1,"7,94",,,,"4,25",,"0,5777932902",TRUE,2017.0,1.0
CHEMBL296306,DB00581,Lactulose,A06AD61; A06AD11,ЖКТ и обмен веществ,Success,"10,28",OC[C@H]1O[C@](O)(CO)[C@@H](O)[C@@H]1O[C@@H]1O[C@H](CO)[C@H](O)[C@H](O)[C@H]1O,-3,,,,"-3,3","-4,3","0,3286739671",FALSE,1976.0,1.0
CHEMBL625,DB00730,Thiabendazole,D01AC06; P02CA02,Дерматологические препараты,Success,"10,28",N1C2=CC=CC=C2N=C1C1=CSC=N1,"4,08","4,64",,4.64 (at 25 °C),"2,47","2,47","-0,4011431177",FALSE,1967.0,1.0
CHEMBL1201776,DB06204,Tapentadol,N02AX06,Нервная система,Success,"10,28",CC[C@H]([C@@H](C)CN(C)C)C1=CC(O)=CC=C1,"9,6","9,34","10,45",9.34-10.45,"3,47","2,87","-1,012578937",FALSE,2008.0,1.0
CHEMBL1382,DB01036,Tolterodine,G04BD07,Мочеполовая система и половые гормоны,Success,"10,28",CC(C)N(CC[C@H](C1=CC=CC=C1)C1=C(O)C=CC(C)=C1)C(C)C,"11,01",,,,"5,39","5,6","-0,751913081",FALSE,1998.0,1.0
,DB04173,Fructose,V06DC02,Прочие препараты,,"10,28",OC[C@@H]1O[C@@](O)(CO)[C@H](O)[C@H]1O,-3,,,,"-2,4",,"-1,898067393",FALSE,,
CHEMBL608,DB01599,Probucol,C10AX02,Сердечно-сосудистая система,Success,"10,29",CC(C)(SC1=CC(=C(O)C(=C1)C(C)(C)C)C(C)(C)C)SC1=CC(=C(O)C(=C1)C(C)(C)C)C(C)(C)C,"-5,1",,,,"8,92",,"-0,2096817998",FALSE,1977.0,1.0
CHEMBL1358,DB00947,Fulvestrant,L02BA03,Противоопухолевые препараты и иммуномодуляторы,Success,"10,32",[H][C@@]12CC[C@H](O)[C@@]1(C)CC[C@]1([H])C3=CC=C(O)C=C3C[C@@H](CCCCCCCCCS(=O)CCCC(F)(F)C(F)(F)F)[C@@]21[H],"-0,88",,,,"6,54","8,9","-1,358039847",FALSE,2002.0,0.0
CHEMBL1808698,DB09502,Fludeoxyglucose (18F),V09IX04,Прочие препараты,No Drug Record,"10,32",[H]C(=O)[C@H]([18F])[C@@H](O)[C@H](O)[C@H](O)CO,-3,,,,"-1,8",,"-0,148867901",FALSE,,
CHEMBL193482,DB04573,Estriol,G03CC06; G03CA04,Мочеполовая система и половые гормоны,Success,"10,33",[H][C@@]12C[C@@H](O)[C@H](O)[C@@]1(C)CC[C@]1([H])C3=C(CC[C@@]21[H])C=C(O)C=C3,"-3,2",,,,"2,54","2,45","-2,160968087",FALSE,2000.0,0.0
CHEMBL1230314,DB12235,Estetrol,G03AA18,Мочеполовая система и половые гормоны,No ATC,"10,33",[H][C@@]12[C@@H](O)[C@@H](O)[C@H](O)[C@@]1(C)CC[C@]1([H])C3=CC=C(O)C=C3CC[C@@]21[H],"-3,3","10,22",,10.22±0.70,"1,67","2,62","-2,175820886",FALSE,2021.0,1.0
CHEMBL691,DB00977,Ethinylestradiol,L02AA03; G03CA01,Противоопухолевые препараты и иммуномодуляторы,Success,"10,33",[H][C@@]12CC[C@@](O)(C#C)[C@@]1(C)CC[C@]1([H])C3=C(CC[C@@]21[H])C=C(O)C=C3,"-1,7",,,,"3,63","3,67","-2,691434447",FALSE,1982.0,1.0
CHEMBL1405,DB00655,Estrone,G03CC04; G03CA07,Мочеполовая система и половые гормоны,Success,"10,33",[H][C@@]12CCC(=O)[C@@]1(C)CC[C@]1([H])C3=C(CC[C@@]21[H])C=C(O)C=C3,"-5,4",,,,"4,03","2,6","-1,567342057",FALSE,1979.0,0.0
CHEMBL135,DB00783,Estradiol,G03CA03,Мочеполовая система и половые гормоны,Success,"10,33",[H][C@@]12CC[C@H](O)[C@@]1(C)CC[C@]1([H])C3=C(CC[C@@]21[H])C=C(O)C=C3,"-0,88","10,46",,10.46±0.03,"3,57","4,01","-2,319281797",FALSE,1975.0,1.0
CHEMBL4216467,DB14840,Ripretinib,L01EX19,Противоопухолевые препараты и иммуномодуляторы,Success,"10,34",CCN1C(=O)C(=CC2=C1C=C(NC)N=C2)C1=C(Br)C=C(F)C(NC(=O)NC2=CC=CC=C2)=C1,"5,85","12,10",,12.10,"4,3","5,63","0,5484326517",TRUE,2020.0,1.0
CHEMBL982,DB06230,Nalmefene,N07BB05,Нервная система,Success,"10,35",OC1=CC=C2C[C@H]3N(CC4CC4)CC[C@@]45[C@@H](OC1=C24)C(=C)CC[C@@]35O,"9,57","7,6",,7.6,"2,24",,"-3,85196311",FALSE,1995.0,0.0
CHEMBL1194325,DB08897,Aclidinium,R03BB05,Дыхательная система,Success,"10,35",OC(C(=O)O[C@H]1C[N+]2(CCCOC3=CC=CC=C3)CCC1CC2)(C1=CC=CS1)C1=CC=CS1,"-4,8",,,,"3,07",,"-1,305795675",FALSE,2012.0,0.0
CHEMBL1900528,DB01409,Tiotropium,R03BB04; R03BB54,Дыхательная система,Success,"10,35",[H][C@]12O[C@@]1([H])[C@]1([H])C[C@@]([H])(C[C@@]2([H])[N+]1(C)C)OC(=O)C(O)(C1=CC=CS1)C1=CC=CS1,"-4,3",,,,"-1,8",,"-1,952567551",FALSE,2004.0,0.0
CHEMBL895,DB00844,Nalbuphine,N02AF02,Нервная система,Success,"10,39",O[C@H]1CC[C@@]2(O)[C@H]3CC4=CC=C(O)C5=C4[C@@]2(CCN3CC2CCC2)[C@H]1O5,"9,62","8,71","9,96",8.71 and 9.96 (hcl form),2,"1,4","-3,701482459",FALSE,1979.0,0.0
CHEMBL1515,DB00763,Methimazole,H03BB52; H03BB02,Гормональные препараты (системные),Success,"10,41",CN1C=CNC1=S,"5,21",,,,"-0,38",,"-1,696071824",FALSE,1950.0,1.0
CHEMBL477772,DB06589,Pazopanib,L01EX03,Противоопухолевые препараты и иммуномодуляторы,Success,"10,41",CN(C1=CC2=NN(C)C(C)=C2C=C1)C1=CC=NC(NC2=CC=C(C)C(=C2)S(N)(=O)=O)=N1,"4,36",,,,"3,59",,"-0,4553572051",FALSE,2009.0,1.0
CHEMBL1201168,DB01247,Isocarboxazid,N06AF01,Нервная система,Success,"10,42",CC1=CC(=NO1)C(=O)NNCC1=CC=CC=C1,"2,83","10,4",,10.4,"1,19","1,49","-1,116490851",FALSE,1959.0,1.0
CHEMBL100116,DB00652,Pentazocine,N02AD01,Нервная система,Success,"10,42",CC1C2CC3=C(C=C(O)C=C3)C1(C)CCN2CC=C(C)C,"9,57","8,88",,8.88,"4,44","4,64","-2,402921616",FALSE,1967.0,1.0
CHEMBL560511,DB00921,Buprenorphine,N07BC01; N07BC51; N02AE01,Нервная система,No Drug Record,"10,42",CO[C@]12CC[C@@]3(C[C@@H]1[C@](C)(O)C(C)(C)C)[C@H]1CC4=C5C(O[C@@H]2[C@@]35CCN1CC1CC1)=C(O)C=C4,"9,63","8,31",,8.31 (at 25 °C),"4,53","4,98","-3,540878162",FALSE,,
CHEMBL511142,,BUPRENORPHINE,N02AE01; N07BC01; N07BC51,Нервная система,,"10,42",CO[C@@]12CC[C@@]3(C[C@@H]1[C@](C)(O)C(C)(C)C)[C@H]1Cc4ccc(O)c5c4[C@@]3(CCN1CC1CC1)[C@H]2O5,"9,63",,,,"4,41",,"-3,540878162",FALSE,1981.0,0.0
CHEMBL1685,DB01209,Dezocine,N02AX03,Нервная система,Success,"10,43",[H][C@@]12CC3=CC=C(O)C=C3[C@@](C)(CCCCC1)[C@H]2N,"9,67",,,,"3,77","3,3","-1,852716239",FALSE,1989.0,0.0
CHEMBL576982,DB12874,Quizartinib,L01EX11,Противоопухолевые препараты и иммуномодуляторы,Success,"10,43",CC(C)(C)C1=CC(NC(=O)NC2=CC=C(C=C2)C2=CN3C(SC4=C3C=CC(OCCN3CCOCC3)=C4)=N2)=NO1,"6,62",,,,"5,13",,"-0,6346364773",FALSE,,
CHEMBL810,DB00853,Temozolomide,L01AX03,Противоопухолевые препараты и иммуномодуляторы,Success,"10,46",CN1N=NC2=C(N=CN2C1=O)C(N)=O,"-3,6",,,,"-0,28","-1,15","-0,8485265535",FALSE,1999.0,1.0
CHEMBL1086440,DB12245,Triclabendazole,P02BX04,Противопаразитарные препараты,Success,"10,46",CSC1=NC2=C(N1)C=C(Cl)C(OC1=CC=CC(Cl)=C1Cl)=C2,"4,54",,,,"5,5","3,48","-0,407071753",FALSE,2019.0,1.0
CHEMBL1554,DB00970,Dactinomycin,L01DA01,Противоопухолевые препараты и иммуномодуляторы,Success,"10,52",[H][C@@]12CCCN1C(=O)[C@H](NC(=O)[C@@H](NC(=O)C1=C3N=C4C(OC3=C(C)C=C1)=C(C)C(=O)C(N)=C4C(=O)N[C@H]1[C@@H](C)OC(=O)[C@H](C(C)C)N(C)C(=O)CN(C)C(=O)[C@]3([H])CCCN3C(=O)[C@H](NC1=O)C(C)C)[C@@H](C)OC(=O)[C@H](C(C)C)N(C)C(=O)CN(C)C2=O)C(C)C,"-1,1",,,,"2,76","1,6","-0,7516071401",FALSE,,
CHEMBL1946170,DB08896,Regorafenib,L01EX05,Противоопухолевые препараты и иммуномодуляторы,Success,"10,52",CNC(=O)C1=CC(OC2=CC(F)=C(NC(=O)NC3=CC=C(Cl)C(=C3)C(F)(F)F)C=C2)=CC=N1,"3,02",,,,"4,53",,"1,09806487",TRUE,2012.0,1.0
CHEMBL1165342,,VINCAMINE,R03CC08; R03AC16,Дыхательная система,,"10,52",CC[C@]12CCCN3CCc4c(n(c5ccccc45)[C@@](O)(C(=O)OC)C1)[C@@H]32,"6,7",,,,"2,95",,"-3,149337837",FALSE,,0.0
CHEMBL2105420,DB12473,Taurolidine,B05CA05,Кровь и органы кроветворения,Success,"10,53",O=S1(=O)CCN(CN2CCS(=O)(=O)NC2)CN1,"1,97",,,,"-2,1",,"-1,539215874",FALSE,2023.0,0.0
CHEMBL338802,,SULFAGUANIDINE,A07AB03,ЖКТ и обмен веществ,,"10,53",N=C(N)NS(=O)(=O)c1ccc(N)cc1,"7,72",,,,"-0,56",,"-0,2196293928",FALSE,,0.0
CHEMBL415606,DB06699,Degarelix,L02BX02,Противоопухолевые препараты и иммуномодуляторы,Success,"10,55",CC(C)C[C@H](NC(=O)[C@@H](CC1=CC=C(NC(N)=O)C=C1)NC(=O)[C@H](CC1=CC=C(NC(=O)[C@@H]2CC(=O)NC(=O)N2)C=C1)NC(=O)[C@H](CO)NC(=O)[C@@H](CC1=CC=CN=C1)NC(=O)[C@@H](CC1=CC=C(Cl)C=C1)NC(=O)[C@@H](CC1=CC=C2C=CC=CC2=C1)NC(C)=O)C(=O)N[C@@H](CCCCNC(C)C)C(=O)N1CCC[C@H]1C(=O)N[C@H](C)C(N)=O,"11,16",,,,"2,66",,"-0,6796991168",FALSE,,
CHEMBL1201056,DB01298,Sulfacytine,G01AE10,Мочеполовая система и половые гормоны,No ATC,"10,55",CCN1C=CC(NS(=O)(=O)C2=CC=C(N)C=C2)=NC1=O,"2,17",,,,"0,51",,"-0,2282478919",FALSE,1975.0,1.0
CHEMBL4297509,DB06374,Elacestrant,L02BA04,Противоопухолевые препараты и иммуномодуляторы,Success,"10,58",CCNCCC1=CC=C(CN(CC)C2=C(C=CC(OC)=C2)[C@@H]2CCC3=CC(O)=CC=C3C2)C=C1,"9,96",,,,"6,54",,"-0,6852000226",FALSE,,
CHEMBL568,DB00842,Oxazepam,N05BA04,Нервная система,Success,"10,61",OC1N=C(C2=CC=CC=C2)C2=C(NC1=O)C=CC(Cl)=C2,"-1,5",,,,"2,01","2,24","-0,8504797516",FALSE,1965.0,1.0
CHEMBL580,DB00186,Lorazepam,N05BA06; N05BA56,Нервная система,Success,"10,61",OC1N=C(C2=CC=CC=C2Cl)C2=C(NC1=O)C=CC(Cl)=C2,"-2,2",13,,13,"2,98","2,39","-0,8834724286",FALSE,1977.0,1.0
CHEMBL2303634,DB00314,Capreomycin,J04AB30,Противомикробные (системные),No Drug Record,"10,62",[H][C@@]1(CCN=C(N)N1)[C@]1([H])NC(=O)\C(NC(=O)[C@H](CNC(=O)C[C@@H](N)CCCN)NC(=O)[C@H](C)NC(=O)[C@@H](N)CNC1=O)=C/NC(N)=O.[H][C@@]1(CCN=C(N)N1)[C@]1([H])NC(=O)\C(NC(=O)[C@H](CNC(=O)C[C@@H](N)CCCN)NC(=O)[C@H](CO)NC(=O)[C@@H](N)CNC1=O)=C/NC(N)=O,"10,3",,,,"-3,2","-9,61","-3,119486636",FALSE,,
CHEMBL1401,DB00507,Nitazoxanide,P01AX11,Противопаразитарные препараты,Success,"10,62",CC(=O)OC1=CC=CC=C1C(=O)NC1=NC=C(S1)[N+]([O-])=O,"-4,2",,,,"2,14","1,63","-0,2969400753",FALSE,2002.0,1.0
CHEMBL3545123,DB13878,Pibrentasvir,J05AP57,Противомикробные (системные),No ATC,"10,66",CO[C@H](C)[C@H](NC(=O)OC)C(=O)N1CCC[C@H]1C1=NC2=C(N1)C=C(F)C(=C2)[C@H]1CC[C@@H](N1C1=CC(F)=C(N2CCC(CC2)C2=CC=C(F)C=C2)C(F)=C1)C1=CC2=C(NC(=N2)[C@@H]2CCCN2C(=O)[C@@H](NC(=O)OC)[C@@H](C)OC)C=C1F,"5,3",,,,"5,95",,"-0,1527931246",FALSE,,
CHEMBL3311228,DB13055,Oteseconazole,J02AC06,Противомикробные (системные),Success,"10,67",O[C@@](CN1C=NN=N1)(C1=CC=C(F)C=C1F)C(F)(F)C1=CC=C(C=N1)C1=CC=C(OCC(F)(F)F)C=C1,"2,01",,,,"3,93",,"1,754205548",TRUE,2022.0,1.0
CHEMBL343448,DB06176,Romidepsin,L01XH02,Противоопухолевые препараты и иммуномодуляторы,Success,"10,67",C\C=C1/NC(=O)[C@H]2CSSCC\C=C\[C@H](CC(=O)N[C@H](C(C)C)C(=O)N2)OC(=O)[C@@H](NC1=O)C(C)C,"-0,54",,,,"1,95",,"-2,380210201",FALSE,,
CHEMBL967,DB00231,Temazepam,N05CD07,Нервная система,Success,"10,68",CN1C2=C(C=C(Cl)C=C2)C(=NC(O)C1=O)C1=CC=CC=C1,"-1,4",,,,"2,16","2,19","-0,5301822798",FALSE,1981.0,1.0
CHEMBL22097,DB13872,Lormetazepam,N05CD06,Нервная система,Success,"10,68",CN1C2=C(C=C(Cl)C=C2)C(=NC(O)C1=O)C1=CC=CC=C1Cl,"-2,2",,,,"2,92",,"-0,5762342656",FALSE,,
CHEMBL77622,DB12313,Dopexamine,C01CA14,Сердечно-сосудистая система,Success,"10,71",OC1=C(O)C=C(CCNCCCCCCNCCC2=CC=CC=C2)C=C1,"10,14",,,,"3,75",,"-0,1725332611",FALSE,,
CHEMBL696,DB00593,Ethosuximide,N03AD01; N03AD51,Нервная система,Success,"10,73",CCC1(C)CC(=O)NC1=O,"-6,6",,,,"0,1","0,38","-2,083042315",FALSE,1960.0,1.0
CHEMBL1269025,DB09075,Edoxaban,B01AF03,Кровь и органы кроветворения,Success,"10,74",CN(C)C(=O)[C@H]1CC[C@H](NC(=O)C(=O)NC2=NC=C(Cl)C=C2)[C@@H](C1)NC(=O)C1=NC2=C(CN(C)CC2)S1,"6,33","6,7",,6.7,"1,61",,"-2,113819491",FALSE,2015.0,1.0
CHEMBL727,DB00352,Tioguanine,L01BB03,Противоопухолевые препараты и иммуномодуляторы,Success,"10,81",NC1=NC(=S)C2=C(N1)N=CN2,"4,54",,,,"-0,36","-0,07","-1,636133955",FALSE,1966.0,1.0
CHEMBL43,DB00276,Amsacrine,L01XX01,Противоопухолевые препараты и иммуномодуляторы,Success,"10,82",COC1=C(NC2=C3C=CC=CC3=NC3=CC=CC=C23)C=CC(NS(C)(=O)=O)=C1,"8,44",,,,"4,66","3,8","0,3404216807",FALSE,1987.0,0.0
CHEMBL499458,DB00541,Vincristine,L01CA02,Противоопухолевые препараты и иммуномодуляторы,No Drug Record,"10,85",[H][C@@]12N3CC[C@@]11C4=C(C=C(OC)C(=C4)[C@]4(C[C@H]5C[N@](C[C@](O)(CC)C5)CCC5=C4NC4=CC=CC=C54)C(=O)OC)N(C=O)[C@@]1([H])[C@](O)([C@H](OC(C)=O)[C@]2(CC)C=CC3)C(=O)OC,"8,66",5,,5,"3,36","2,82","-2,894281932",FALSE,,
CHEMBL90555,,VINCRISTINE,L01CA02,Противоопухолевые препараты и иммуномодуляторы,,"10,85",CC[C@]1(O)C[C@H]2CN(CCc3c([nH]c4ccccc34)[C@@](C(=O)OC)(c3cc4c(cc3OC)N(C=O)[C@H]3[C@@](O)(C(=O)OC)[C@H](OC(C)=O)[C@]5(CC)C=CCN6CC[C@]43[C@@H]65)C2)C1,"8,66",,,,"3,52",,"-2,894281932",FALSE,1963.0,0.0
CHEMBL502835,DB09079,Nintedanib,L01EX09,Противоопухолевые препараты и иммуномодуляторы,Success,"10,86",COC(=O)C1=CC=C2C(NC(=O)\C2=C(/NC2=CC=C(C=C2)N(C)C(=O)CN2CCN(C)CC2)C2=CC=CC=C2)=C1,"7,23",,,,"3,7",,"-0,3136358096",FALSE,2014.0,1.0
CHEMBL553025,DB00361,Vinorelbine,L01CA04,Противоопухолевые препараты и иммуномодуляторы,Success,"10,87",[H][C@@]12N(C)C3=CC(OC)=C(C=C3[C@@]11CCN3CC=C[C@](CC)([C@@]13[H])[C@@]([H])(OC(C)=O)[C@]2(O)C(=O)OC)[C@]1(C[C@@]2([H])CN(CC(CC)=C2)CC2=C1NC1=CC=CC=C21)C(=O)OC,"8,66",,,,"4,39",4,"-2,785972309",FALSE,1994.0,0.0
CHEMBL159,DB00570,Vinblastine,L01CA01,Противоопухолевые препараты и иммуномодуляторы,Success,"10,87",[H][C@@]12N(C)C3=CC(OC)=C(C=C3[C@@]11CCN3CC=C[C@@](CC)([C@@H](OC(C)=O)[C@]2(O)C(=O)OC)[C@@]13[H])[C@]1(C[C@@]2([H])CN(C[C@](O)(CC)C2)CCC2=C1NC1=C2C=CC=C1)C(=O)OC,"8,86",,,,"4,22","3,7","-2,869972727",FALSE,1965.0,0.0
CHEMBL2110725,DB11641,Vinflunine,L01CA05,Противоопухолевые препараты и иммуномодуляторы,Success,"10,87",CC[C@@]12C=CCN3CC[C@@]4([C@H]13)[C@@H](N(C)C1=CC(OC)=C(C=C41)[C@]1(C[C@@H]3C[C@H](C[N@@](C3)CC3=C1NC1=CC=CC=C31)C(C)(F)F)C(=O)OC)[C@](O)([C@@H]2OC(C)=O)C(=O)OC,"8,66",,,,"4,5",,"-2,302210239",FALSE,2009.0,0.0
CHEMBL762,DB00935,Oxymetazoline,R01AA05; R01AB07; D11AX27; S01GA04,Дыхательная система,Success,"10,91",CC1=CC(=C(O)C(C)=C1CC1=NCCN1)C(C)(C)C,"10,15",,,,"3,03","3,4","0,4770583927",FALSE,1986.0,0.0
CHEMBL1556,DB04335,Inosine,S01XA10; D06BB05; G01AX02; J05AX05,Органы чувств,Success,"10,93",OC[C@H]1O[C@H]([C@H](O)[C@@H]1O)N1C=NC2=C1NC=NC2=O,"2,74",,,,"-1,7","-2,1","-1,699090055",FALSE,,
CHEMBL1460,DB00900,Didanosine,J05AF02,Противомикробные (системные),Success,"10,94",OC[C@@H]1CC[C@@H](O1)N1C=NC2=C1NC=NC2=O,"2,76",,,,"-0,99","-1,24","-1,952734976",FALSE,1991.0,1.0
CHEMBL3889654,DB14723,Larotrectinib,L01EX12,Противоопухолевые препараты и иммуномодуляторы,Success,"10,94",O[C@H]1CCN(C1)C(=O)NC1=C2N=C(C=CN2N=C1)N1CCC[C@@H]1C1=C(F)C=CC(F)=C1,"0,7",,,,"2,07",,"0,1022226951",FALSE,2018.0,1.0
CHEMBL3301607,DB14845,Filgotinib,L04AF04,Противоопухолевые препараты и иммуномодуляторы,Success,"10,96",O=C(NC1=NN2C(C=CC=C2C2=CC=C(CN3CCS(=O)(=O)CC3)C=C2)=N1)C1CC1,"3,32",,,,"1,99",,"-0,7064959389",FALSE,2020.0,0.0
CHEMBL526,DB00818,Propofol,N01AX10,Нервная система,Success,"10,98",CC(C)C1=CC=CC(C(C)C)=C1O,-5,"11,1",,11.1 (at 20 °C),"3,81","3,79","-0,2008055866",FALSE,1989.0,0.0
CHEMBL21,DB00259,Sulfanilamide,J01EB06; D06BA05,Противомикробные (системные),Success,"10,99",NC1=CC=C(C=C1)S(N)(=O)=O,"2,27","10,6",,10.6 (at 20 °C),"-0,16","-0,62","0,3505895981",FALSE,1985.0,0.0
CHEMBL1421,DB01254,Dasatinib,L01EA02,Противоопухолевые препараты и иммуномодуляторы,Success,"10,99",CC1=NC(NC2=NC=C(S2)C(=O)NC2=C(C)C=CC=C2Cl)=CC(=N1)N1CCN(CCO)CC1,"7,19",,,,"2,77","1,8","-0,8776648799",FALSE,2006.0,1.0
CHEMBL308954,DB06414,Etravirine,J05AG04,Противомикробные (системные),Success,"10,99",CC1=CC(=CC(C)=C1OC1=C(Br)C(N)=NC(NC2=CC=C(C=C2)C#N)=N1)C#N,"3,49",,,,"3,67",,"-0,7306265698",FALSE,2008.0,1.0
CHEMBL1200932,DB08947,Iopamidol,V08AB04,Прочие препараты,Success,11,C[C@H](O)C(=O)NC1=C(I)C(C(=O)NC(CO)CO)=C(I)C(C(=O)NC(CO)CO)=C1I,"-2,8",,,,"-2,3",,"-1,161222979",FALSE,1985.0,0.0
CHEMBL192,DB00203,Sildenafil,G04BE03,Мочеполовая система и половые гормоны,Success,"11,14",CCCC1=NN(C)C2=C1N=C(NC2=O)C1=CC(=CC=C1OCC)S(=O)(=O)N1CCN(C)CC1,"5,99",,,,"1,8","1,9","-0,7461790404",FALSE,1998.0,1.0
CHEMBL3545062,DB11613,Velpatasvir,J05AP55; J05AP56,Противомикробные (системные),No ATC,"11,14",COC[C@H]1C[C@H](N(C1)C(=O)[C@H](NC(=O)OC)C1=CC=CC=C1)C1=NC=C(N1)C1=CC=C2C(COC3=CC4=C(C=CC5=C4NC(=N5)[C@@H]4CC[C@H](C)N4C(=O)[C@@H](NC(=O)OC)C(C)C)C=C23)=C1,"5,97",,,,"5,39",,"-1,6945987",FALSE,2016.0,1.0
CHEMBL2023898,DB09102,Daclatasvir,J05AP07,Противомикробные (системные),Success,"11,15",COC(=O)N[C@@H](C(C)C)C(=O)N1CCC[C@H]1C1=NC=C(N1)C1=CC=C(C=C1)C1=CC=C(C=C1)C1=CN=C(N1)[C@@H]1CCCN1C(=O)[C@@H](NC(=O)OC)C(C)C,"6,09",,,,"4,67",,"-0,9922288491",FALSE,2014.0,1.0
CHEMBL3707310,DB17992,Lotilaner,S01AX25,Органы чувств,Success,"11,15",CC1=C(SC(=C1)C1=NO[C@@](C1)(C1=CC(Cl)=C(Cl)C(Cl)=C1)C(F)(F)F)C(=O)NCC(=O)NCC(F)(F)F,"0,94",,,,"5,81",,"0,574721479",TRUE,,
CHEMBL1472,DB09421,Protirelin,V04CJ02,Прочие препараты,Success,"11,15",[H][C@@](CC1=CN=CN1)(NC(=O)[C@]1([H])CCC(=O)N1)C(=O)N1CCC[C@@]1([H])C(N)=O,"6,74",,,,"-2,3",,"-2,280972503",FALSE,,
CHEMBL1095,DB00754,Ethotoin,N03AB01,Нервная система,Success,"11,18",CCN1C(=O)NC(C1=O)C1=CC=CC=C1,"-8,4",,,,"1,11","1,05","-1,181309766",FALSE,1957.0,1.0
CHEMBL128,DB00669,Sumatriptan,N02CC01,Нервная система,Success,"11,24",CNS(=O)(=O)CC1=CC=C2NC=C(CCN(C)C)C2=C1,"9,54","4,9",,4.9,"1,17","0,93","-1,013289473",FALSE,1992.0,1.0
CHEMBL760,DB00261,Anagrelide,L01XX35,Противоопухолевые препараты и иммуномодуляторы,Success,"11,25",ClC1=CC=C2N=C3NC(=O)CN3CC2=C1Cl,"3,62",,,,"1,95","2,4","-1,54826843",FALSE,1997.0,1.0
CHEMBL382301,DB09059,Atosiban,G02CX01,Мочеполовая система и половые гормоны,Success,"11,28",[H][C@]1(NC(=O)[C@@]([H])(NC(=O)[C@@H](CC2=CC=C(OCC)C=C2)NC(=O)CCSSC[C@H](NC(=O)[C@H](CC(N)=O)NC1=O)C(=O)N1CCC[C@H]1C(=O)N[C@@H](CCCN)C(=O)NCC(N)=O)[C@@H](C)CC)[C@@H](C)O,"9,59",,,,"-0,17",,"-1,799632588",FALSE,,
CHEMBL2219740,DB13142,Calcium glubionate anhydrous,A12AA02,ЖКТ и обмен веществ,Success,"11,32",OC[C@@H](O)[C@@H](O)[C@H](O)[C@@H](O)C(=O)O[Ca]OC(=O)[C@H](O)[C@@H](O)[C@H](O[C@@H]1O[C@H](CO)[C@H](O)[C@H](O)[C@H]1O)[C@H](O)CO,"-3,6",,,,"-2,5",,"-0,4052265887",FALSE,,
CHEMBL2374220,DB09027,Ledipasvir,J05AP51,Противомикробные (системные),No ATC,"11,33",COC(=O)N[C@@H](C(C)C)C(=O)N1CC2(CC2)C[C@H]1C1=NC(=CN1)C1=CC=C2C3=CC=C(C=C3C(F)(F)C2=C1)C1=CC=C2NC(=NC2=C1)[C@@H]1[C@H]2CC[C@H](C2)N1C(=O)[C@@H](NC(=O)OC)C(C)C,"5,29",4,5,"pka1 = 4.0, pka2 = 5.0","5,98","3,8","-0,7014086639",FALSE,2014.0,1.0
CHEMBL189963,DB09073,Palbociclib,L01EF01,Противоопухолевые препараты и иммуномодуляторы,Success,"11,34",CC(=O)C1=C(C)C2=CN=C(NC3=NC=C(C=C3)N3CCNCC3)N=C2N(C2CCCC2)C1=O,"8,86","7,4","3,9",7.4 (the secondary piperazine nitrogen) and 3.9 (the pyridine nitrogen),"2,12","0,99","-0,8194192526",FALSE,2015.0,1.0
CHEMBL238071,DB00309,Vindesine,L01CA03,Противоопухолевые препараты и иммуномодуляторы,Success,"11,34",[H][C@@]12N3CC[C@@]11C4=CC(=C(OC)C=C4N(C)[C@@]1([H])[C@](O)([C@H](O)[C@]2(CC)C=CC3)C(N)=O)[C@]1(C[C@@]2([H])CN(C[C@](O)(CC)C2)CCC2=C1NC1=C2C=CC=C1)C(=O)OC,"9,09",,,,"2,79","2,9","-3,015879253",FALSE,,
CHEMBL2107825,DB09299,Tenofovir alafenamide,J05AF13,Противомикробные (системные),Success,"11,36",CC(C)OC(=O)[C@H](C)N[P@](=O)(CO[C@H](C)CN1C=NC2=C(N)N=CN=C12)OC1=CC=CC=C1,"5,12","3,96",,3.96,"1,49","1,6","-1,576305219",FALSE,2015.0,1.0
CHEMBL3989908,DB13874,Enasidenib,L01XM01,Противоопухолевые препараты и иммуномодуляторы,Success,"11,37",CC(C)(O)CNC1=NC(=NC(NC2=CC(=NC=C2)C(F)(F)F)=N1)C1=NC(=CC=C1)C(F)(F)F,"3,82",,,,"4,25",,"0,710280986",TRUE,2017.0,1.0
CHEMBL2043437,DB11978,Glasdegib,L01XJ03,Противоопухолевые препараты и иммуномодуляторы,Success,"11,39",CN1CC[C@H](C[C@@H]1C1=NC2=CC=CC=C2N1)NC(=O)NC1=CC=C(C=C1)C#N,"6,67",6,,6,"2,68","2,28","-2,24236878",FALSE,2018.0,1.0
CHEMBL403664,DB00290,Bleomycin,L01DC01,Противоопухолевые препараты и иммуномодуляторы,No Drug Record,"11,39",[H][C@](C)(NC(=O)[C@@]([H])(NC(=O)C1=NC(=NC(N)=C1C)[C@H](CC(N)=O)NC[C@H](N)C(N)=O)[C@@]([H])(OC1OC(CO)C(O)C(O)C1OC1OC(CO)C(O)C(OC(N)=O)C1O)C1=CNC=N1)[C@@H](O)[C@H](C)C(=O)N[C@]([H])(C(=O)NCCC1=NC(=CS1)C1=NC(=CS1)C(=O)NCCC[S+](C)C)[C@@]([H])(C)O,"7,65",,,,"-0,41",,"-1,357275006",FALSE,,
CHEMBL945,DB00594,Amiloride,C03DB01,Сердечно-сосудистая система,Success,"11,43",NC(=N)NC(=O)C1=NC(Cl)=C(N)N=C1N,"7,35","8,7",,8.7,"-0,48","-0,3","-0,8602414413",FALSE,1981.0,1.0
CHEMBL1200507,DB01249,Iodixanol,V08AB09,Прочие препараты,Success,"11,43",CC(=O)N(CC(O)CN(C(C)=O)C1=C(I)C(C(=O)NCC(O)CO)=C(I)C(C(=O)NCC(O)CO)=C1I)C1=C(I)C(C(=O)NCC(O)CO)=C(I)C(C(=O)NCC(O)CO)=C1I,"-3,2",,,,"-2,9","0,5","-0,4260149236",FALSE,,
CHEMBL175691,DB08864,Rilpivirine,J05AG05,Противомикробные (системные),Success,"11,43",CC1=CC(\C=C\C#N)=CC(C)=C1NC1=CC=NC(NC2=CC=C(C=C2)C#N)=N1,"4,44","5,6",,5.6,"3,8","4,86","-0,8451788907",FALSE,2011.0,1.0
CHEMBL535,DB01268,Sunitinib,L01EX01,Противоопухолевые препараты и иммуномодуляторы,Success,"11,46",CCN(CC)CCNC(=O)C1=C(C)NC(\C=C2/C(=O)NC3=C2C=C(F)C=C3)=C1C,"9,04","8,95",,8.95,"3,24","5,2","1,323408734",TRUE,2006.0,1.0
CHEMBL3655081,DB14973,Abrocitinib,D11AH08,Дерматологические препараты,Success,"11,47",CCCS(=O)(=O)N[C@H]1C[C@H](C1)N(C)C1=C2C=CNC2=NC=N1,"6,45",,,,"0,93",,"-2,076790844",FALSE,2021.0,1.0
CHEMBL4791392,DB06713,Norelgestromin,G03AA13,Мочеполовая система и половые гормоны,No Drug Record,"11,47",[H][C@@]12CC[C@@](O)(C#C)[C@@]1(CC)CC[C@]1([H])[C@@]3([H])CCC(C=C3CC[C@@]21[H])=NO,"3,12",,,,"3,18",,"-2,968747185",FALSE,,
CHEMBL1200934,DB00957,Norgestimate,G03AA11; G03FA13; G03AB09,Мочеполовая система и половые гормоны,No ATC,"11,47",[H][C@@]12CC[C@@](OC(C)=O)(C#C)[C@@]1(CC)CC[C@]1([H])[C@@]3([H])CC\C(C=C3CC[C@@]21[H])=N/O,"3,11",,,,"3,8",,"-2,735138519",FALSE,1989.0,1.0
CHEMBL1200807,,NORELGESTROMIN,B03BA05,Кровь и органы кроветворения,,"11,47",C#C[C@]1(O)CC[C@H]2[C@@H]3CCC4=C/C(=N/O)CC[C@@H]4[C@H]3CC[C@@]21CC,"3,12",,,,"4,14",,"-2,968747185",FALSE,2001.0,0.0
CHEMBL1770916,DB12005,Nirogacestat,L01XX81,Противоопухолевые препараты и иммуномодуляторы,Success,"11,48",CCC[C@H](N[C@H]1CCC2=CC(F)=CC(F)=C2C1)C(=O)NC1=CN(C=N1)C(C)(C)CNCC(C)(C)C,"10,45","5,77","7,13","5.77, 7.13","3,9",,"-0,1618751991",FALSE,,
CHEMBL1652,DB01122,Ambenonium,N07AA30,Нервная система,Success,"11,48",CC[N+](CC)(CCNC(=O)C(=O)NCC[N+](CC)(CC)CC1=CC=CC=C1Cl)CC1=CC=CC=C1Cl,"-3,6",,,,"2,27",,"-0,318968937",FALSE,1956.0,1.0
CHEMBL3301624,DB11700,Setmelanotide,A08AA12,ЖКТ и обмен веществ,Success,"11,48",[H]N([H])C(=O)[C@@H]1CSSC[C@H](N([H])C(=O)[C@H](CCCN=C(N([H])[H])N([H])[H])N([H])C(C)=O)C(=O)N[C@H](C)C(=O)N[C@@H](CC2=CN=CN2[H])C(=O)N[C@H](CC2=CC=CC=C2)C(=O)N[C@@H](CCCN=C(N)N)C(=O)N[C@@H](CC2=CN([H])C3=CC=CC=C23)C(=O)N1,11,,,,"-0,22",,"-1,763277781",FALSE,,
CHEMBL888,DB00441,Gemcitabine,L01BC05,Противоопухолевые препараты и иммуномодуляторы,Success,"11,52",NC1=NC(=O)N(C=C1)[C@@H]1O[C@H](CO)[C@@H](O)C1(F)F,"3,65","3,6",,3.6,"0,14","-1,4","-0,4079616155",FALSE,1996.0,0.0
CHEMBL71595,DB11091,Hydrogen peroxide,S02AA06; A01AB02; D11AX25; D08AX01,Органы чувств,Success,"11,52",OO,"-4,2",,,,"-0,45",,"-1,172777701",FALSE,2017.0,0.0
CHEMBL1201335,DB00986,Glycopyrronium,R03BB06; A03AB02; D11AA01,Дыхательная система,Success,"11,53",C[N+]1(C)CCC(C1)OC(=O)C(O)(C1CCCC1)C1=CC=CC=C1,"-4,3",,,,"-1,2","-1,52","-1,939059337",FALSE,1961.0,1.0
CHEMBL1201286,DB00219,Oxyphenonium,A03AB03; A03AB53,ЖКТ и обмен веществ,Success,"11,53",CC[N+](C)(CC)CCOC(=O)C(O)(C1CCCCC1)C1=CC=CC=C1,"-4,3",,,,"0,2","0,17","-1,234764085",FALSE,1982.0,1.0
CHEMBL1231,DB01062,Oxybutynin,G04BD04,Мочеполовая система и половые гормоны,Success,"11,53",CCN(CC)CC#CCOC(=O)C(O)(C1CCCCC1)C1=CC=CC=C1,"8,77","08,04",,08.04,"4,36","4,3","-1,635884593",FALSE,1975.0,1.0
CHEMBL3544914,DB11712,Tezacaftor,R07AX32; R07AX31; R07AX33,Дыхательная система,No ATC,"11,54",CC(C)(CO)C1=CC2=CC(NC(=O)C3(CC3)C3=CC=C4OC(F)(F)OC4=C3)=C(F)C=C2N1C[C@@H](O)CO,"-2,8","13,99","0,19","13.99, 0.19","2,97",,"0,3336800755",FALSE,2018.0,1.0
CHEMBL1495,DB00383,Oxyphencyclimine,A03AA01,ЖКТ и обмен веществ,Success,"11,54",CN1CCCN=C1COC(=O)C(O)(C1CCCCC1)C1=CC=CC=C1,"9,27",,,,"2,89","3,7","-1,543643869",FALSE,1982.0,1.0
CHEMBL1278,DB00952,Naratriptan,N02CC02,Нервная система,Success,"11,55",CNS(=O)(=O)CCC1=CC2=C(NC=C2C2CCN(C)CC2)C=C1,"9,18",,,,"2,16","1,6","-1,549654218",FALSE,1998.0,1.0
CHEMBL1336,DB00398,Sorafenib,L01EX02,Противоопухолевые препараты и иммуномодуляторы,Success,"11,55",CNC(=O)C1=NC=CC(OC2=CC=C(NC(=O)NC3=CC(=C(Cl)C=C3)C(F)(F)F)C=C2)=C1,"3,03",,,,"4,12",,"0,3861808309",FALSE,2005.0,1.0
CHEMBL2403108,DB09063,Ceritinib,L01ED02,Противоопухолевые препараты и иммуномодуляторы,Success,"11,58",CC(C)OC1=C(NC2=NC=C(Cl)C(N2)=NC2=CC=CC=C2S(=O)(=O)C(C)C)C=C(C)C(=C1)C1CCNCC1,"10,07","9,7","4,1",9.7 and 4.1,"5,23",,"-1,01949083",FALSE,2014.0,1.0
CHEMBL91238,DB09247,Iproclozide,N06AF06,Нервная система,Success,"11,58",CC(C)NNC(=O)COC1=CC=C(Cl)C=C1,"3,97",,,,"1,91",,"-0,9781779486",FALSE,,
CHEMBL468,DB01041,Thalidomide,L04AX02,Противоопухолевые препараты и иммуномодуляторы,Success,"11,59",O=C1N(C2CCC(=O)NC2=O)C(=O)C2=CC=CC=C12,"-6,4",,,,"0,42","0,33","-1,194022325",FALSE,1956.0,1.0
CHEMBL43452,DB08910,Pomalidomide,L04AX06,Противоопухолевые препараты и иммуномодуляторы,Success,"11,59",NC1=CC=CC2=C1C(=O)N(C1CCC(=O)NC1=O)C2=O,"1,56",,,,"0,02",,"-1,510376326",FALSE,2013.0,1.0
CHEMBL3545110,DB11730,Ribociclib,L01EF02,Противоопухолевые препараты и иммуномодуляторы,Success,"11,59",CN(C)C(=O)C1=CC2=CN=C(NC3=CC=C(C=N3)N3CCNCC3)N=C2N1C1CCCC1,"8,87",,,,"2,5",,"-0,9546592452",FALSE,2017.0,1.0
CHEMBL3894860,DB15442,Trilaciclib,V03AF12,Прочие препараты,Success,"11,59",CN1CCN(CC1)C1=CN=C(NC2=NC3=C(C=C4N3C3(CCCCC3)CNC4=O)C=N2)C=C1,"7,65",,,,"2,85",,"-1,09411713",FALSE,2021.0,0.0
CHEMBL848,DB00480,Lenalidomide,L04AX04,Противоопухолевые препараты и иммуномодуляторы,Success,"11,61",NC1=CC=CC2=C1CN(C1CCC(=O)NC1=O)C2=O,"2,31",,,,"-0,71","-0,4","-2,17714665",FALSE,2005.0,1.0
CHEMBL781,DB00579,Mazindol,A08AA05,ЖКТ и обмен веществ,Success,"11,61",OC1(N2CCN=C2C2=CC=CC=C12)C1=CC=C(Cl)C=C1,"3,86",,,,"2,64","3,7","-1,037167498",FALSE,1973.0,1.0
CHEMBL1093,DB09009,Articaine,N01BB08; N01BB58,Нервная система,Success,"11,61",CCCNC(C)C(=O)NC1=C(SC=C1C)C(=O)OC,"8,68",,,,"1,93",,"-1,170837825",FALSE,2000.0,0.0
CHEMBL512351,DB12364,Betrixaban,B01AF04,Кровь и органы кроветворения,Success,"11,63",COC1=CC=C(NC(=O)C2=CC=C(C=C2)C(=N)N(C)C)C(=C1)C(=O)NC1=CC=C(Cl)C=N1,"10,91",,,,"2,86",,"-0,5485580872",FALSE,2017.0,1.0
CHEMBL862,DB01018,Guanfacine,C02AC02,Сердечно-сосудистая система,Success,"11,64",NC(=N)NC(=O)CC1=C(Cl)C=CC=C1Cl,"8,65",,,,"2,28","0,86","-0,670503878",FALSE,1986.0,1.0
CHEMBL3414621,DB12887,Tazemetostat,L01XX72,Противоопухолевые препараты и иммуномодуляторы,Success,"11,64",CCN(C1CCOCC1)C1=C(C)C(=CC(=C1)C1=CC=C(CN2CCOCC2)C=C1)C(=O)NCC1=C(C)C=C(C)NC1=O,"7,19",,,,"4,44","2,82","-0,7491990762",FALSE,2020.0,1.0
CHEMBL2051960,DB09012,Carbazochrome,B02BX02,Кровь и органы кроветворения,Success,"11,64",CN1CC(O)C2=C\C(=N\NC(N)=O)C(=O)C=C12,"1,98",,,,"-0,47",,"-2,358916238",FALSE,,
CHEMBL2107212,DB12407,Iobitridol,V08AB11,Прочие препараты,Success,"11,64",CN(CC(O)CO)C(=O)C1=C(I)C(C(=O)N(C)CC(O)CO)=C(I)C(NC(=O)C(CO)CO)=C1I,"-2,7",,,,"-2,5",,"-0,8408265368",FALSE,,
CHEMBL2106794,DB13680,Naftazone,C05CX02,Сердечно-сосудистая система,Success,"11,64",NC(=O)N\N=C1/C=CC2=CC=CC=C2C1=O,"-1,2",,,,"1,2",,"-0,4366635396",FALSE,,0.0
CHEMBL452,DB01068,Clonazepam,N03AE01,Нервная система,Success,"11,65",[O-][N+](=O)C1=CC2=C(NC(=O)CN=C2C2=CC=CC=C2Cl)C=C1,"1,89",,,,"2,76","2,41","-0,4924376582",FALSE,1975.0,1.0
CHEMBL13209,DB01595,Nitrazepam,N05CD02,Нервная система,Success,"11,66",[O-][N+](=O)C1=CC2=C(NC(=O)CN=C2C2=CC=CC=C2)C=C1,"2,65",,,,"1,95","2,25","-0,5059103975",FALSE,,
CHEMBL297302,DB12867,Benperidol,N05AD07,Нервная система,Success,"11,67",OC1=NC2=CC=CC=C2N1C1CCN(CCCC(=O)C2=CC=C(F)C=C2)CC1,"8,55",,,,"3,6",,"0,4200160201",FALSE,,
CHEMBL488,DB00357,Aminoglutethimide,L02BG01,Противоопухолевые препараты и иммуномодуляторы,Success,"11,69",CCC1(CCC(=O)NC1=O)C1=CC=C(N)C=C1,"4,28",,,,"1,49","1,3","-1,549299004",FALSE,1980.0,1.0
CHEMBL1102,DB01437,Glutethimide,N05CE01,Нервная система,Success,"11,69",CCC1(CCC(=O)NC1=O)C1=CC=CC=C1,"-6,7","9,2",,9.2,"1,89","1,9","-1,728633371",FALSE,1976.0,1.0
CHEMBL1908364,DB08997,Dexetimide,N04AA08,Нервная система,Success,"11,69",O=C1CC[C@@](C2CCN(CC3=CC=CC=C3)CC2)(C(=O)N1)C1=CC=CC=C1,"8,66",,,,"3,54",,"-1,691952371",FALSE,,
CHEMBL481,DB00762,Irinotecan,L01CE02,Противоопухолевые препараты и иммуномодуляторы,Success,"11,71",CCC1=C2CN3C(=CC4=C(COC(=O)[C@]4(O)CC)C3=O)C2=NC2=CC=C(OC(=O)N3CCC(CC3)N3CCCCC3)C=C12,"9,47",,,,"3,94",,"-1,495618761",FALSE,1996.0,0.0
CHEMBL3182343,DB01604,Pivampicillin,J01CA02,Противомикробные (системные),Success,"11,71",[H][C@]12SC(C)(C)[C@@H](N1C(=O)[C@H]2NC(=O)[C@H](N)C1=CC=CC=C1)C(=O)OCOC(=O)C(C)(C)C,"7,23",,,,"1,43",,"-2,455749892",FALSE,,
CHEMBL506110,DB12127,Sultamicillin,J01CR04,Противомикробные (системные),Success,"11,71",[H][C@]12SC(C)(C)[C@@H](N1C(=O)[C@H]2NC(=O)[C@H](N)C1=CC=CC=C1)C(=O)OCOC(=O)[C@@H]1N2C(=O)C[C@@]2([H])S(=O)(=O)C1(C)C,"7,23",,,,"1,55",,"-2,667393498",FALSE,,
CHEMBL1200614,DB09134,Ioversol,V08AB07,Прочие препараты,Success,"11,72",OCCN(C(=O)CO)C1=C(I)C(C(=O)NCC(O)CO)=C(I)C(C(=O)NCC(O)CO)=C1I,"-2,6",,,,-3,"-2,98","-1,000300923",FALSE,1988.0,0.0
CHEMBL1583,DB01602,Bacampicillin,J01CA06,Противомикробные (системные),Success,"11,72",[H][C@]12SC(C)(C)[C@@H](N1C(=O)[C@H]2NC(=O)[C@H](N)C1=CC=CC=C1)C(=O)OC(C)OC(=O)OCC,"7,23",,,,"1,17",,"-2,691902921",FALSE,1980.0,1.0
CHEMBL1200455,DB01362,Iohexol,V08AB02,Прочие препараты,Success,"11,73",CC(=O)N(CC(O)CO)C1=C(I)C(C(=O)NCC(O)CO)=C(I)C(C(=O)NCC(O)CO)=C1I,-3,,,,"-2,8","-3,05","-0,9134208491",FALSE,1985.0,1.0
CHEMBL493287,DB01296,Glucosamine,M01AX05,Костно-мышечная система,Success,"11,73",N[C@H]1C(O)O[C@H](CO)[C@@H](O)[C@@H]1O,"8,23",,,,"-2,7",,"-0,2434887954",FALSE,,
CHEMBL2107214,DB11705,Iomeprol,V08AB10,Прочие препараты,Success,"11,73",CN(C(=O)CO)C1=C(I)C(C(=O)NCC(O)CO)=C(I)C(C(=O)NCC(O)CO)=C1I,-3,,,,"-2,5",,"-1,012012863",FALSE,,
CHEMBL3991065,DB16098,Atogepant,N02CD07,Нервная система,Success,"11,74",C[C@@H]1[C@@H](C[C@H](NC(=O)C2=CN=C3C[C@]4(CC3=C2)C(=O)NC2=C4C=CC=N2)C(=O)N1CC(F)(F)F)C1=C(F)C(F)=CC=C1F,"3,83",,,,"3,62",,"0,3470940046",FALSE,2021.0,1.0
CHEMBL1201075,DB09135,Ioxilan,V08AB12,Прочие препараты,Success,"11,74",CC(=O)N(CC(O)CO)C1=C(I)C(C(=O)NCC(O)CO)=C(I)C(C(=O)NCCO)=C1I,"-1,7",,,,"-2,5",,"-0,9947452315",FALSE,1995.0,0.0
CHEMBL2364638,DB15328,Ubrogepant,N02CD04,Нервная система,Success,"11,74",C[C@@H]1[C@@H](C[C@H](NC(=O)C2=CN=C3C[C@]4(CC3=C2)C(=O)NC2=NC=CC=C42)C(=O)N1CC(F)(F)F)C1=CC=CC=C1,"3,83",,,,"3,07",,"-0,4579660678",FALSE,2019.0,1.0
CHEMBL918,DB01121,Phenacemide,N03AX07,Нервная система,Success,"11,75",NC(=O)NC(=O)CC1=CC=CC=C1,"-7,8",,,,"0,81","0,87","-0,977897708",FALSE,1951.0,1.0
CHEMBL1520,DB00862,Vardenafil,G04BE09,Мочеполовая система и половые гормоны,Success,"11,75",CCCC1=NC(C)=C2N1NC(=NC2=O)C1=C(OCC)C=CC(=C1)S(=O)(=O)N1CCN(CC)CC1,"6,21",,,,"2,18","1,4","-0,8589739465",FALSE,2003.0,1.0
CHEMBL509282,DB13221,Apronalide,N05CM12,Нервная система,Success,"11,75",CC(C)C(CC=C)C(=O)NC(N)=O,"-6,3",,,,"0,83",,"-1,943802603",FALSE,,
CHEMBL1451,DB00620,Triamcinolone,R01AD11; A01AC01; S01BA05; D07AB09; C05AA12; D07XB02; R03BA06; H02AB08,Дыхательная система,Success,"11,75",[H][C@@]12C[C@@H](O)[C@](O)(C(=O)CO)[C@@]1(C)C[C@H](O)[C@@]1(F)[C@@]2([H])CCC2=CC(=O)C=C[C@]12C,"-3,3",,,,"0,84",,"-1,810188131",FALSE,1957.0,1.0
CHEMBL409,DB01128,Bicalutamide,L02BB03,Противоопухолевые препараты и иммуномодуляторы,Success,"11,78",CC(O)(CS(=O)(=O)C1=CC=C(F)C=C1)C(=O)NC1=CC(=C(C=C1)C#N)C(F)(F)F,-4,12,,12.0,"2,7","2,5","1,050364538",TRUE,1995.0,1.0
CHEMBL869,DB00336,Nitrofural,S02AA02; D09AA03; D08AF01; P01CC02; B05CA03; S01AX04,Органы чувств,Success,"11,79",NC(=O)N\N=C\C1=CC=C(O1)[N+]([O-])=O,-2,10,,10,"0,23","0,23","-0,4405865021",FALSE,1945.0,0.0
CHEMBL70927,DB08826,Deferiprone,V03AC02,Прочие препараты,Success,"11,82",CN1C=CC(=O)C(O)=C1C,"-2,6","3,5",,3.5,"-0,6",,"-0,3333011207",FALSE,1999.0,1.0
CHEMBL1566,DB00284,Acarbose,A10BD17; A10BF01,ЖКТ и обмен веществ,No Drug Record,"11,83",[H]C(=O)[C@H](O)[C@@H](O)[C@]([H])(O[C@@]1([H])O[C@H](CO)[C@@]([H])(O[C@H]2O[C@H](C)[C@@H](N[C@@]3([H])C=C(CO)[C@@H](O)[C@H](O)[C@H]3O)[C@H](O)[C@H]2O)[C@H](O)[C@H]1O)[C@H](O)CO,"7,03",,,,"-2,7","-6,8","0,004867539594",FALSE,,
CHEMBL160,DB00091,Cyclosporine,L04AD01; S01XA18,Противоопухолевые препараты и иммуномодуляторы,Success,"11,83",CC[C@@H]1NC(=O)[C@H]([C@H](O)[C@H](C)C\C=C\C)N(C)C(=O)[C@H](C(C)C)N(C)C(=O)[C@H](CC(C)C)N(C)C(=O)[C@H](CC(C)C)N(C)C(=O)[C@@H](C)NC(=O)[C@H](C)NC(=O)[C@H](CC(C)C)N(C)C(=O)[C@@H](NC(=O)[C@H](CC(C)C)N(C)C(=O)CN(C)C1=O)C(C)C,"-2,4","13,32",,13.32±0.70,"3,64","1,4","-1,577556276",FALSE,,
,DB11693,Voclosporin,L04AD03,Противоопухолевые препараты и иммуномодуляторы,,"11,83",[H][C@@]1([C@H](O)[C@H](C)C\C=C\C=C)N(C)C(=O)[C@H](C(C)C)N(C)C(=O)[C@H](CC(C)C)N(C)C(=O)[C@H](CC(C)C)N(C)C(=O)[C@@H](C)NC(=O)[C@H](C)NC(=O)[C@H](CC(C)C)N(C)C(=O)[C@@H](NC(=O)[C@H](CC(C)C)N(C)C(=O)CN(C)C(=O)[C@H](CC)NC1=O)C(C)C,"-2,4","13,32",,13.32 ± 0.70,"3,78","8,6","-1,566310609",FALSE,,
CHEMBL1200823,DB09146,Iron sucrose,B03AB02,Кровь и органы кроветворения,Success,"11,84",O.O.O.[OH-].[O--].[O--].[O--].[O--].[O--].[O--].[O--].[O--].[Na+].[Na+].[Fe+3].[Fe+3].[Fe+3].[Fe+3].[Fe+3].OC[C@H]1O[C@@](CO)(O[C@H]2O[C@H](CO)[C@@H](O)[C@H](O)[C@H]2O)[C@@H](O)[C@@H]1O,-3,,,,"1,99",,"0,4394077017",FALSE,,
CHEMBL4066936,DB15456,Vericiguat,C01DX22,Сердечно-сосудистая система,Success,"11,84",COC(=O)NC1=C(N)N=C(N=C1N)C1=NN(CC2=CC=CC=C2F)C2=C1C=C(F)C=N2,"3,53",,,,"2,99",,"1,790852321",TRUE,2021.0,1.0
CHEMBL231813,DB05521,Telaprevir,J05AP02,Противомикробные (системные),Success,"11,86",[H][C@@]12CCC[C@]1([H])[C@H](N(C2)C(=O)[C@@H](NC(=O)[C@@H](NC(=O)C1=NC=CN=C1)C1CCCCC1)C(C)(C)C)C(=O)N[C@@H](CCC)C(=O)C(=O)NC1CC1,"-0,58",,,,"2,56",,"-2,395001281",FALSE,,
CHEMBL1643,DB00811,Ribavirin,J05AP01,Противомикробные (системные),Success,"11,88",NC(=O)C1=NN(C=N1)[C@@H]1O[C@H](CO)[C@@H](O)[C@H]1O,"-1,2",,,,"-1,9","-1,85","-1,162883881",FALSE,1985.0,1.0
CHEMBL1441,DB00609,Ethionamide,J04AD03,Противомикробные (системные),Success,"11,89",CCC1=NC=CC(=C1)C(N)=S,5,,,,"1,88","0,5","-1,50777059",FALSE,1965.0,1.0
CHEMBL1378024,DB12667,Protionamide,J04AD01,Противомикробные (системные),Success,"11,89",CCCC1=CC(=CC=N1)C(N)=S,"4,97",,,,"2,25",,"-1,1448661",FALSE,,
CHEMBL451887,DB08889,Carfilzomib,L01XG02,Противоопухолевые препараты и иммуномодуляторы,Success,"11,91",CC(C)C[C@H](NC(=O)[C@H](CCC1=CC=CC=C1)NC(=O)CN1CCOCC1)C(=O)N[C@@H](CC1=CC=CC=C1)C(=O)N[C@@H](CC(C)C)C(=O)[C@@]1(C)CO1,"4,96","3,5",,3.5,"3,21",,"-0,8137633527",FALSE,,
CHEMBL1163,DB01072,Atazanavir,J05AE08,Противомикробные (системные),Success,"11,92",COC(=O)N[C@H](C(=O)N[C@@H](CC1=CC=CC=C1)[C@@H](O)CN(CC1=CC=C(C=C1)C1=CC=CC=N1)NC(=O)[C@@H](NC(=O)OC)C(C)(C)C)C(C)(C)C,"4,42",,,,"4,08","4,5","-1,154617525",FALSE,2003.0,1.0
CHEMBL1201748,DB06772,Cabazitaxel,L01CD04,Противоопухолевые препараты и иммуномодуляторы,Success,"11,96",[H][C@]12[C@H](OC(=O)C3=CC=CC=C3)[C@]3(O)C[C@H](OC(=O)[C@H](O)[C@@H](NC(=O)OC(C)(C)C)C4=CC=CC=C4)C(C)=C([C@@H](OC)C(=O)[C@]1(C)[C@H](C[C@H]1OC[C@@]21OC(C)=O)OC)C3(C)C,"-3,6",,,,"3,69",,"-2,36288459",FALSE,2010.0,0.0
CHEMBL507361,DB07101,Mirdametinib,L01EE05,Противоопухолевые препараты и иммуномодуляторы,Success,"11,97",[H][C@@](O)(CO)CONC(=O)C1=C(NC2=CC=C(I)C=C2F)C(F)=C(F)C=C1,-3,"7,96",,7.96,"2,64",,"1,592197679",TRUE,,
CHEMBL184,DB00787,Acyclovir,D06BB03; D06BB53; J05AB01; S01AD03,Дерматологические препараты,Success,"11,98",NC1=NC(=O)C2=C(N1)N(COCCO)C=N2,"3,02","2,52","9,35",2.52 and 9.35,"-0,95","-1,76","-1,131692253",FALSE,1982.0,1.0
CHEMBL1770248,DB11827,Ertugliflozin,A10BK04,ЖКТ и обмен веществ,Success,"11,98",CCOC1=CC=C(CC2=CC(=CC=C2Cl)[C@]23OC[C@](CO)(O2)[C@@H](O)[C@H](O)[C@H]3O)C=C1,"-3,1",,,,"2,21",,"-1,437981377",FALSE,2017.0,1.0
CHEMBL1201314,DB01610,Valganciclovir,J05AB14,Противомикробные (системные),Success,"11,98",CC(C)[C@H](N)C(=O)OCC(CO)OCN1C=NC2=C1NC(N)=NC2=O,"7,48",,,,"-0,81",,"-1,639486666",FALSE,2001.0,1.0
CHEMBL1349,DB00577,Valaciclovir,J05AB11,Противомикробные (системные),Success,"11,99",CC(C)[C@H](N)C(=O)OCCOCN1C=NC2=C1NC(N)=NC2=O,"7,48","7,47","9,43","1.90, 7.47, and 9.43","-0,84","-0,3","-1,199364245",FALSE,1995.0,1.0
CHEMBL1200851,DB00725,Homatropine methylbromide,A03CB04; A03BB06,ЖКТ и обмен веществ,No Drug Record,"11,99",[Br-].C[N+]1(C)C2CCC1CC(C2)OC(=O)C(O)C1=CC=CC=C1,"-4,1",,,,"-1,9","3,42","-2,351903943",FALSE,,
CHEMBL46516,DB04842,Fluspirilene,N05AG01,Нервная система,Success,"11,99",FC1=CC=C(C=C1)C(CCCN1CCC2(CC1)N(CNC2=O)C1=CC=CC=C1)C1=CC=C(F)C=C1,"9,31",,,,"5,18","5,86","-0,1537337687",FALSE,,
CHEMBL1480987,DB04838,Cyclandelate,C04AX01,Сердечно-сосудистая система,Success,"11,99",CC1CC(CC(C)(C)C1)OC(=O)C(O)C1=CC=CC=C1,"-4,1",,,,"3,79",,"-2,333912145",FALSE,,
CHEMBL1618018,DB11181,Homatropine,S01FA05,Органы чувств,Success,"11,99",[H][C@]12CC[C@]([H])(C[C@@H](C1)OC(=O)C(O)C1=CC=CC=C1)N2C,"9,38",,,,"1,91",,"-2,284621763",FALSE,,
CHEMBL1540,DB00299,Penciclovir,D06BB06; J05AB13,Дерматологические препараты,Success,12,NC1=NC(=O)C2=C(N1)N(CCC(CO)CO)C=N2,"2,88",,,,"-0,86","-1,1","-1,933965996",FALSE,1996.0,0.0
CHEMBL713,DB00442,Entecavir,J05AF10,Противомикробные (системные),Success,12,NC1=NC(=O)C2=C(N1)N(C=N2)[C@H]1C[C@H](O)[C@@H](CO)C1=C,"3,14",,,,"-0,81","-0,8","-2,444787823",FALSE,2005.0,1.0
CHEMBL1863513,DB05013,Ingenol mebutate,D06BX02,Дерматологические препараты,Success,"12,13",[H][C@@]12C[C@@H](C)[C@]34C=C(C)[C@H](OC(=O)C(\C)=C/C)[C@@]3(O)[C@H](O)C(CO)=C[C@@]([H])(C4=O)[C@]1([H])C2(C)C,"-2,8",,,,"2,49",,"-3,889636732",FALSE,2010.0,0.0
CHEMBL3989958,DB14568,Ivosidenib,L01XM02,Противоопухолевые препараты и иммуномодуляторы,Success,"12,14",[H][C@@](N(C(=O)[C@]1([H])CCC(=O)N1C1=NC=CC(=C1)C#N)C1=CC(F)=CN=C1)(C(=O)NC1CC(F)(F)C1)C1=C(Cl)C=CC=C1,"1,81",,,,"2,52",,"0,2820394557",FALSE,2018.0,1.0
CHEMBL2368925,DB00757,Dolasetron,A04AA04,ЖКТ и обмен веществ,Success,"12,18",[H][C@@]1(C[C@@]2([H])C[C@]3([H])C[C@@]([H])(C1)N2CC3=O)OC(=O)C1=CNC2=C1C=CC=C2,"5,68",,,,"2,41","2,1","-1,694874745",FALSE,1997.0,1.0
CHEMBL1738797,DB11363,Alectinib,L01ED03,Противоопухолевые препараты и иммуномодуляторы,Success,"12,18",CCC1=CC2=C(C=C1N1CCC(CC1)N1CCOCC1)C(C)(C)C1=C(C3=CC=C(C=C3N1)C#N)C2=O,"7,59","07,05",,07.05,"5,59",,"-0,8982939807",FALSE,2015.0,1.0
CHEMBL3545185,DB11942,Selinexor,L01XX66,Противоопухолевые препараты и иммуномодуляторы,Success,"12,18",FC(F)(F)C1=CC(=CC(=C1)C1=NN(\C=C/C(=O)NNC2=NC=CN=C2)C=N1)C(F)(F)F,"1,34",,,,"2,85",,"0,9824943006",TRUE,2019.0,1.0
CHEMBL56564,DB11699,Tropisetron,A04AA03,ЖКТ и обмен веществ,Success,"12,18",[H][C@]12CC[C@]([H])(C[C@@]([H])(C1)OC(=O)C1=CNC3=CC=CC=C13)N2C,"9,34",,,,"3,14",,"-1,782875862",FALSE,,
CHEMBL221572,DB03615,Ribostamycin,J01GB10,Противомикробные (системные),Success,"12,19",[H][C@@]1(O[C@@H]2[C@@H](O)[C@H](N)C[C@H](N)[C@H]2O[C@H]2O[C@H](CN)[C@@H](O)[C@H](O)[C@H]2N)O[C@H](CO)[C@@H](O)[C@H]1O,"9,67","7,7",,7.7,"-2,9",,"1,351991802",TRUE,,
CHEMBL1201396,DB13867,Fluticasone,R03BA05; D07AC17; R03AK11; R03AK06; R01AD08; R01AD58,Дыхательная система,No ATC,"12,19",[H][C@@]12C[C@@H](C)[C@](O)(C(=O)SCF)[C@@]1(C)C[C@H](O)[C@@]1(F)[C@@]2([H])C[C@H](F)C2=CC(=O)C=C[C@]12C,"-3,4",,,,"2,69",,"-0,9842993463",FALSE,,
CHEMBL708,DB00246,Ziprasidone,N05AE04,Нервная система,Success,"12,21",ClC1=C(CCN2CCN(CC2)C2=NSC3=CC=CC=C23)C=C2CC(=O)NC2=C1,"7,09",,,,"4,64","3,8","-0,8362002949",FALSE,2001.0,1.0
CHEMBL3039520,DB11732,Lasmiditan,N02CC08,Нервная система,Success,"12,23",CN1CCC(CC1)C(=O)C1=CC=CC(NC(=O)C2=C(F)C=C(F)C=C2F)=N1,"7,99",,,,"2,76",,"1,275445198",TRUE,2020.0,1.0
CHEMBL370143,DB01421,Paromomycin,A07AA06,ЖКТ и обмен веществ,Success,"12,23",NC[C@@H]1O[C@H](O[C@@H]2[C@@H](CO)O[C@@H](O[C@@H]3[C@@H](O)[C@H](N)C[C@H](N)[C@H]3O[C@H]3O[C@H](CO)[C@@H](O)[C@H](O)[C@H]3N)[C@@H]2O)[C@H](N)[C@@H](O)[C@@H]1O,"9,68",,,,"-2,9",,"1,002334795",TRUE,1969.0,1.0
CHEMBL277062,DB01558,Bromazepam,N05BA08,Нервная система,Success,"12,24",BrC1=CC2=C(NC(=O)CN=C2C2=CC=CC=N2)C=C1,"2,65",,,,"2,09","2,05","-0,8422426395",FALSE,,
,DB11735,Galactose,V08DA02; V04CE01,Прочие препараты,,"12,26",[H]C(=O)[C@H](O)[C@@H](O)[C@@H](O)[C@H](O)CO,-3,,,,"-2,4",,"-2,353935809",FALSE,,
CHEMBL589,DB00268,Ropinirole,N04BC04,Нервная система,Success,"12,27",CCCN(CCC)CCC1=C2CC(=O)NC2=CC=C1,"10,17","10,17",,10.17,"3,16","3,06","-0,5177392996",FALSE,1997.0,1.0
CHEMBL354541,DB08827,Lomitapide,C10AX12,Сердечно-сосудистая система,Success,"12,27",FC(F)(F)CNC(=O)C1(CCCCN2CCC(CC2)NC(=O)C2=C(C=CC=C2)C2=CC=C(C=C2)C(F)(F)F)C2=CC=CC=C2C2=CC=CC=C12,"9,05",,,,"7,19",,"0,7924730682",TRUE,2012.0,1.0
CHEMBL184618,DB00452,Framycetin,S01AA07; R01AX08; D09AA01,Органы чувств,Success,"12,29",NC[C@@H]1O[C@H](O[C@@H]2[C@@H](CO)O[C@@H](O[C@@H]3[C@@H](O)[C@H](N)C[C@H](N)[C@H]3O[C@H]3O[C@H](CN)[C@@H](O)[C@H](O)[C@H]3N)[C@@H]2O)[C@H](N)[C@@H](O)[C@@H]1O,"9,73",,,,"-2,8","-7,8","0,9959394378",TRUE,,
CHEMBL1222251,DB13178,Inositol,A11HA07,ЖКТ и обмен веществ,Success,"12,29",O[C@H]1[C@H](O)[C@@H](O)[C@H](O)[C@H](O)[C@@H]1O,"-3,6",,,,"-2,6","-2,08","-0,181219432",FALSE,,
CHEMBL3707348,DB11703,Acalabrutinib,L01EL02,Противоопухолевые препараты и иммуномодуляторы,Success,"12,34",CC#CC(=O)N1CCC[C@H]1C1=NC(=C2N1C=CN=C2N)C1=CC=C(C=C1)C(=O)NC1=CC=CC=N1,5,,,,"2,69","0,49","-1,316022074",FALSE,2017.0,1.0
CHEMBL1963681,DB06237,Avanafil,G04BE10,Мочеполовая система и половые гормоны,Success,"12,35",COC1=C(Cl)C=C(CNC2=C(C=NC(=N2)N2CCC[C@H]2CO)C(=O)NCC2=NC=CC=N2)C=C1,"5,55",,,,"2,78",,"-0,9364046054",FALSE,2011.0,1.0
CHEMBL317052,DB06213,Regadenoson,C01EB21,Сердечно-сосудистая система,Success,"12,35",CNC(=O)C1=CN(N=C1)C1=NC2=C(N=CN2[C@@H]2O[C@H](CO)[C@@H](O)[C@H]2O)C(N)=N1,"1,54",,,,"-0,89",,"-1,07153472",FALSE,2008.0,0.0
CHEMBL1447,DB01627,Lincomycin,J01FF02,Противомикробные (системные),Success,"12,37",[H][C@]1(C[C@@H](CCC)CN1C)C(=O)N[C@H]([C@@H](C)O)[C@H]1O[C@H](SC)[C@H](O)[C@@H](O)[C@H]1O,"7,97",,,,"0,5","0,56","-1,941917629",FALSE,1964.0,1.0
CHEMBL1289601,DB09078,Lenvatinib,L01EX08,Противоопухолевые препараты и иммуномодуляторы,Success,"12,37",COC1=C(C=C2C(OC3=CC=C(NC(=O)NC4CC4)C(Cl)=C3)=CC=NC2=C1)C(N)=O,"5,4","05,05",,05.05,"3,03","3,3","-0,8294895611",FALSE,2015.0,1.0
CHEMBL255863,DB04868,Nilotinib,L01EA03,Противоопухолевые препараты и иммуномодуляторы,Success,"12,38",CC1=CN(C=N1)C1=CC(NC(=O)C2=CC=C(C)C(NC3=NC=CC(=N3)C3=CN=CC=C3)=C2)=CC(=C1)C(F)(F)F,"5,92",,,,"4,51",,"0,5774986177",TRUE,2007.0,1.0
CHEMBL2104786,DB11190,Pantethine,A11HA32,ЖКТ и обмен веществ,Success,"12,38",CC(C)(CO)[C@@H](O)C(=O)NCCC(=O)NCCSSCCNC(=O)CCNC(=O)[C@H](O)C(C)(C)CO,"-2,8",,,,"-0,25",,"-1,08085172",FALSE,,
CHEMBL2397415,DB15688,Zavegepant,N02CD08,Нервная система,Success,"12,38",CN1CCC(CC1)N1CCN(CC1)C(=O)[C@@H](CC1=CC2=C(NN=C2)C(C)=C1)NC(=O)N1CCC(CC1)C1=CC2=C(NC1=O)C=CC=C2,"8,81",,,,"2,85",,"-1,300595969",FALSE,,
CHEMBL1983268,DB11986,Entrectinib,L01EX14,Противоопухолевые препараты и иммуномодуляторы,Success,"12,39",CN1CCN(CC1)C1=CC=C(C(=O)NC2=NNC3=CC=C(CC4=CC(F)=CC(F)=C4)C=C23)C(NC2CCOCC2)=C1,"7,78",,,,"5,03",,"0,351470659",FALSE,2019.0,1.0
CHEMBL1753,DB01190,Clindamycin,J01FF01; D10AF01; G01AA10,Противомикробные (системные),Success,"12,41",[H][C@@](NC(=O)[C@@H]1C[C@@H](CCC)CN1C)([C@H](C)Cl)[C@@]1([H])O[C@H](SC)[C@H](O)[C@@H](O)[C@H]1O,"7,55","7,6",,7.6,"1,76","2,16","-1,861302627",FALSE,1970.0,1.0
CHEMBL632,DB00443,Betamethasone,S01BA06; R01AD06; S02BA07; D07XC01; S03BA03; H02AB01; C05AA05; A07EA04; S01CB04; R03BA04; D07AC01,Органы чувств,Success,"12,42",[H][C@@]12C[C@H](C)[C@](O)(C(=O)CO)[C@@]1(C)C[C@H](O)[C@@]1(F)[C@@]2([H])CCC2=CC(=O)C=C[C@]12C,"-3,3",,,,"1,93","1,14","-1,933205484",FALSE,1961.0,1.0
CHEMBL384467,DB01234,Dexamethasone,A01AC02; S02BA06; D07XB05; S01CB01; S03BA01; D07AB19; C05AA09; D10AA03; S01BA01; H02AB02; R01AD03,ЖКТ и обмен веществ,Success,"12,42",[H][C@@]12C[C@@H](C)[C@](O)(C(=O)CO)[C@@]1(C)C[C@H](O)[C@@]1(F)[C@@]2([H])CCC2=CC(=O)C=C[C@]12C,"-3,3",,,,"1,93","1,83","-1,933205484",FALSE,1958.0,1.0
CHEMBL1201392,DB00663,Flumethasone,D07AB03; D07XB01,Дерматологические препараты,Success,"12,42",[H][C@@]12C[C@@H](C)[C@](O)(C(=O)CO)[C@@]1(C)C[C@H](O)[C@@]1(F)[C@@]2([H])C[C@H](F)C2=CC(=O)C=C[C@]12C,"-3,3",,,,"1,91","3,86","-1,537726881",FALSE,,
CHEMBL1201380,DB00223,Diflorasone,D07AC10,Дерматологические препараты,No Drug Record,"12,42",[H][C@@]12C[C@H](C)[C@](O)(C(=O)CO)[C@@]1(C)C[C@H](O)[C@@]1(F)[C@@]2([H])C[C@H](F)C2=CC(=O)C=C[C@]12C,"-3,3",,,,"1,91","2,1","-1,537726881",FALSE,,
CHEMBL529,DB00207,Azithromycin,S01AA26; J01FA10,Органы чувств,Success,"12,43",CC[C@H]1OC(=O)[C@H](C)[C@@H](O[C@H]2C[C@@](C)(OC)[C@@H](O)[C@H](C)O2)[C@H](C)[C@@H](O[C@@H]2O[C@H](C)C[C@@H]([C@H]2O)N(C)C)[C@](C)(O)C[C@@H](C)CN(C)[C@H](C)[C@@H](O)[C@]1(C)O,"9,57","8,5",,8.5,"3,03","3,03","-1,302208917",FALSE,1991.0,1.0
CHEMBL218394,DB08873,Boceprevir,J05AP03,Противомикробные (системные),Success,"12,44",[H][C@]12CN([C@H](C(=O)NC(CC3CCC3)C(=O)C(N)=O)[C@@]1([H])C2(C)C)C(=O)[C@@H](NC(=O)NC(C)(C)C)C(C)(C)C,"-0,91",,,,"1,93",,"-2,362150816",FALSE,2011.0,1.0
CHEMBL1201148,DB09383,Meprednisone,H02AB15,Гормональные препараты (системные),Success,"12,44",[H][C@]1(C)C[C@@]2([H])[C@]3([H])CCC4=CC(=O)C=C[C@]4(C)[C@@]3([H])C(=O)C[C@]2(C)[C@@]1(O)C(=O)CO,"-3,3",,,,"2,09",,"-2,987335474",FALSE,1982.0,1.0
CHEMBL1568,DB01073,Fludarabine,L01BB05,Противоопухолевые препараты и иммуномодуляторы,No ATC,"12,45",NC1=NC(F)=NC2=C1N=CN2[C@@H]1O[C@H](CO)[C@@H](O)[C@@H]1O,"0,76",,,,"-0,62","-2,8","0,3154639276",FALSE,,
CHEMBL1090,DB00194,Vidarabine,S01AD06; J05AB03,Органы чувств,Success,"12,45",NC1=NC=NC2=C1N=CN2[C@@H]1O[C@H](CO)[C@@H](O)[C@@H]1O,"3,94",,,,"-1,2","-2,12","-0,7585071906",FALSE,1976.0,0.0
CHEMBL477,DB00640,Adenosine,C01EB10,Сердечно-сосудистая система,Success,"12,45",NC1=C2N=CN([C@@H]3O[C@H](CO)[C@@H](O)[C@H]3O)C2=NC=N1,"3,94",,,,"-1,2","-1,05","-0,7585071906",FALSE,1989.0,0.0
CHEMBL1214185,DB00778,Roxithromycin,J01FA06,Противомикробные (системные),Success,"12,45",CC[C@H]1OC(=O)[C@H](C)[C@@H](O[C@H]2C[C@@](C)(OC)[C@@H](O)[C@H](C)O2)[C@H](C)[C@@H](O[C@@H]2O[C@H](C)C[C@@H]([C@H]2O)N(C)C)[C@](C)(O)C[C@@H](C)C(=NOCOCCOC)[C@H](C)[C@@H](O)[C@]1(C)O,"9,08",,,,"2,9","1,7","-0,9931068675",FALSE,,
CHEMBL532,DB00199,Erythromycin,S01AA17; D10AF02; D10AF52; J01FA01,Органы чувств,Success,"12,45",CC[C@H]1OC(=O)[C@H](C)[C@@H](O[C@H]2C[C@@](C)(OC)[C@@H](O)[C@H](C)O2)[C@H](C)[C@@H](O[C@@H]2O[C@H](C)C[C@@H]([C@H]2O)N(C)C)[C@](C)(O)C[C@@H](C)C(=O)[C@H](C)[C@@H](O)[C@]1(C)O,9,"8,88",,8.88,"2,37","2,6","-1,230858526",FALSE,1964.0,1.0
CHEMBL1201361,DB00240,Alclometasone,D07AB10; S01BA10,Дерматологические препараты,No Drug Record,"12,45",[H][C@@]12C[C@@H](C)[C@](O)(C(=O)CO)[C@@]1(C)C[C@H](O)[C@@]1([H])[C@@]2([H])[C@H](Cl)CC2=CC(=O)C=C[C@]12C,"-2,9",,,,"2,11","2,7","-2,729487913",FALSE,,
CHEMBL515408,DB06234,Maribavir,J05AX10,Противомикробные (системные),Success,"12,45",CC(C)NC1=NC2=CC(Cl)=C(Cl)C=C2N1[C@H]1O[C@@H](CO)[C@H](O)[C@@H]1O,"6,38",,,,"2,15",,"-0,5097371027",FALSE,2021.0,1.0
CHEMBL1201112,DB01280,Nelarabine,L01BB07,Противоопухолевые препараты и иммуномодуляторы,Success,"12,45",COC1=NC(N)=NC2=C1N=CN2[C@@H]1O[C@H](CO)[C@@H](O)[C@@H]1O,"4,47",,,,"-0,81",,"-0,6184934579",FALSE,2005.0,0.0
CHEMBL4582651,DB15822,Pralsetinib,L01EX23,Противоопухолевые препараты и иммуномодуляторы,Success,"12,45",CO[C@@]1(CC[C@@H](CC1)C1=NC(NC2=NNC(C)=C2)=CC(C)=N1)C(=O)N[C@@H](C)C1=CC=C(N=C1)N1C=C(F)C=N1,"4,13",,,,"3,65",,"-0,6225325498",FALSE,2020.0,1.0
CHEMBL2348780,DB15114,Vamorolone,H02AB18,Гормональные препараты (системные),Success,"12,45",C[C@@H]1C[C@H]2[C@@H]3CCC4=CC(=O)C=C[C@]4(C)C3=CC[C@]2(C)[C@@]1(O)C(=O)CO,"-3,3",,,,"3,36",,"-3,385334857",FALSE,,
CHEMBL58323,DB06218,Lacosamide,N03AX18,Нервная система,Success,"12,46",COC[C@@H](NC(C)=O)C(=O)NCC1=CC=CC=C1,-2,,,,"0,18","0,73","-1,289175673",FALSE,2008.0,1.0
CHEMBL1741,DB01211,Clarithromycin,J01FA09,Противомикробные (системные),Success,"12,46",[H][C@@]1(C[C@@](C)(OC)[C@@H](O)[C@H](C)O1)O[C@H]1[C@H](C)[C@@H](O[C@]2([H])O[C@H](C)C[C@@H]([C@H]2O)N(C)C)[C@@](C)(C[C@@H](C)C(=O)[C@H](C)[C@@H](O)[C@](C)(O)[C@@H](CC)OC(=O)[C@@H]1C)OC,9,"8,99",,8.99 (at 25 °C),"3,18","3,16","-1,085467274",FALSE,1991.0,1.0
CHEMBL1201360,DB00596,Ulobetasol,D05AX55; D07AC21,Дерматологические препараты,No Drug Record,"12,46",[H][C@@]12C[C@H](C)[C@](O)(C(=O)CCl)[C@@]1(C)C[C@H](O)[C@@]1(F)[C@@]2([H])C[C@H](F)C2=CC(=O)C=C[C@]12C,"-3,4",,,,"2,93",,"-1,338321142",FALSE,,
CHEMBL2107826,DB14895,Vibegron,G04BD15,Мочеполовая система и половые гормоны,Success,"12,46",[H][C@@]1(CC[C@@H](CC2=CC=C(NC(=O)[C@@H]3CCC4=NC=CC(=O)N34)C=C2)N1)[C@H](O)C1=CC=CC=C1,"10,61",,,,"2,38",,"-1,796051722",FALSE,2018.0,1.0
CHEMBL1201362,DB11750,Clobetasol,D07AD01; D07CD01,Дерматологические препараты,No ATC,"12,47",[H][C@@]12C[C@H](C)[C@](O)(C(=O)CCl)[C@@]1(C)C[C@H](O)[C@@]1(F)[C@@]2([H])CCC2=CC(=O)C=C[C@]12C,"-3,4",,,,"2,72",,"-1,726678112",FALSE,,
CHEMBL1200633,DB00602,Ivermectin,P02CF01; D11AX22,Противопаразитарные препараты,No Drug Record,"12,47",[H][C@@]12OC\C3=C/C=C/[C@H](C)[C@H](O[C@H]4C[C@H](OC)[C@@H](O[C@H]5C[C@H](OC)[C@@H](O)[C@H](C)O5)[C@H](C)O4)\C(C)=C\C[C@]4([H])C[C@@]([H])(C[C@]5(CC[C@H](C)[C@]([H])(O5)C(C)C)O4)OC(=O)[C@]([H])(C=C(C)[C@H]1O)[C@@]23O.[H][C@@]12OC\C3=C/C=C/[C@H](C)[C@H](O[C@H]4C[C@H](OC)[C@@H](O[C@H]5C[C@H](OC)[C@@H](O)[C@H](C)O5)[C@H](C)O4)\C(C)=C\C[C@]4([H])C[C@@]([H])(C[C@]5(CC[C@H](C)[C@]([H])(O5)[C@@H](C)CC)O4)OC(=O)[C@]([H])(C=C(C)[C@H]1O)[C@@]23O,"-3,4",,,,"4,37",,"-2,67050718",FALSE,,
CHEMBL1200342,DB14657,Paramethasone acetate,H02AB05,Гормональные препараты (системные),Success,"12,47",[H][C@@]12C[C@@H](C)[C@](O)(C(=O)COC(C)=O)[C@@]1(C)C[C@H](O)[C@@]1([H])[C@@]2([H])C[C@H](F)C2=CC(=O)C=C[C@]12C,"-2,9",,,,"1,98",,"-1,926906963",FALSE,1982.0,1.0
CHEMBL3039507,DB12713,Sotagliflozin,A10BK06,ЖКТ и обмен веществ,Success,"12,47",CCOC1=CC=C(CC2=CC(=CC=C2Cl)[C@@H]2O[C@H](SC)[C@@H](O)[C@H](O)[C@H]2O)C=C1,"-3,7",,,,"3,19",,"-0,2774187003",FALSE,2019.0,1.0
CHEMBL1650559,DB12615,Plazomicin,J01GB14,Противомикробные (системные),Success,"12,48",CN[C@@H]1[C@@H](O)[C@@H](O[C@H]2[C@@H](C[C@H](N)[C@@H](O[C@H]3OC(CNCCO)=CC[C@H]3N)[C@@H]2O)NC(=O)[C@@H](O)CCN)OC[C@]1(C)O,"9,89",,,,"-2,2",,"-0,6909471771",FALSE,2018.0,0.0
CHEMBL1237072,,DIRITHROMYCIN,J01FA13,Противомикробные (системные),,"12,48",CC[C@H]1OC(=O)[C@H](C)[C@@H](O[C@H]2C[C@@](C)(OC)[C@@H](O)[C@H](C)O2)[C@H](C)[C@@H](O[C@@H]2O[C@H](C)C[C@H](N(C)C)[C@H]2O)[C@](C)(O)C[C@@H](C)[C@@H]2N[C@@H](COCCOC)O[C@H]([C@H]2C)[C@]1(C)O,"13,48",,,,"2,2",,"-0,9732280927",FALSE,1995.0,1.0
CHEMBL1201404,DB00764,Mometasone,R03AL12; R01AD59; R03AK14,Дыхательная система,No ATC,"12,49",[H][C@@]12C[C@@H](C)[C@](O)(C(=O)CCl)[C@@]1(C)C[C@H](O)[C@@]1(Cl)[C@@]2([H])CCC2=CC(=O)C=C[C@]12C,"-3,3",,,,"2,81","2,1","-2,769746857",FALSE,,
CHEMBL1173655,DB08916,Afatinib,L01EB03,Противоопухолевые препараты и иммуномодуляторы,Success,"12,49",CN(C)C\C=C\C(=O)NC1=C(O[C@H]2CCOC2)C=C2N=CN=C(NC3=CC(Cl)=C(F)C=C3)C2=C1,"8,81",,,,"3,77",,"0,074406779",FALSE,2013.0,1.0
,DB13158,Clobetasone,D07AB01; S01CA11; S01BA09,Дерматологические препараты,,"12,49",[H][C@]1(C)C[C@@]2([H])[C@]3([H])CCC4=CC(=O)C=C[C@]4(C)[C@@]3(F)C(=O)C[C@]2(C)[C@@]1(O)C(=O)CCl,"-3,9",,,,"2,88",,"-1,618710137",FALSE,,
,DB09121,Aurothioglucose,M01CB04,Костно-мышечная система,,"12,51",OC[C@H]1O[C@H](S[Au])[C@H](O)[C@@H](O)[C@@H]1O,-3,,,,"-1,8",,"0,5322762871",TRUE,,
CHEMBL219916,DB01184,Domperidone,A03FA03,ЖКТ и обмен веществ,Success,"12,52",ClC1=CC2=C(C=C1)N(C1CCN(CCCN3C(=O)NC4=CC=CC=C34)CC1)C(=O)N2,"7,03","7,9",,7.9,"3,7","3,9","-0,9168990806",FALSE,,
CHEMBL223228,DB00625,Efavirenz,J05AG03,Противомикробные (системные),Success,"12,52",FC(F)(F)[C@]1(OC(=O)NC2=C1C=C(Cl)C=C2)C#CC1CC1,"-1,5",,,,"3,89","4,6","0,02169210796",FALSE,1998.0,1.0
CHEMBL4585668,DB15463,Belzutifan,L01XX74,Противоопухолевые препараты и иммуномодуляторы,Success,"12,53",CS(=O)(=O)C1=CC=C(OC2=CC(=CC(F)=C2)C#N)C2=C1[C@H](O)[C@H](F)[C@@H]2F,"-3,7",,,,"2,49",,"0,9268743279",TRUE,2021.0,1.0
CHEMBL453514,DB06145,Spiramycin,J01FA02,Противомикробные (системные),Success,"12,53",[H][C@@]1(CC[C@@H]([C@@H](C)O1)N(C)C)O[C@H]1\C=C\C=C\C[C@@H](C)OC(=O)C[C@@H](O)[C@H](OC)[C@@H](O[C@]2([H])O[C@H](C)[C@@H](O[C@@]3([H])C[C@@](C)(O)[C@@H](O)[C@H](C)O3)[C@@H]([C@H]2O)N(C)C)[C@@H](CC=O)C[C@H]1C,"9,33",,,,"2,99",,"-1,436098355",FALSE,,
CHEMBL1747,DB00684,Tobramycin,J01GB01; S01AA12,Противомикробные (системные),Success,"12,54",NC[C@H]1O[C@H](O[C@@H]2[C@@H](N)C[C@@H](N)[C@H](O[C@H]3O[C@H](CO)[C@@H](O)[C@H](N)[C@H]3O)[C@H]2O)[C@H](N)C[C@@H]1O,"9,66",,,,-3,"-5,8","0,9576682332",TRUE,1975.0,0.0
CHEMBL560976,DB13270,Dibekacin,J01GB09; S01AA29,Противомикробные (системные),Success,"12,54",NC[C@@H]1CC[C@@H](N)[C@@H](O[C@@H]2[C@@H](N)C[C@@H](N)[C@H](O[C@H]3O[C@H](CO)[C@@H](O)[C@H](N)[C@H]3O)[C@H]2O)O1,"9,84",,,,"-2,6",,"0,5988449587",TRUE,,
CHEMBL45816,DB01388,Mibefradil,C08CX01,Сердечно-сосудистая система,Success,"12,54",COCC(=O)O[C@]1(CCN(C)CCCC2=NC3=CC=CC=C3N2)CCC2=C(C=CC(F)=C2)[C@@H]1C(C)C,"9,82",,,,"5,34",,"-0,3102483331",FALSE,1997.0,1.0
CHEMBL1489,DB00928,Azacitidine,L01BC07,Противоопухолевые препараты и иммуномодуляторы,Success,"12,55",NC1=NC(=O)N(C=N1)[C@@H]1O[C@H](CO)[C@@H](O)[C@H]1O,"1,96",,,,"-2,4","-3,5","-0,7643268607",FALSE,2004.0,1.0
CHEMBL3039597,DB00798,Gentamicin,S01AA11; S02AA14; D06AX07; S03AA06; J01GB03,Органы чувств,No Drug Record,"12,55",[H][C@@]1(CN)CC[C@@H](N)[C@@H](O[C@]2([H])[C@@H](N)C[C@@H](N)[C@H](O[C@@]3([H])OC[C@](C)(O)[C@H](NC)[C@H]3O)[C@H]2O)O1.[H][C@]1(CC[C@@H](N)[C@@H](O[C@]2([H])[C@@H](N)C[C@@H](N)[C@H](O[C@@]3([H])OC[C@](C)(O)[C@H](NC)[C@H]3O)[C@H]2O)O1)C(C)N.[H][C@]1(CC[C@@H](N)[C@@H](O[C@]2([H])[C@@H](N)C[C@@H](N)[C@H](O[C@@]3([H])OC[C@](C)(O)[C@H](NC)[C@H]3O)[C@H]2O)O1)C(C)NC,"10,12",,,,"-1,6","-3,1","-0,7370025458",FALSE,,
CHEMBL1572,DB00955,Netilmicin,S01AA23; J01GB07,Органы чувств,Success,"12,55",CCN[C@@H]1C[C@H](N)[C@@H](O[C@H]2OC(CN)=CC[C@H]2N)[C@H](O)[C@H]1O[C@H]1OC[C@](C)(O)[C@H](NC)[C@H]1O,"9,8",,,,"-1,4",-3,"-0,3130855157",FALSE,1983.0,0.0
CHEMBL803,DB00987,Cytarabine,L01BC01,Противоопухолевые препараты и иммуномодуляторы,Success,"12,55",NC1=NC(=O)N(C=C1)[C@@H]1O[C@H](CO)[C@@H](O)[C@@H]1O,"4,19",,,,"-2,2","-2,8","-0,618208648",FALSE,1969.0,0.0
CHEMBL2104415,DB11431,Moxidectin,P02CX03,Противопаразитарные препараты,Success,"12,55",[H][C@@]12OC\C3=C/C=C/[C@H](C)C\C(C)=C\C[C@]4([H])C[C@@]([H])(C[C@]5(C\C(=N/OC)[C@H](C)[C@H](O5)C(\C)=C\C(C)C)O4)OC(=O)[C@]([H])(C=C(C)[C@H]1O)[C@@]23O,"2,81","12,8",,12.8,"5,3",6,"-3,533309801",FALSE,2018.0,1.0
CHEMBL1201388,DB00687,Fludrocortisone,S02CA07; S01CA06; H02AA02; S03CA05,Органы чувств,No ATC,"12,55",[H][C@@]12CC[C@](O)(C(=O)CO)[C@@]1(C)C[C@H](O)[C@@]1(F)[C@@]2([H])CCC2=CC(=O)CC[C@]12C,"-3,3",,,,"1,35",,"-2,284485263",FALSE,,
CHEMBL373081,DB13274,Micronomicin,S01AA22,Органы чувств,Success,"12,55",CNC[C@@H]1CC[C@@H](N)[C@@H](O[C@@H]2[C@@H](N)C[C@@H](N)[C@H](O[C@H]3OC[C@](C)(O)[C@H](NC)[C@H]3O)[C@H]2O)O1,"10,06",,,,"-1,8",,"-0,453770439",FALSE,,
CHEMBL180022,DB11828,Neratinib,L01EH02,Противоопухолевые препараты и иммуномодуляторы,Success,"12,55",CCOC1=C(NC(=O)\C=C\CN(C)C)C=C2C(NC3=CC=C(OCC4=CC=CC=N4)C(Cl)=C3)=C(C=NC2=C1)C#N,"8,81",,,,"4,72",,"-0,7042010904",FALSE,2017.0,1.0
CHEMBL1200969,DB01126,Dutasteride,G04CB02,Мочеполовая система и половые гормоны,Success,"12,56",[H][C@@]1(CC[C@@]2([H])[C@]3([H])CC[C@@]4([H])NC(=O)C=C[C@]4(C)[C@@]3([H])CC[C@]12C)C(=O)NC1=CC(=CC=C1C(F)(F)F)C(F)(F)F,"-0,16",,,,"5,45","6,8","-0,6521230008",FALSE,2001.0,1.0
CHEMBL2048484,DB08907,Canagliflozin,A10BK02,ЖКТ и обмен веществ,Success,"12,57",[H][C@]1(O[C@H](CO)[C@@H](O)[C@H](O)[C@H]1O)C1=CC=C(C)C(CC2=CC=C(S2)C2=CC=C(F)C=C2)=C1,-3,"13,34",,13.34,"3,09","3,44","1,321585996",TRUE,2011.0,1.0
CHEMBL429910,DB06292,Dapagliflozin,A10BK01,ЖКТ и обмен веществ,Success,"12,57",CCOC1=CC=C(CC2=C(Cl)C=CC(=C2)[C@@H]2O[C@H](CO)[C@@H](O)[C@H](O)[C@H]2O)C=C1,-3,,,,"2,52","2,7","-0,5028901734",FALSE,2012.0,1.0
CHEMBL1808388,DB12236,Bexagliflozin,A10BK08,ЖКТ и обмен веществ,Success,"12,57",OC[C@H]1O[C@H]([C@H](O)[C@@H](O)[C@@H]1O)C1=CC=C(Cl)C(CC2=CC=C(OCCOC3CC3)C=C2)=C1,-3,,,,"2,33",,"-0,5212861343",FALSE,,
CHEMBL2107830,DB09038,Empagliflozin,A10BK03,ЖКТ и обмен веществ,Success,"12,57",OC[C@H]1O[C@H]([C@H](O)[C@@H](O)[C@@H]1O)C1=CC=C(Cl)C(CC2=CC=C(O[C@H]3CCOC3)C=C2)=C1,-3,,,,"1,79",,"-1,258890006",FALSE,2014.0,1.0
CHEMBL635,DB00635,Prednisone,A07EA03; H02AB07,ЖКТ и обмен веществ,Success,"12,58",[H][C@@]12CC[C@](O)(C(=O)CO)[C@@]1(C)CC(=O)[C@@]1([H])[C@@]2([H])CCC2=CC(=O)C=C[C@]12C,"-3,3",,,,"1,66","1,46","-2,993559099",FALSE,1955.0,1.0
CHEMBL689,DB00742,Mannitol,B05BC01; V04CX04; A06AD16; R05CB16; B05CX04,Кровь и органы кроветворения,Success,"12,59",OC[C@@H](O)[C@@H](O)[C@H](O)[C@H](O)CO,-3,"13,5",,13.5 (at 25 °C),"-2,7","-3,1","-0,8203518405",FALSE,1982.0,0.0
CHEMBL1682,DB01638,Sorbitol,V04CC01; B05CX02; A06AD18; A06AG07,Прочие препараты,Success,"12,59",OC[C@H](O)[C@@H](O)[C@H](O)[C@H](O)CO,-3,"13,6",,13.6,"-2,7","-2,2","-0,8203518405",FALSE,1982.0,0.0
CHEMBL650,DB00959,Methylprednisolone,H02AB04; D10AA02; H02BX01; D07AA01,Гормональные препараты (системные),Success,"12,59",[H][C@@]12CC[C@](O)(C(=O)CO)[C@@]1(C)C[C@H](O)[C@@]1([H])[C@@]2([H])C[C@H](C)C2=CC(=O)C=C[C@]12C,"-2,9",,,,"2,06","1,53","-3,024480441",FALSE,1957.0,1.0
CHEMBL389621,DB00741,Hydrocortisone,R01AD60; S02BA01; C05AA01; D07AA02; S01BA02; D07XA01; S01CB03; H02AB09; A01AC03; A07EA02,Дыхательная система,Success,"12,59",[H][C@@]12CC[C@](O)(C(=O)CO)[C@@]1(C)C[C@H](O)[C@@]1([H])[C@@]2([H])CCC2=CC(=O)CC[C@]12C,"-2,8",,,,"1,79","1,61","-3,116306004",FALSE,1952.0,1.0
CHEMBL131,DB00860,Prednisolone,A01AC54; C05AA04; H02AB06; S03BA02; S01CB02; A01AC04; S01BA04; R01AD02; S02BA03; R01AD52; D07XA02; D07AA03; A07EA01,ЖКТ и обмен веществ,Success,"12,59",[H][C@@]12CC[C@](O)(C(=O)CO)[C@@]1(C)C[C@H](O)[C@@]1([H])[C@@]2([H])CCC2=CC(=O)C=C[C@]12C,"-2,9",,,,"1,66","1,62","-2,634348436",FALSE,1955.0,1.0
CHEMBL1439973,DB11386,Chlorobutanol,A04AD54; A04AD04,ЖКТ и обмен веществ,Success,"12,59",CC(C)(O)C(Cl)(Cl)Cl,"-3,9",,,,"2,31",,"-1,084253901",FALSE,,
CHEMBL409153,DB11633,Isavuconazole,J02AC05,Противомикробные (системные),Success,"12,59",C[C@@H](C1=NC(=CS1)C1=CC=C(C=C1)C#N)[C@](O)(CN1C=NC=N1)C1=C(F)C=CC(F)=C1,"2,32",,,,"3,46",,"1,003085599",TRUE,,
CHEMBL1201754,DB06201,Rufinamide,N03AF03,Нервная система,Success,"12,64",NC(=O)C1=CN(CC2=C(F)C=CC=C2F)N=N1,-1,,,,"0,95","0,84","1,836208665",TRUE,2007.0,1.0
CHEMBL1200600,DB00324,Fluorometholone,S01BA07; C05AA06; S01CB05; D07AB06; D10AA01; D07XB04,Органы чувств,Success,"12,65",[H][C@@]12CC[C@](O)(C(C)=O)[C@@]1(C)C[C@H](O)[C@@]1(F)[C@@]2([H])C[C@H](C)C2=CC(=O)C=C[C@]12C,"-3,4",,,,"2,34",2,"-2,046610921",FALSE,1972.0,0.0
CHEMBL707,DB00590,Doxazosin,C02CA04,Сердечно-сосудистая система,Success,"12,67",COC1=C(OC)C=C2C(N)=NC(=NC2=C1)N1CCN(CC1)C(=O)C1COC2=CC=CC=C2O1,"7,24","6,52",,6.52,"2,53","2,1","-1,449501509",FALSE,1990.0,1.0
CHEMBL534,DB00920,Ketotifen,R06AX17; S01GX08,Дыхательная система,Success,"12,67",CN1CCC(CC1)=C1C2=C(SC=C2)C(=O)CC2=CC=CC=C12,"7,75","8,43",,8.43 ± 0.11,"3,49",,"-0,2061859053",FALSE,1999.0,0.0
CHEMBL106,DB00196,Fluconazole,J02AC01; D01AC15,Противомикробные (системные),Success,"12,68",OC(CN1C=NC=N1)(CN1C=NC=N1)C1=C(F)C=C(F)C=C1,"2,3","1,76",,1.76,"0,58","0,5","2,02444639",TRUE,1990.0,1.0
CHEMBL941,DB00619,Imatinib,L01EA01,Противоопухолевые препараты и иммуномодуляторы,Success,"12,69",CN1CCN(CC2=CC=C(C=C2)C(=O)NC2=CC(NC3=NC=CC(=N3)C3=CN=CC=C3)=C(C)C=C2)CC1,"7,84",,,,"3,47",3,"-0,5897891126",FALSE,2001.0,1.0
CHEMBL1200979,DB09357,Dexpanthenol,S01XA12; D03AX03; A11HA30,Органы чувств,Success,"12,69",CC(C)(CO)[C@@H](O)C(=O)NCCCO,"-2,4",,,,-1,,"-2,406103491",FALSE,1985.0,0.0
CHEMBL1750,DB00631,Clofarabine,L01BB06,Противоопухолевые препараты и иммуномодуляторы,Success,"12,71",[H][C@]1(F)[C@H](O)[C@@H](CO)O[C@H]1N1C=NC2=C(N)N=C(Cl)N=C12,"2,2",,,,"0,32",0,"1,185868838",TRUE,2004.0,0.0
CHEMBL1108,DB00450,Droperidol,N05AD08,Нервная система,Success,"12,72",FC1=CC=C(C=C1)C(=O)CCCN1CCC(=CC1)N1C(=O)NC2=CC=CC=C12,"6,75","7,46",,7.46,"3,93","3,5","0,6393594918",TRUE,1970.0,0.0
CHEMBL4298138,DB16826,Repotrectinib,L01EX28,Противоопухолевые препараты и иммуномодуляторы,Success,"12,73",C[C@H]1CNC(=O)C2=C3N=C(N[C@H](C)C4=CC(F)=CC=C4O1)C=CN3N=C2,"0,59",,,,"2,33",,"0,2679782839",FALSE,,
CHEMBL3833319,DB11855,Revefenacin,R03BB08,Дыхательная система,Success,"12,74",CN(CCN1CCC(CC1)OC(=O)NC1=CC=CC=C1C1=CC=CC=C1)C(=O)C1=CC=C(CN2CCC(CC2)C(N)=O)C=C1,"8,65",,,,"4,24","3,22","-0,6547367736",FALSE,2018.0,0.0
CHEMBL175247,DB01083,Orlistat,A08AB01,ЖКТ и обмен веществ,Success,"12,74",CCCCCCCCCCC[C@@H](C[C@@H]1OC(=O)[C@H]1CCCCCC)OC(=O)[C@H](CC(C)C)NC=O,"-1,4",15,,15,"7,61","4,4","-1,930538206",FALSE,1998.0,1.0
CHEMBL3188267,DB11791,Capmatinib,L01EX17,Противоопухолевые препараты и иммуномодуляторы,Success,"12,77",CNC(=O)C1=C(F)C=C(C=C1)C1=NN2C(CC3=CC4=C(C=C3)N=CC=C4)=CN=C2N=C1,"4,55",,,,"3,04",,"1,632705024",TRUE,2020.0,1.0
CHEMBL3127326,DB09296,Ombitasvir,J05AP53; J05AP52,Противомикробные (системные),No ATC,"12,77",COC(=O)N[C@@H](C(C)C)C(=O)N1CCC[C@H]1C(=O)NC1=CC=C(C=C1)[C@@H]1CC[C@H](N1C1=CC=C(C=C1)C(C)(C)C)C1=CC=C(NC(=O)[C@@H]2CCCN2C(=O)[C@@H](NC(=O)OC)C(C)C)C=C1,"2,16",,,,"5,72",,"-0,5500587815",FALSE,2014.0,1.0
CHEMBL4650319,DB16390,Mobocertinib,L01EB10,Противоопухолевые препараты и иммуномодуляторы,Success,"12,78",COC1=C(NC2=NC=C(C(=O)OC(C)C)C(=N2)C2=CN(C)C3=C2C=CC=C3)C=C(NC(=O)C=C)C(=C1)N(C)CCN(C)C,"8,87",,,,"4,92",,"-0,3585541772",FALSE,2021.0,1.0
CHEMBL806,DB00499,Flutamide,L02BB01,Противоопухолевые препараты и иммуномодуляторы,Success,"12,81",CC(C)C(=O)NC1=CC(=C(C=C1)[N+]([O-])=O)C(F)(F)F,"-3,7",,,,"2,55","3,35","1,659671241",TRUE,1989.0,1.0
CHEMBL23,DB00343,Diltiazem,C08DB01; C05AE03,Сердечно-сосудистая система,Success,"12,86",COC1=CC=C(C=C1)[C@@H]1SC2=C(C=CC=C2)N(CCN(C)C)C(=O)[C@@H]1OC(C)=O,"8,18",,,,"2,73","2,8","-0,4247626932",FALSE,1982.0,1.0
CHEMBL1276308,DB00834,Mifepristone,G03XB01; G03XB51,Мочеполовая система и половые гормоны,Success,"12,87",[H][C@@]12CC[C@@](O)(C#CC)[C@@]1(C)C[C@H](C1=CC=C(C=C1)N(C)C)C1=C3CCC(=O)C=C3CC[C@@]21[H],"4,89",,,,"5,33","4,5","-2,065842606",FALSE,2000.0,1.0
CHEMBL3545311,DB12267,Brigatinib,L01ED04,Противоопухолевые препараты и иммуномодуляторы,Success,"12,88",COC1=CC(=CC=C1NC1=NC=C(Cl)C(NC2=CC=CC=C2P(C)(C)=O)=N1)N1CCC(CC1)N1CCN(C)CC1,"8,54",,,,"5,11","5,17","-0,867954951",FALSE,2017.0,1.0
CHEMBL591,DB00189,Ethchlorvynol,N05CM08,Нервная система,Success,"12,88",CCC(O)(\C=C\Cl)C#C,"-3,7",,,,"1,45","1,8","-2,338175001",FALSE,1961.0,1.0
CHEMBL2110938,DB11584,Pipradrol,N06BX15,Нервная система,Success,"12,88",[H]N1CCCCC1C(O)(C1=CC=CC=C1)C1=CC=CC=C1,"9,53",,,,"3,36",,"-1,154847532",FALSE,,
CHEMBL231068,DB04908,Flibanserin,G02CX02,Мочеполовая система и половые гормоны,Success,"12,91",FC(F)(F)C1=CC(=CC=C1)N1CCN(CCN2C(=O)NC3=CC=CC=C23)CC1,"7,03",,,,"3,32",,"1,207817932",TRUE,2015.0,1.0
CHEMBL110458,DB05018,Migalastat,A16AX14,ЖКТ и обмен веществ,Success,"12,91",OC[C@H]1NC[C@H](O)[C@@H](O)[C@H]1O,"8,06",,,,"-2,2",,"-2,865261541",FALSE,2016.0,1.0
CHEMBL5095248,DB18305,Sebetralstat,B06AC08,Кровь и органы кроветворения,Success,"12,91",COCC1=NN(CC2=CC=C(CN3C=CC=CC3=O)C=C2)C=C1C(=O)NCC1=NC=CC(OC)=C1F,"3,31",,,,"1,72",,"0,2921994905",FALSE,,
CHEMBL13828,DB12877,Oxatomide,R06AE06,Дыхательная система,Success,"12,92",O=C1NC2=C(C=CC=C2)N1CCCN1CCN(CC1)C(C1=CC=CC=C1)C1=CC=CC=C1,"8,01",,,,"4,71",,"-0,4457144063",FALSE,,
CHEMBL398435,DB08816,Ticagrelor,B01AC24,Кровь и органы кроветворения,Success,"12,94",CCCSC1=NC2=C(N=NN2[C@@H]2C[C@H](OCCO)[C@@H](O)[C@H]2O)C(N[C@@H]2C[C@H]2C2=CC(F)=C(F)C=C2)=N1,"1,11",,,,"2,31",,"-0,243304726",FALSE,2010.0,1.0
CHEMBL514800,DB05676,Apremilast,L04AA32,Противоопухолевые препараты и иммуномодуляторы,Success,"12,98",CCOC1=CC(=CC=C1OC)[C@@H](CS(C)(=O)=O)N1C(=O)C2=CC=CC(NC(C)=O)=C2C1=O,"-4,2","12,58",,12.58,"1,86",,"-0,6232707269",FALSE,2014.0,1.0
CHEMBL1259,DB01336,Metocurine,M03AA04,Костно-мышечная система,Success,"12,99",[H][C@@]12CC3=CC=C(OC4=C5C(CC[N+](C)(C)[C@]5([H])CC5=CC(OC6=C(OC)C=C(CC[N+]1(C)C)C2=C6)=C(OC)C=C5)=CC(OC)=C4OC)C=C3,"-3,4",,,,"2,36",,"-2,21304023",FALSE,1982.0,0.0
CHEMBL455186,DB11678,Treosulfan,L01AB02,Противоопухолевые препараты и иммуномодуляторы,Success,"12,99",CS(=O)(=O)OC[C@H](O)[C@@H](O)COS(C)(=O)=O,"-3,5",,,,"-1,5",,"-0,9542676894",FALSE,2019.0,0.0
CHEMBL1185,DB00315,Zolmitriptan,N02CC03,Нервная система,Success,13,CN(C)CCC1=CNC2=CC=C(C[C@H]3COC(=O)N3)C=C12,"9,55","9,64",,9.64,"2,25","1,79","-1,537511876",FALSE,1997.0,1.0
CHEMBL1173055,DB12332,Rucaparib,L01XK03,Противоопухолевые препараты и иммуномодуляторы,Success,"13,16",CNCC1=CC=C(C=C1)C1=C2CCNC(=O)C3=C2C(N1)=CC(F)=C3,"9,32",,,,"2,39",,"0,2427208564",FALSE,2016.0,1.0
CHEMBL1068,DB00776,Oxcarbazepine,N03AF02,Нервная система,Success,"13,18",NC(=O)N1C2=CC=CC=C2CC(=O)C2=C1C=CC=C2,"-4,3","13,73",,13.73,"1,76","1,5","-0,9494334316",FALSE,2000.0,1.0
CHEMBL1201313,DB04837,Clofedanol,R05DB10,Дыхательная система,Success,"13,18",CN(C)CCC(O)(C1=CC=CC=C1)C1=CC=CC=C1Cl,"8,87",,,,"3,51",,"-0,2406397344",FALSE,1982.0,1.0
CHEMBL277945,DB13273,Sultopride,N05AL02,Нервная система,Success,"13,22",CCN1CCCC1CNC(=O)C1=CC(=CC=C1OC)S(=O)(=O)CC,"8,22",,,,"1,65",,"-1,763618504",FALSE,,
CHEMBL4650485,DB17472,Pirtobrutinib,L01EL05,Противоопухолевые препараты и иммуномодуляторы,Success,"13,27",COC1=C(C=C(F)C=C1)C(=O)NCC1=CC=C(C=C1)C1=NN([C@@H](C)C(F)(F)F)C(N)=C1C(N)=O,"2,43",,,,"3,17",,"1,23281841",TRUE,,
CHEMBL2357792,DB01426,Ajmaline,C01BA05,Сердечно-сосудистая система,No Drug Record,"13,28",[H][C@]12C[C@]34[C@H](O)C1[C@@]1([H])C[C@]([H])(N2[C@H](O)[C@H]1CC)[C@]3([H])N(C)C1=CC=CC=C41,"7,2",,,,"1,72","1,81","-3,175973238",FALSE,,
CHEMBL2104445,DB13711,Tritoqualine,R06AX21,Дыхательная система,Success,"13,29",CCOC1=C(OCC)C(OCC)=C(N)C2=C1C(OC2=O)C1N(C)CCC2=CC3=C(OCO3)C(OC)=C12,"7,06",,,,"2,65",,"-1,766809395",FALSE,,
CHEMBL576127,,FENSPIRIDE,R03DX03; R03BX01,Дыхательная система,,"13,29",O=C1NCC2(CCN(CCc3ccccc3)CC2)O1,"8,97",,,,"1,8",,"-1,926972279",FALSE,,0.0
CHEMBL1110,DB00969,Alosetron,A03AE01,ЖКТ и обмен веществ,Success,"13,32",CN1C2=C(C3=CC=CC=C13)C(=O)N(CC1=C(C)NC=N1)CC2,"6,81",,,,"1,85",2,"-1,276851038",FALSE,2000.0,1.0
CHEMBL1311,DB01020,Isosorbide mononitrate,C01DA14,Сердечно-сосудистая система,Success,"13,34",[H][C@]12OC[C@@H](O[N+]([O-])=O)[C@@]1([H])OC[C@@H]2O,"-3,5",,,,"-0,74","-0,15","-2,969031532",FALSE,1991.0,1.0
CHEMBL5189739,DB15982,Berotralstat,B06AC06,Кровь и органы кроветворения,Success,"13,35",NCC1=CC(=CC=C1)N1N=C(C=C1C(=O)NC1=CC(=CC=C1F)[C@H](NCC1CC1)C1=CC=CC(=C1)C#N)C(F)(F)F,"9,29",,,,"4,8",,"0,6444196831",TRUE,,
CHEMBL513,DB00262,Carmustine,L01AD01,Противоопухолевые препараты и иммуномодуляторы,Success,"13,36",ClCCNC(=O)N(CCCl)N=O,"-5,3",,,,"1,24","1,53","-1,940524541",FALSE,1977.0,0.0
CHEMBL2146883,DB05239,Cobimetinib,L01EE02,Противоопухолевые препараты и иммуномодуляторы,Success,"13,37",OC1(CN(C1)C(=O)C1=C(NC2=C(F)C=C(I)C=C2)C(F)=C(F)C=C1)[C@@H]1CCCCN1,"9,76",,,,"3,35",,"0,6636895866",TRUE,2015.0,1.0
CHEMBL30,DB00501,Cimetidine,A02BA51; A02BA01,ЖКТ и обмен веществ,Success,"13,38",CN\C(NCCSCC1=C(C)NC=N1)=N\C#N,"6,91","6,8",,6.8,"-0,11","0,4","-2,471889853",FALSE,1977.0,1.0
CHEMBL989,DB00591,Fluocinolone acetonide,S01BA15; S02BA08; D07AC04; C05AA10,Органы чувств,Success,"13,38",[H][C@@]12C[C@@]3([H])[C@]4([H])C[C@H](F)C5=CC(=O)C=C[C@]5(C)[C@@]4(F)[C@@H](O)C[C@]3(C)[C@@]1(OC(C)(C)O2)C(=O)CO,"-3,3","13,9",,13.9,"2,47","2,48","-1,725267385",FALSE,1963.0,0.0
CHEMBL1140,DB02701,Nicotinamide,A11HA01,ЖКТ и обмен веществ,Success,"13,39",NC(=O)C1=CC=CN=C1,"3,63","3,35",,3.35 (at 20 °C),"-0,39","-0,37","-0,6062247208",FALSE,1982.0,1.0
CHEMBL729,DB01601,Lopinavir,J05AR10,Противомикробные (системные),No ATC,"13,39",CC(C)[C@H](N1CCCNC1=O)C(=O)N[C@H](C[C@H](O)[C@H](CC1=CC=CC=C1)NC(=O)COC1=C(C)C=CC=C1C)CC1=CC=CC=C1,"-1,5",,,,"3,91",,"-1,442839026",FALSE,2000.0,1.0
CHEMBL839,DB00521,Carteolol,S01ED05; C07AA15; S01ED55,Органы чувств,Success,"13,41",CC(C)(C)NCC(O)COC1=CC=CC2=C1CCC(=O)N2,"9,76",,,,"1,05","1,1","-1,045157528",FALSE,1988.0,1.0
CHEMBL509924,DB09095,Difluocortolone,D07XC04; D07AC06,Дерматологические препараты,Success,"13,42",[H][C@@]12C[C@@H](C)[C@H](C(=O)CO)[C@@]1(C)C[C@H](O)[C@@]1(F)[C@@]2([H])C[C@H](F)C2=CC(=O)C=C[C@]12C,"-3,3",,,,"2,22","3,86","-1,277727147",FALSE,,
CHEMBL1766,DB00547,Desoximetasone,D07AC03; D07XC02,Дерматологические препараты,Success,"13,44",[H][C@@]12C[C@@H](C)[C@H](C(=O)CO)[C@@]1(C)C[C@H](O)[C@@]1(F)[C@@]2([H])CCC2=CC(=O)C=C[C@]12C,"-3,3",,,,"2,13","2,35","-1,678223487",FALSE,1977.0,0.0
CHEMBL608533,DB06595,Midostaurin,L01EX10,Противоопухолевые препараты и иммуномодуляторы,Success,"13,45",CO[C@@H]1[C@@H](C[C@H]2O[C@]1(C)N1C3=C(C=CC=C3)C3=C1C1=C(C4=C(C=CC=C4)N21)C1=C3CNC1=O)N(C)C(=O)C1=CC=CC=C1,"-0,83",,,,"4,52","5,89","-2,270461325",FALSE,2017.0,1.0
CHEMBL290916,DB12243,Edaravone,N07XX14,Нервная система,Success,"13,45",CC1=NN(C(=O)C1)C1=CC=CC=C1,"-1,5",7,,7.0,"0,53","1,12","-0,8082671222",FALSE,,
CHEMBL2105717,DB08875,Cabozantinib,L01EX07,Противоопухолевые препараты и иммуномодуляторы,Success,"13,46",COC1=CC2=C(C=C1OC)C(OC1=CC=C(NC(=O)C3(CC3)C(=O)NC3=CC=C(F)C=C3)C=C1)=CC=N2,"5,9",,,,"4,01",,"0,7360146764",TRUE,2012.0,1.0
CHEMBL88,DB00531,Cyclophosphamide,L01AA01,Противоопухолевые препараты и иммуномодуляторы,Success,"13,48",ClCCN(CCCl)P1(=O)NCCCO1,"0,02",,,,"0,76","0,8","-1,923920958",FALSE,1959.0,1.0
CHEMBL4594250,DB13931,Netarsudil,S01EX05,Органы чувств,Success,"13,49",CC1=CC(C)=C(C=C1)C(=O)OCC1=CC=C(C=C1)[C@@H](CN)C(=O)NC1=CC=C2C=NC=CC2=C1,"8,69",,,,"3,77",,"-0,1930062701",FALSE,2017.0,0.0
CHEMBL4297610,DB16267,Olutasidenib,L01XM03,Противоопухолевые препараты и иммуномодуляторы,Success,"13,49",C[C@H](NC1=CC=C(C#N)N(C)C1=O)C1=CC2=C(NC1=O)C=CC(Cl)=C2,"1,26",,,,"2,76",,"-1,06247156",FALSE,,
CHEMBL1194,DB00750,Prilocaine,N01BB54; N01BB04,Нервная система,Success,"13,51",CCCNC(C)C(=O)NC1=CC=CC=C1C,"8,82",,,,"1,87","2,11","-1,073774139",FALSE,1965.0,0.0
CHEMBL1112,DB01238,Aripiprazole,N05AX12,Нервная система,Success,"13,51",ClC1=CC=CC(N2CCN(CCCCOC3=CC4=C(CCC(=O)N4)C=C3)CC2)=C1Cl,"7,46","7,6",,7.6,"5,21",,"-0,4456764258",FALSE,2002.0,1.0
CHEMBL2110588,DB09039,Eliglustat,A16AX10,ЖКТ и обмен веществ,Success,"13,51",CCCCCCCC(=O)N[C@H](CN1CCCC1)[C@H](O)C1=CC=C2OCCOC2=C1,"8,17",,,,"3,44",,"-1,053700973",FALSE,2014.0,1.0
CHEMBL1201325,DB06787,Hexocyclium,A03AB10,ЖКТ и обмен веществ,Success,"13,51",C[N+]1(C)CCN(CC(O)(C2CCCCC2)C2=CC=CC=C2)CC1,"4,95",,,,"-1,1",,"-1,55394467",FALSE,1982.0,1.0
CHEMBL434394,DB04861,Nebivolol,C07AB12,Сердечно-сосудистая система,Success,"13,52",OC(CNCC(O)C1CCC2=C(O1)C=CC(F)=C2)C1CCC2=C(O1)C=CC(F)=C2,"8,9","8,13",,8.13,"2,44","4,18","-0,03522721764",FALSE,2007.0,1.0
CHEMBL2029132,DB00364,Sucralfate,A02BX02,ЖКТ и обмен веществ,No Drug Record,"13,53",O.O[Al](O)O.O[Al](O)OS(=O)(=O)OC[C@H]1O[C@@](COS(=O)(=O)O[Al](O)O)(O[C@H]2O[C@H](COS(=O)(=O)O[Al](O)O)[C@@H](OS(=O)(=O)O[Al](O)O)[C@H](OS(=O)(=O)O[Al](O)O)[C@H]2OS(=O)(=O)O[Al](O)O)[C@@H](OS(=O)(=O)O[Al](O)O)[C@@H]1OS(=O)(=O)O[Al](O)O,-3,"0,43","1,19",0.43 to 1.19,"0,74","-7,09","-0,2705243532",FALSE,,
CHEMBL1755,DB00872,Conivaptan,C03XA02,Сердечно-сосудистая система,Success,"13,53",CC1=NC2=C(CCN(C(=O)C3=CC=C(NC(=O)C4=CC=CC=C4C4=CC=CC=C4)C=C3)C3=CC=CC=C23)N1,"6,23",,,,"5,23","6,3","-0,2161796103",FALSE,2005.0,0.0
,DB00838,Clocortolone,D07AB21,Дерматологические препараты,,"13,54",[H][C@@]12C[C@@H](C)[C@H](C(=O)CO)[C@@]1(C)C[C@H](O)[C@@]1(Cl)[C@@]2([H])C[C@H](F)C2=CC(=O)C=C[C@]12C,"-3,3",,,,"2,73","3,8","-1,800525748",FALSE,,
CHEMBL27810,DB04846,Celiprolol,C07AB08,Сердечно-сосудистая система,Success,"13,55",CCN(CC)C(=O)NC1=CC=C(OCC(O)CNC(C)(C)C)C(=C1)C(C)=O,"9,66",,,,"2,29",,"-0,5282342674",FALSE,,
CHEMBL2105760,DB09128,Brexpiprazole,N05AX16,Нервная система,Success,"13,56",O=C1NC2=CC(OCCCCN3CCN(CC3)C3=C4C=CSC4=CC=C3)=CC=C2C=C1,"8,4",,,,"5,38",,"0,4190075405",FALSE,2015.0,1.0
CHEMBL656,DB00497,Oxycodone,N02AA05,Нервная система,Success,"13,57",COC1=C2O[C@H]3C(=O)CC[C@@]4(O)[C@H]5CC(C=C1)=C2[C@@]34CCN5C,"8,77",,,,"1,04","0,7","-3,606978238",FALSE,1950.0,1.0
CHEMBL649,DB01203,Nadolol,C07BA12; C07AA12,Сердечно-сосудистая система,No Drug Record,"13,59",CC(C)(C)NCC(O)COC1=CC=CC2=C1C[C@H](O)[C@H](O)C2,"9,76","9,67",,9.67,"1,23","0,81","-1,164189288",FALSE,,
CHEMBL1323,DB01264,Darunavir,J05AE10,Противомикробные (системные),Success,"13,59",[H][C@@]12CCO[C@]1([H])OC[C@@H]2OC(=O)N[C@@H](CC1=CC=CC=C1)[C@H](O)CN(CC(C)C)S(=O)(=O)C1=CC=C(N)C=C1,"2,39",,,,"1,76","1,89","-1,884380829",FALSE,2006.0,1.0
CHEMBL4085457,DB14924,Ritlecitinib,L04AF08,Противоопухолевые препараты и иммуномодуляторы,Success,"13,59",C[C@H]1CC[C@H](CN1C(=O)C=C)NC1=NC=NC2=C1C=CN2,"6,6",,,,"1,8",,"-2,177859429",FALSE,,
CHEMBL64,DB00951,Isoniazid,J04AC01; J04AC51,Противомикробные (системные),Success,"13,61",NNC(=O)C1=CC=NC=C1,"3,35","1,82",,1.82 (at 20 °C),"-0,71","-0,7","0,06157774887",FALSE,1952.0,1.0
CHEMBL524,DB00723,Methoxamine,C01CA10,Сердечно-сосудистая система,Success,"13,61",COC1=CC(C(O)C(C)N)=C(OC)C=C1,"9,28",,,,"0,41","0,8","-1,307137058",FALSE,1982.0,0.0
CHEMBL1473,DB00588,Fluticasone propionate,R01AD08; D07AC17; R01AD58; R03BA05,Дыхательная система,Success,"13,61",[H][C@@]12C[C@@H](C)[C@](OC(=O)CC)(C(=O)SCF)[C@@]1(C)C[C@H](O)[C@@]1(F)[C@@]2([H])C[C@H](F)C2=CC(=O)C=C[C@]12C,"-3,4",,,,"3,69","2,78","-1,056956948",FALSE,1990.0,0.0
CHEMBL114,DB01232,Saquinavir,J05AE01,Противомикробные (системные),Success,"13,61",[H][C@@]12CCCC[C@]1([H])CN(C[C@@H](O)[C@H](CC1=CC=CC=C1)NC(=O)[C@H](CC(N)=O)NC(=O)C1=NC3=C(C=CC=C3)C=C1)[C@@H](C2)C(=O)NC(C)(C)C,"8,47",,,,"4,04","3,8","-1,458983051",FALSE,1995.0,1.0
CHEMBL116,DB00701,Amprenavir,J05AE05,Противомикробные (системные),Success,"13,61",CC(C)CN(C[C@@H](O)[C@H](CC1=CC=CC=C1)NC(=O)O[C@H]1CCOC1)S(=O)(=O)C1=CC=C(N)C=C1,"2,39",,,,"1,85",,"-1,655777603",FALSE,1999.0,1.0
CHEMBL376488,DB08903,Bedaquiline,J04AK05,Противомикробные (системные),Success,"13,61",COC1=NC2=C(C=C(Br)C=C2)C=C1[C@@H](C1=CC=CC=C1)[C@@](O)(CCN(C)C)C1=CC=CC2=C1C=CC=C2,"8,91",,,,"6,37",,"-0,4892766273",FALSE,2012.0,1.0
CHEMBL607710,DB14656,Chlorphenesin carbamate,D01AE07,Дерматологические препараты,Success,"13,61",NC(=O)OCC(O)COC1=CC=C(Cl)C=C1,"-3,4",,,,"0,96",,"-1,177451311",FALSE,1965.0,1.0
CHEMBL1676,DB08906,Fluticasone furoate,R01AD12; R03BA09,Дыхательная система,Success,"13,61",[H][C@@]12C[C@@H](C)[C@](OC(=O)C3=CC=CO3)(C(=O)SCF)[C@@]1(C)C[C@H](O)[C@@]1(F)[C@@]2([H])C[C@H](F)C2=CC(=O)C=C[C@]12C,"-3,1",,,,"3,73",,"-1,101787646",FALSE,2007.0,0.0
CHEMBL692,DB09462,Glycerin,A06AG04; A06AX01,ЖКТ и обмен веществ,Success,"13,61",OCC(O)CO,-3,,,,"-1,9",,"-1,188519258",FALSE,1982.0,0.0
CHEMBL980,DB00874,Guaifenesin,R05CA03,Дыхательная система,Success,"13,62",COC1=CC=CC=C1OCC(O)CO,-3,,,,"0,76","1,39","-0,3984317554",FALSE,2002.0,1.0
CHEMBL1087,DB00961,Mepivacaine,N01BB03; N01BB53,Нервная система,Success,"13,62",CN1CCCCC1C(=O)NC1=C(C)C=CC=C1C,"7,25","7,7",,7.7,"2,16","1,95","-0,9958582855",FALSE,1960.0,0.0
CHEMBL1098,DB00297,Bupivacaine,N01BB01; N01BB51,Нервная система,Success,"13,62",CCCCN1CCCCC1C(=O)NC1=C(C)C=CC=C1C,8,"8,1",,8.1,"3,31","3,41","-1,097327617",FALSE,1972.0,0.0
CHEMBL388751,DB00856,Chlorphenesin,D01AE07,Дерматологические препараты,No Drug Record,"13,62",OCC(O)COC1=CC=C(Cl)C=C1,-3,,,,"1,46","1,2","-0,1757686507",FALSE,,
CHEMBL1077896,DB00296,Ropivacaine,N01BB09,Нервная система,Success,"13,62",CCCN1CCCC[C@H]1C(=O)NC1=C(C)C=CC=C1C,"7,82","08,07",,08.07,"4,07","2,9","-1,302810284",FALSE,1996.0,0.0
CHEMBL1201193,DB01002,Levobupivacaine,N01BB10,Нервная система,Success,"13,62",CCCCN1CCCC[C@H]1C(=O)NC1=C(C)C=CC=C1C,8,"8,1",,8.1,"3,31","3,6","-1,097327617",FALSE,1999.0,0.0
CHEMBL492,DB08987,Etidocaine,N01BB57; N01BB07,Нервная система,Success,"13,62",CCCN(CC)C(CC)C(=O)NC1=C(C)C=CC=C1C,"8,59",,,,"3,05",,"-0,4696520421",FALSE,1976.0,0.0
CHEMBL2105075,DB08976,Floctafenine,N02BG04,Нервная система,Success,"13,62",OCC(O)COC(=O)C1=CC=CC=C1NC1=CC=NC2=C(C=CC=C12)C(F)(F)F,"5,84",,,,"3,05",,"0,7623902322",TRUE,,
CHEMBL146095,DB08963,Glafenine,N02BG03,Нервная система,Success,"13,62",OCC(O)COC(=O)C1=C(NC2=C3C=CC(Cl)=CC3=NC=C2)C=CC=C1,"6,41",,,,"2,8",,"-0,1382913802",FALSE,,0.0
CHEMBL229128,DB13583,Mephenesin,M03BX06,Костно-мышечная система,Success,"13,62",CC1=CC=CC=C1OCC(O)CO,-3,,,,"0,96",,"-0,3374447093",FALSE,,
CHEMBL1096146,DB12016,Ponesimod,L04AE04,Противоопухолевые препараты и иммуномодуляторы,Success,"13,62",CCC\N=C1/S\C(=C/C2=CC=C(OC[C@H](O)CO)C(Cl)=C2)C(=O)N1C1=CC=CC=C1C,"0,91",,,,"4,01",,"-0,2741653997",FALSE,2021.0,1.0
CHEMBL1200732,DB00288,Amcinonide,D07AC11,Дерматологические препараты,Success,"13,63",[H][C@@]12C[C@H]3OC4(CCCC4)O[C@@]3(C(=O)COC(C)=O)[C@@]1(C)C[C@H](O)[C@@]1(F)[C@@]2([H])CCC2=CC(=O)C=C[C@]12C,"-3,4",,,,"3,16","2,3","-1,854362647",FALSE,1979.0,0.0
CHEMBL1159650,DB01013,Clobetasol propionate,D07AD01,Дерматологические препараты,Success,"13,63",[H][C@@]12C[C@H](C)[C@](OC(=O)CC)(C(=O)CCl)[C@@]1(C)C[C@H](O)[C@@]1(F)[C@@]2([H])CCC2=CC(=O)C=C[C@]12C,"-3,4",,,,"3,49","3,5","-1,694936136",FALSE,1985.0,0.0
CHEMBL1200845,DB06786,Halcinonide,D07AD02,Дерматологические препараты,Success,"13,63",[H][C@@]12C[C@H]3OC(C)(C)O[C@@]3(C(=O)CCl)[C@@]1(C)C[C@H](O)[C@@]1(F)[C@@]2([H])CCC2=CC(=O)CC[C@]12C,"-3,4",,,,"3,31",,"-2,133414166",FALSE,1974.0,0.0
CHEMBL3353410,DB09330,Osimertinib,L01EB04,Противоопухолевые препараты и иммуномодуляторы,Success,"13,64",COC1=C(NC2=NC=CC(=N2)C2=CN(C)C3=C2C=CC=C3)C=C(NC(=O)C=C)C(=C1)N(C)CCN(C)C,"8,87",,,,"4,47",,"-0,482210551",FALSE,2015.0,1.0
CHEMBL1762,DB01056,Tocainide,C01BB03,Сердечно-сосудистая система,Success,"13,65",CC(N)C(=O)NC1=C(C)C=CC=C1C,"8,23",,,,"0,55","0,76","-0,3200029497",FALSE,1984.0,1.0
CHEMBL1256841,DB04820,Nialamide,N06AF02,Нервная система,Success,"13,65",O=C(CCNNC(=O)C1=CC=NC=C1)NCC1=CC=CC=C1,"3,41",,,,"0,65","0,87","-0,7868060748",FALSE,,0.0
CHEMBL4558324,DB16216,Lazertinib,L01EB09,Противоопухолевые препараты и иммуномодуляторы,Success,"13,65",COC1=C(NC2=NC=CC(=N2)N2C=C(CN(C)C)C(=N2)C2=CC=CC=C2)C=C(NC(=O)C=C)C(=C1)N1CCOCC1,"8,35",,,,"4,05",,"-0,3223690954",FALSE,,
CHEMBL1697760,DB13801,Muzolimine,C03CD01,Сердечно-сосудистая система,Success,"13,65",CC(N1N=C(N)CC1=O)C1=CC(Cl)=C(Cl)C=C1,3,,,,"2,56",,"-0,6185563635",FALSE,,0.0
CHEMBL92401,DB04818,Iproniazid,N06AF05,Нервная система,Success,"13,66",CC(C)NNC(=O)C1=CC=NC=C1,"3,82",,,,"0,02","0,37","-1,225531994",FALSE,,
CHEMBL1616433,DB01605,Pivmecillinam,J01CR50; J01CA08,Противомикробные (системные),No Drug Record,"13,66",[H]C(=N[C@@H]1C(=O)N2[C@@H](C(=O)OCOC(=O)C(C)(C)C)C(C)(C)S[C@]12[H])N1CCCCCC1,"7,91",,,,"3,23",,"-2,398726186",FALSE,,
CHEMBL652,DB01195,Flecainide,C01BC04,Сердечно-сосудистая система,Success,"13,68",FC(F)(F)COC1=CC(C(=O)NCC2CCCCN2)=C(OCC(F)(F)F)C=C1,"9,62","9,3",,9.3,"2,98","3,78","-0,01434016951",FALSE,1985.0,1.0
CHEMBL163,DB00503,Ritonavir,J05AE03,Противомикробные (системные),Success,"13,68",CC(C)[C@H](NC(=O)N(C)CC1=CSC(=N1)C(C)C)C(=O)N[C@H](C[C@H](O)[C@H](CC1=CC=CC=C1)NC(=O)OCC1=CN=CS1)CC1=CC=CC=C1,"2,84",,,,"4,24","3,9","-1,60898023",FALSE,1996.0,1.0
CHEMBL110,DB11989,Benznidazole,P01CA02,Противопаразитарные препараты,Success,"13,68",[O-][N+](=O)C1=NC=CN1CC(=O)NCC1=CC=CC=C1,"0,2",,,,"0,92",,"-1,308898273",FALSE,2017.0,1.0
CHEMBL1201354,DB00505,Tridihexethyl,A03AB08,ЖКТ и обмен веществ,Success,"13,69",CC[N+](CC)(CC)CCC(O)(C1CCCCC1)C1=CC=CC=C1,"-3,4",,,,"2,31","1,17","-0,7925032958",FALSE,1954.0,1.0
CHEMBL960,DB01097,Leflunomide,L04AK01,Противоопухолевые препараты и иммуномодуляторы,Success,"13,72",CC1=C(C=NO1)C(=O)NC1=CC=C(C=C1)C(F)(F)F,"-0,45",,,,"2,52","2,8","1,432223957",TRUE,1998.0,1.0
CHEMBL1512,DB00180,Flunisolide,R01AD04; R03BA03,Дыхательная система,Success,"13,73",[H][C@@]12C[C@@]3([H])[C@]4([H])C[C@H](F)C5=CC(=O)C=C[C@]5(C)[C@@]4([H])[C@@H](O)C[C@]3(C)[C@@]1(OC(C)(C)O2)C(=O)CO,"-2,9",,,,"2,2","1,1","-2,189153213",FALSE,1981.0,0.0
CHEMBL1201012,DB00846,Flurandrenolide,D07AC07,Дерматологические препараты,Success,"13,74",CC1(C)O[C@@H]2C[C@H]3[C@@H]4C[C@H](F)C5=CC(=O)CC[C@]5(C)[C@H]4[C@@H](O)C[C@]3(C)[C@@]2(O1)C(=O)CO,"-2,8",,,,"2,02","0,6","-2,133587621",FALSE,1965.0,0.0
CHEMBL1621,DB01267,Paliperidone,N05AX13,Нервная система,Success,"13,74",CC1=C(CCN2CCC(CC2)C2=NOC3=C2C=CC(F)=C3)C(=O)N2CCCC(O)C2=N1,"8,76",,,,"2,3","1,8","-0,122060089",FALSE,2006.0,1.0
CHEMBL1370,DB01222,Budesonide,D07AC09; A07EA06; R03BA02; R01AD05,Дерматологические препараты,Success,"13,75",[H][C@@]12C[C@H]3OC(CCC)O[C@@]3(C(=O)CO)[C@@]1(C)C[C@H](O)[C@@]1([H])[C@@]2([H])CCC2=CC(=O)C=C[C@]12C,"-2,9",,,,"2,42","1,91","-2,707328475",FALSE,1994.0,1.0
CHEMBL1201109,DB01260,Desonide,S01BA11; D07AB08,Органы чувств,Success,"13,75",[H][C@@]12C[C@H]3OC(C)(C)O[C@@]3(C(=O)CO)[C@@]1(C)C[C@H](O)[C@@]1([H])[C@@]2([H])CCC2=CC(=O)C=C[C@]12C,"-2,9",,,,"2,31","1,4","-2,745058123",FALSE,1972.0,0.0
CHEMBL1683,DB14540,Hydrocortisone butyrate,D07AB02,Дерматологические препараты,Success,"13,75",[H][C@@]12CC[C@](OC(=O)CCC)(C(=O)CO)[C@@]1(C)C[C@H](O)[C@@]1([H])[C@@]2([H])CCC2=CC(=O)CC[C@]12C,"-2,8",,,,"3,21",,"-2,944112814",FALSE,1982.0,0.0
CHEMBL1201212,DB00211,Midodrine,C01CA17,Сердечно-сосудистая система,Success,"13,77",COC1=CC(C(O)CNC(=O)CN)=C(OC)C=C1,"8,14","7,8",,7.8,"-0,49","-0,5","-1,124867942",FALSE,1996.0,1.0
CHEMBL485,DB00318,Codeine,R05DA04; N02AA79; N02AA59,Дыхательная система,Success,"13,78",[H][C@]12C=C[C@H](O)[C@@H]3OC4=C5C(C[C@H]1N(C)CC[C@@]235)=CC=C4OC,"9,19","8,2",,8.2,"1,2","1,39","-3,503009414",FALSE,1952.0,1.0
CHEMBL79,DB00281,Lidocaine,S01HA07; C05AD01; C01BB01; S02DA01; N01BB02; R02AD02; D04AB01; N01BB52,Органы чувств,Success,"13,78",CCN(CC)CC(=O)NC1=C(C)C=CC=C1C,"7,75","08,01",,08.01,"1,81","2,44","-0,1875873302",FALSE,1948.0,1.0
CHEMBL2105224,DB09209,Pholcodine,R05DA08,Дыхательная система,Success,"13,78",[H][C@@]12OC3=C(OCCN4CCOCC4)C=CC4=C3[C@@]11CCN(C)[C@]([H])(C4)[C@]1([H])C=C[C@@H]2O,"9,19","9,3",,9.3,"1,09","1,08","-2,521420603",FALSE,,0.0
CHEMBL3590187,DB12499,Clascoterone,D10AX06,Дерматологические препараты,Success,"13,78",[H][C@@]12CC[C@](OC(=O)CC)(C(=O)CO)[C@@]1(C)CC[C@@]1([H])[C@@]2([H])CCC2=CC(=O)CC[C@]12C,"-3,3",,,,"4,1",,"-2,691275638",FALSE,2020.0,0.0
CHEMBL1201864,DB09123,Dienogest,G03DB08,Мочеполовая система и половые гормоны,Success,"13,78",[H][C@@]12CC[C@@](O)(CC#N)[C@@]1(C)CCC1=C3CCC(=O)C=C3CC[C@@]21[H],"-3,3",,,,"3,37",,"-3,243956067",FALSE,2010.0,1.0
CHEMBL92870,DB13766,Lidoflazine,C08EX01,Сердечно-сосудистая система,Success,"13,78",CC1=CC=CC(C)=C1NC(=O)CN1CCN(CCCC(C2=CC=C(F)C=C2)C2=CC=C(F)C=C2)CC1,"7,76",,,,"4,98",,"0,4421206629",FALSE,,
CHEMBL416956,DB00358,Mefloquine,P01BC02,Противопаразитарные препараты,Success,"13,79",OC(C1CCCCN1)C1=CC(=NC2=C1C=CC=C2C(F)(F)F)C(F)(F)F,"9,46","8,6",,8.6,"3,1","3,9","0,5820749447",TRUE,1989.0,1.0
CHEMBL284906,DB09220,Nicorandil,C01DX16,Сердечно-сосудистая система,Success,"13,81",[O-][N+](=O)OCCNC(=O)C1=CC=CN=C1,"3,62",,,,0,,"-0,6821813245",FALSE,,
CHEMBL3936761,DB15035,Zanubrutinib,L01EL03,Противоопухолевые препараты и иммуномодуляторы,Success,"13,81",NC(=O)C1=C2NCC[C@@H](C3CCN(CC3)C(=O)C=C)N2N=C1C1=CC=C(OC2=CC=CC=C2)C=C1,"2,68",,,,"3,27",,"-0,7935877841",FALSE,2019.0,1.0
CHEMBL1101,DB00810,Biperiden,N04AA02,Нервная система,Success,"13,82",OC(CCN1CCCCC1)(C1CC2CC1C=C2)C1=CC=CC=C1,"9,3",,,,"4,28","4,25","-1,97661039",FALSE,1959.0,1.0
CHEMBL1161,DB14512,Mometasone furoate,R03BA07; R01AD09; D07XC03; D07AC13,Дыхательная система,Success,"13,84",[H][C@@]12C[C@@H](C)[C@](OC(=O)C3=CC=CO3)(C(=O)CCl)[C@@]1(C)C[C@H](O)[C@@]1(Cl)[C@@]2([H])CCC2=CC(=O)C=C[C@]12C,"-3,1",,,,"4,27","4,12","-2,522099653",FALSE,1987.0,0.0
CHEMBL1490,DB00376,Trihexyphenidyl,N04AA01,Нервная система,Success,"13,84",OC(CCN1CCCCC1)(C1CCCCC1)C1=CC=CC=C1,"9,32","8,7",,8.7,"4,93","4,49","-1,104130064",FALSE,1949.0,1.0
CHEMBL86715,DB00387,Procyclidine,N04AA04,Нервная система,Success,"13,84",OC(CCN1CCCC1)(C1CCCCC1)C1=CC=CC=C1,"9,45",,,,"4,13","4,2","-1,156707686",FALSE,1955.0,1.0
CHEMBL251634,DB08971,Fluocortolone,H02AB03; C05AA08; D07AC05; D07XC05,Гормональные препараты (системные),Success,"13,84",[H][C@@]12C[C@@H](C)[C@H](C(=O)CO)[C@@]1(C)C[C@H](O)[C@@]1([H])[C@@]2([H])C[C@H](F)C2=CC(=O)C=C[C@]12C,"-0,23",,,,"2,09",,"-1,932392625",FALSE,,
CHEMBL2095212,DB08893,Mirabegron,G04BD12,Мочеполовая система и половые гормоны,Success,"13,84",NC1=NC(CC(=O)NC2=CC=C(CCNC[C@H](O)C3=CC=CC=C3)C=C2)=CS1,"9,62",,,,"2,2",,"-1,304215169",FALSE,2012.0,1.0
CHEMBL1200500,DB00394,Beclomethasone dipropionate,D07AC15; R03BA01; R01AD01; A07EA07,Дерматологические препараты,Success,"13,85",[H][C@@]12C[C@H](C)[C@](OC(=O)CC)(C(=O)COC(=O)CC)[C@@]1(C)C[C@H](O)[C@@]1(Cl)[C@@]2([H])CCC2=CC(=O)C=C[C@]12C,"-3,3",,,,"3,69","3,49","-2,681228002",FALSE,1976.0,0.0
CHEMBL1201752,DB04845,Ixabepilone,L01DC04,Противоопухолевые препараты и иммуномодуляторы,Success,"13,85",[H][C@]12C[C@H](NC(=O)C[C@H](O)C(C)(C)C(=O)[C@H](C)[C@@H](O)[C@@H](C)CCC[C@@]1(C)O2)C(\C)=C\C1=CSC(C)=N1,"2,73",,,,"3,28",,"-2,79693341",FALSE,2007.0,0.0
CHEMBL2106441,DB13838,Noxytiolin,B05CA07,Кровь и органы кроветворения,Success,"13,86",CNC(=S)NCO,-3,,,,-1,,"-1,289345203",FALSE,,
CHEMBL404849,,SULOCTIDIL,C04AX19,Сердечно-сосудистая система,,"13,87",CCCCCCCCNC(C)C(O)c1ccc(SC(C)C)cc1,"9,76",,,,"5,56",,"-1,056022811",FALSE,1979.0,0.0
CHEMBL4297522,DB15102,Pemigatinib,L01EN02,Противоопухолевые препараты и иммуномодуляторы,Success,"13,88",CCN1C(=O)N(CC2=CN=C3NC(CN4CCOCC4)=CC3=C12)C1=C(F)C(OC)=CC(OC)=C1F,"5,9",,,,"2,26",,"0,1449114785",FALSE,2020.0,1.0
CHEMBL1590,DB00852,Pseudoephedrine,R01BA02; R01BA52,Дыхательная система,Success,"13,89",CN[C@@H](C)[C@@H](O)C1=CC=CC=C1,"9,52","10,3",,10.3 (at 0 °C),1,"0,89","-1,131275536",FALSE,1963.0,1.0
CHEMBL211456,DB01364,Ephedrine,C01CA26; R01AB05; A08AA56; S01FB02; R01AA03,Сердечно-сосудистая система,Success,"13,89",CN[C@@H](C)[C@H](O)C1=CC=CC=C1,"9,52","10,3",,10.3 (at 0 °C),1,"1,13","-1,131275536",FALSE,2016.0,0.0
CHEMBL1294,DB00908,Quinidine,C01BA01; C01BA51; C01BA71,Сердечно-сосудистая система,Success,"13,89",[H][C@@]12CCN(C[C@@H]1C=C)[C@]([H])(C2)[C@@H](O)C1=C2C=C(OC)C=CC2=NC=C1,"9,05","8,56",,8.56 (at 25 °C),"2,82","3,44","-0,9631122499",FALSE,1950.0,1.0
CHEMBL170,DB00468,Quinine,P01BC01; M09AA72,Противопаразитарные препараты,Success,"13,89",[H][C@]1(C[C@@H]2CC[N@]1C[C@@H]2C=C)[C@H](O)C1=CC=NC2=CC=C(OC)C=C12,"9,05",,,,"2,82","3,44","-0,9631122499",FALSE,2005.0,1.0
CHEMBL1619,DB00242,Cladribine,L01BB04; L04AA40,Противоопухолевые препараты и иммуномодуляторы,Success,"13,89",NC1=C2N=CN([C@H]3C[C@H](O)[C@@H](CO)O3)C2=NC(Cl)=N1,"2,22","1,21",,1.21,"-0,12",,"-0,4108413325",FALSE,1993.0,1.0
CHEMBL2105759,DB11817,Baricitinib,L04AF02,Противоопухолевые препараты и иммуномодуляторы,Success,"13,89",CCS(=O)(=O)N1CC(CC#N)(C1)N1C=C(C=N1)C1=C2C=CNC2=NC=N1,"3,91",,,,"1,08",,"-2,665640415",FALSE,2017.0,1.0
CHEMBL1201129,DB01262,Decitabine,L01BC08,Противоопухолевые препараты и иммуномодуляторы,Success,"13,89",NC1=NC(=O)N(C=N1)[C@H]1C[C@H](O)[C@@H](CO)O1,"2,09",,,,-2,,"-0,6780849239",FALSE,2006.0,1.0
CHEMBL1789941,DB08877,Ruxolitinib,L01EJ01; D11AH09,Противоопухолевые препараты и иммуномодуляторы,Success,"13,89",N#CC[C@H](C1CCCC1)N1C=C(C=N1)C1=C2C=CNC2=NC=N1,"3,91",,,,"2,94",,"-2,279742227",FALSE,2011.0,1.0
CHEMBL642,DB01193,Acebutolol,C07AB04,Сердечно-сосудистая система,Success,"13,91",CCCC(=O)NC1=CC=C(OCC(O)CNC(C)C)C(=C1)C(C)=O,"9,65",,,,"1,43","1,71","-0,629698086",FALSE,1984.0,1.0
CHEMBL1200799,DB00287,Travoprost,S01EE04,Органы чувств,Success,"13,95",CC(C)OC(=O)CCC\C=C/C[C@H]1[C@@H](O)C[C@@H](O)[C@@H]1\C=C\[C@@H](O)COC1=CC=CC(=C1)C(F)(F)F,"-2,9",,,,"4,02","4,6","-1,073152013",FALSE,2001.0,0.0
CHEMBL841,DB00836,Loperamide,A07DA03; A07DA53,ЖКТ и обмен веществ,Success,"13,96",CN(C)C(=O)C(CCN1CCC(O)(CC1)C1=CC=C(Cl)C=C1)(C1=CC=CC=C1)C1=CC=CC=C1,"9,41",,,,"4,44","5,13","-0,8862326934",FALSE,1976.0,1.0
CHEMBL54,DB00502,Haloperidol,N05AD01,Нервная система,Success,"13,96",OC1(CCN(CCCC(=O)C2=CC=C(F)C=C2)CC1)C1=CC=C(Cl)C=C1,"8,05","8,66",,8.66,"3,7","4,3","0,6233163493",TRUE,1967.0,1.0
CHEMBL28218,DB12401,Bromperidol,N05AD06,Нервная система,Success,"13,97",OC1(CCN(CCCC(=O)C2=CC=C(F)C=C2)CC1)C1=CC=C(Br)C=C1,"8,07",,,,"3,78",,"0,6353803931",TRUE,,
CHEMBL2104393,DB13389,Iopydol,V08AD02,Прочие препараты,Success,"13,98",OCC(O)CN1C=C(I)C(=O)C(I)=C1,-3,,,,"0,27",,"-1,024307023",FALSE,,
CHEMBL1201187,DB04835,Maraviroc,J05AX09,Противомикробные (системные),No Drug Record,"13,98",CC(C)C1=NN=C(C)N1[C@H]1C[C@@H]2CC[C@H](C1)N2CC[C@H](NC(=O)C1CCC(F)(F)CC1)C1=CC=CC=C1,"9,65",,,,"4,3",,"-0,992571378",FALSE,,
CHEMBL3622821,DB15091,Upadacitinib,L04AF03,Противоопухолевые препараты и иммуномодуляторы,Success,"13,99",CC[C@@H]1CN(C[C@@H]1C1=CN=C2C=NC3=C(C=CN3)N12)C(=O)NCC(F)(F)F,"4,11",,,,"2,57",,"-0,9553825587",FALSE,2019.0,1.0
CHEMBL1201262,DB00449,Dipivefrin,S01EA02,Органы чувств,Success,14,CNCC(O)C1=CC(OC(=O)C(C)(C)C)=C(OC(=O)C(C)(C)C)C=C1,"9,33",,,,"3,17","1,7","-0,8947122703",FALSE,1980.0,0.0
CHEMBL1201295,DB00901,Bitolterol,R03AC17,Дыхательная система,Success,14,CC1=CC=C(C=C1)C(=O)OC1=C(OC(=O)C2=CC=C(C)C=C2)C=C(C=C1)C(O)CNC(C)(C)C,"9,59",,,,"4,69","5,8","-0,4151242355",FALSE,1984.0,0.0
CHEMBL4760607,DB05025,Arimoclomol,N07XX17,Нервная система,No Drug Record,14,O[C@@H](CON=C(Cl)C1=C[N+]([O-])=CC=C1)CN1CCCCC1,"9,14",,,,"0,45",,"-1,297589116",FALSE,,
CHEMBL1595,DB01551,Dihydrocodeine,N02AA08; N02AA58,Нервная система,Success,"14,15",[H][C@@]12OC3=C4C(C[C@H]5N(C)CC[C@@]14[C@@]5([H])CC[C@@H]2O)=CC=C3OC,"9,33",,,,"1,58",,"-3,25188413",FALSE,1983.0,1.0
CHEMBL363392,DB16226,Maralixibat,A05AX04,ЖКТ и обмен веществ,Success,"14,15",CCCCC1(CCCC)CS(=O)(=O)C2=CC=C(C=C2[C@H]([C@H]1O)C1=CC=C(OCC2=CC=C(C[N+]34CCN(CC3)CC4)C=C2)C=C1)N(C)C,"5,68",,,,"3,96",,"-0,2612852177",FALSE,2021.0,1.0
CHEMBL3707331,DB09291,Rolapitant,A04AD14,ЖКТ и обмен веществ,Success,"14,15",C[C@@H](OC[C@]1(CC[C@]2(CCC(=O)N2)CN1)C1=CC=CC=C1)C1=CC(=CC(=C1)C(F)(F)F)C(F)(F)F,"8,3",,,,"4,07",,"0,2880592973",FALSE,2015.0,1.0
CHEMBL1200391,DB03754,Tromethamine,B05XX02; B05BB03,Кровь и органы кроветворения,Success,"14,16",NC(CO)(CO)CO,"8,95",,,,"-2,1",,"-0,3929474593",FALSE,1965.0,0.0
CHEMBL4483575,DB16852,Remibrutinib,L04AA60,Противоопухолевые препараты и иммуномодуляторы,Success,"14,17",CN(CCOC1=C(N)N=CN=C1C1=C(C)C(NC(=O)C2=C(F)C=C(C=C2)C2CC2)=CC(F)=C1)C(=O)C=C,"4,68",,,,"3,67",,"1,055430604",TRUE,,
CHEMBL2095208,DB09065,Cobicistat,V03AX03,Прочие препараты,Success,"14,18",CC(C)C1=NC(CN(C)C(=O)N[C@@H](CCN2CCOCC2)C(=O)N[C@H](CC[C@H](CC2=CC=CC=C2)NC(=O)OCC2=CN=CS2)CC2=CC=CC=C2)=CS1,"6,69",,,,"4,36",,"-1,223311278",FALSE,2012.0,1.0
CHEMBL3291398,DB12825,Lefamulin,J01XX12,Противомикробные (системные),Success,"14,19",[H][C@@]12C(=O)CC[C@]11CCC(C)[C@@]2(C)[C@@H](C[C@@](C)(C=C)[C@@H](O)[C@@H]1C)OC(=O)CS[C@@H]1CC[C@@H](N)C[C@H]1O,"10,08","9,41",,9.41,"3,04","3,72","-3,591744187",FALSE,2019.0,1.0
CHEMBL1201338,DB00979,Cyclopentolate,S01FA04; S01FA54,Органы чувств,Success,"14,19",CN(C)CCOC(=O)C(C1=CC=CC=C1)C1(O)CCCC1,"8,42",,,,"2,09","2,4","-1,113409102",FALSE,1974.0,0.0
CHEMBL344159,DB06212,Tolvaptan,C03XA01,Сердечно-сосудистая система,Success,"14,19",CC1=CC=CC=C1C(=O)NC1=CC(C)=C(C=C1)C(=O)N1CCC[C@@H](O)C2=C1C=CC(Cl)=C2,"-2,1",,,,"4,14",,"-1,064488717",FALSE,,
CHEMBL439849,DB06684,Vilazodone,N06AX24,Нервная система,Success,"14,19",NC(=O)C1=CC2=CC(=CC=C2O1)N1CCN(CCCCC2=CNC3=C2C=C(C=C3)C#N)CC1,"8,6",,,,"4,21",,"-0,6870997097",FALSE,2011.0,1.0
CHEMBL3301622,DB12141,Gilteritinib,L01EX13,Противоопухолевые препараты и иммуномодуляторы,Success,"14,21",CCC1=C(NC2CCOCC2)N=C(NC2=CC=C(N3CCC(CC3)N3CCN(C)CC3)C(OC)=C2)C(=N1)C(N)=O,"8,47",,,,"3,51","4,35","-0,7840124274",FALSE,2018.0,1.0
CHEMBL2105737,DB09143,Sonidegib,L01XJ02,Противоопухолевые препараты и иммуномодуляторы,Success,"14,21",[H][C@]1(C)CN(C[C@@]([H])(C)O1)C1=CC=C(NC(=O)C2=CC=CC(=C2C)C2=CC=C(OC(F)(F)F)C=C2)C=N1,"5,45",,,,"5,64",,"0,1259745288",FALSE,2015.0,1.0
CHEMBL1183717,DB01430,Almitrine,R07AB07,Дыхательная система,Success,"14,27",FC1=CC=C(C=C1)C(N1CCN(CC1)C1=NC(NCC=C)=NC(NCC=C)=N1)C1=CC=C(F)C=C1,"8,47",,,,"4,9",,"0,845254317",TRUE,,0.0
CHEMBL3989949,DB06119,Cenobamate,N03AX25,Нервная система,Success,"14,28",NC(=O)O[C@@H](CN1N=CN=N1)C1=C(Cl)C=CC=C1,"-1,7",,,,"0,99","0,46","-1,394795819",FALSE,,
CHEMBL141,DB00709,Lamivudine,J05AF05,Противомикробные (системные),Success,"14,29",NC1=NC(=O)N(C=C1)[C@@H]1CS[C@H](CO)O1,"4,3",,,,"-1,3","-1,4","-1,91885478",FALSE,,
CHEMBL12713,DB06144,Sertindole,N05AE03,Нервная система,Success,"14,33",FC1=CC=C(C=C1)N1C=C(C2CCN(CCN3CCNC3=O)CC2)C2=C1C=CC(Cl)=C2,"8,56",,,,"4,29",,"0,3227972404",FALSE,1996.0,1.0
CHEMBL1983350,DB09118,Stiripentol,N03AX17,Нервная система,Success,"14,34",CC(C)(C)C(O)\C=C\C1=CC2=C(OCO2)C=C1,"-3,1","14,2",,14.2,"3,01","2,94","-1,638445799",FALSE,,
CHEMBL1200963,DB00905,Bimatoprost,S01EE03,Органы чувств,Success,"14,35",CCNC(=O)CCC\C=C/C[C@H]1[C@@H](O)C[C@@H](O)[C@@H]1\C=C\[C@@H](O)CCC1=CC=CC=C1,"-1,3","14,3","-0,23","14.3, - 0.23","3,41","3,2","-2,253886477",FALSE,,
CHEMBL24828,DB05294,Vandetanib,L01EX04,Противоопухолевые препараты и иммуномодуляторы,Success,"14,35",COC1=C(OCC2CCN(C)CC2)C=C2N=CN=C(NC3=C(F)C=C(Br)C=C3)C2=C1,"9,13",,,,"5,01",,"0,6501797979",TRUE,2011.0,1.0
CHEMBL1624126,DB09092,Xanthinol,C04AD02,Сердечно-сосудистая система,Success,"14,38",CN(CCO)CC(O)CN1C=NC2=C1C(=O)N(C)C(=O)N2C,"8,86",,,,-1,,"-1,418384782",FALSE,,
CHEMBL846,DB00136,Calcitriol,A11CC04; D05AX03,ЖКТ и обмен веществ,Success,"14,39",C[C@H](CCCC(C)(C)O)[C@@]1([H])CC[C@@]2([H])\C(CCC[C@]12C)=C\C=C1\C[C@@H](O)C[C@H](O)C1=C,"-1,3",,,,"5,51",5,"-2,010021573",FALSE,,
CHEMBL1601669,DB01436,Alfacalcidol,A11CC03,ЖКТ и обмен веществ,Success,"14,39",CC(C)CCC[C@@H](C)[C@@]1([H])CC[C@@]2([H])\C(CCC[C@]12C)=C\C=C1\C[C@@H](O)C[C@H](O)C1=C,"-2,8",,,,"6,68",,"-2,076001526",FALSE,,
CHEMBL1200666,DB02300,Calcipotriol,D05AX02; D05AX52,Дерматологические препараты,Success,"14,39",O[C@H](\C=C\[C@@H](C)[C@@]1([H])CC[C@@]2([H])\C(CCC[C@]12C)=C\C=C1\C[C@@H](O)C[C@H](O)C1=C)C1CC1,"-1,6",,,,"4,63",,"-2,988648315",FALSE,,
CHEMBL1200810,DB06410,Doxercalciferol,H05BX03,Гормональные препараты (системные),Success,"14,39",[H][C@@]1(CC[C@@]2([H])\C(CCC[C@]12C)=C\C=C1\C[C@@H](O)C[C@H](O)C1=C)[C@H](C)\C=C\[C@H](C)C(C)C,"-2,8",,,,"6,27",,"-2,867701976",FALSE,,
CHEMBL314854,DB08868,Fingolimod,L04AE01,Противоопухолевые препараты и иммуномодуляторы,Success,"14,41",CCCCCCCCC1=CC=C(CCC(N)(CO)CO)C=C1,"9,38",8,,8.0,4,"5,5","0,05449851412",FALSE,2010.0,1.0
CHEMBL799,DB01166,Cilostazol,B01AC23,Кровь и органы кроветворения,Success,"14,42",O=C1CCC2=C(N1)C=CC(OCCCCC1=NN=NN1C1CCCCC1)=C2,"-0,67",,,,"3,38","2,3","-0,809756523",FALSE,,
CHEMBL637,DB00285,Venlafaxine,N06AX16,Нервная система,Success,"14,42",COC1=CC=C(C=C1)C(CN(C)C)C1(O)CCCCC1,"8,91",,,,"2,69",,"-1,368057958",FALSE,1993.0,1.0
CHEMBL1658,DB01256,Retapamulin,D06AX13,Дерматологические препараты,Success,"14,43",[H][C@@]12C(=O)CC[C@]11CC[C@@H](C)[C@@]2(C)[C@@H](C[C@@](C)(C=C)[C@@H](O)[C@@H]1C)OC(=O)CS[C@H]1C[C@@H]2CC[C@H](C1)N2C,"9,69",,,,"4,63",5,"-3,371118772",FALSE,2007.0,0.0
CHEMBL90,DB05381,Histamine,V04CG03; L03AX14,Прочие препараты,Success,"14,46",NCCC1=CNC=N1,"9,58",,,,"-0,69",,"-1,523634721",FALSE,1939.0,0.0
CHEMBL847,DB01096,Oxamniquine,P02BA02,Противопаразитарные препараты,Success,"14,47",CC(C)NCC1CCC2=CC(CO)=C(C=C2N1)[N+]([O-])=O,"9,89",,,,"1,54","2,24","-1,55542982",FALSE,1980.0,1.0
CHEMBL1051,DB00654,Latanoprost,S01EE01,Органы чувств,Success,"14,47",CC(C)OC(=O)CCC\C=C/C[C@H]1[C@@H](O)C[C@@H](O)[C@@H]1CC[C@@H](O)CCC1=CC=CC=C1,"-2,7","4,88",,4.88,"4,16","3,98","-2,576139728",FALSE,,
CHEMBL1107,DB01218,Halofantrine,P01BX01,Противопаразитарные препараты,Success,"14,47",CCCCN(CCCC)CCC(O)C1=C2C=CC(=CC2=C2C=C(Cl)C=C(Cl)C2=C1)C(F)(F)F,"10,05",,,,"7,34","8,9","1,095943697",TRUE,1992.0,1.0
CHEMBL2364612,DB11660,Latanoprostene bunod,S01EE06,Органы чувств,Success,"14,47",O[C@H](CC[C@H]1[C@H](O)C[C@H](O)[C@@H]1C\C=C/CCCC(=O)OCCCCO[N+]([O-])=O)CCC1=CC=CC=C1,"-2,7",,,,"3,94",,"-2,154596575",FALSE,,
CHEMBL181,DB01119,Diazoxide,C02DA01; V03AH01,Сердечно-сосудистая система,Success,"14,48",CC1=NS(=O)(=O)C2=C(N1)C=CC(Cl)=C2,"-2,6","8,74",,8.74,"1,09","1,2","-1,476458452",FALSE,1973.0,1.0
CHEMBL86,DB01233,Metoclopramide,A03FA01,ЖКТ и обмен веществ,Success,"14,49",CCN(CC)CCNC(=O)C1=CC(Cl)=C(N)C=C1OC,"9,04","9,27",,9.27,"2,18","2,67","-0,005064677723",FALSE,1979.0,1.0
CHEMBL1963683,DB08819,Tafluprost,S01EE05,Органы чувств,Success,"14,51",CC(C)OC(=O)CCC\C=C/C[C@H]1[C@@H](O)C[C@@H](O)[C@@H]1\C=C\C(F)(F)COC1=CC=CC=C1,"-2,9","5,5","6,7",5.5-6.7,"4,46","4,05","-1,536732865",FALSE,,
CHEMBL1201323,DB00272,Betazole,V04CG02,Прочие препараты,Success,"14,52",NCCC1=CC=NN1,"9,79",,,,"-0,64","0,1","-0,6395608832",FALSE,1982.0,0.0
CHEMBL1200790,DB01107,Methyprylon,N05CE02,Нервная система,Success,"14,53",CCC1(CC)C(=O)NCC(C)C1=O,"-3,1",,,,"0,94","0,78","-1,83255872",FALSE,,
CHEMBL710,DB01216,Finasteride,D11AX10; G04CB01,Дерматологические препараты,Success,"14,53",[H][C@@]12CC[C@H](C(=O)NC(C)(C)C)[C@@]1(C)CC[C@@]1([H])[C@@]2([H])CC[C@@]2([H])NC(=O)C=C[C@]12C,"0,33",,,,"3,53","3,03","-2,825861548",FALSE,1992.0,1.0
CHEMBL1279,DB00998,Frovatriptan,N02CC07,Нервная система,Success,"14,54",CN[C@@H]1CCC2=C(C1)C1=C(N2)C=CC(=C1)C(N)=O,"10,42",,,,"1,2","0,9","-1,850464311",FALSE,2001.0,1.0
CHEMBL1639,DB09026,Aliskiren,C09XA02,Сердечно-сосудистая система,Success,"14,56",COCCCOC1=C(OC)C=CC(C[C@@H](C[C@H](N)[C@@H](O)C[C@@H](C(C)C)C(=O)NCC(C)(C)C(N)=O)C(C)C)=C1,"9,57","9,49",,9.49,"3,87","2,45","-1,556533811",FALSE,2007.0,1.0
CHEMBL1086,DB00527,Cinchocaine,C05AD04; D04AB02; N01BB06; S01HA06; S02DA04,Сердечно-сосудистая система,Success,"14,57",CCCCOC1=NC2=CC=CC=C2C(=C1)C(=O)NCCN(CC)CC,"9,04","8,85",,8.85,"3,79","4,4","-0,1908085725",FALSE,1982.0,0.0
CHEMBL560739,DB00604,Cisapride,A03FA02,ЖКТ и обмен веществ,No Drug Record,"14,58",CO[C@H]1CN(CCCOC2=CC=C(F)C=C2)CC[C@H]1NC(=O)C1=CC(Cl)=C(N)C=C1OC,"8,24",,,,"2,95","3,3","0,2380919111",FALSE,,
CHEMBL1697856,DB13278,Bucetin,N02BE54; N02BE04; N02BE74,Нервная система,Success,"14,58",CCOC1=CC=C(NC(=O)CC(C)O)C=C1,"-2,6",,,,"1,39",,"-0,6779482706",FALSE,,
CHEMBL1201244,DB00728,Rocuronium,M03AC09,Костно-мышечная система,Success,"14,59",[H][C@@]12C[C@@H]([C@H](OC(C)=O)[C@@]1(C)CC[C@@]1([H])[C@@]2([H])CC[C@@]2([H])C[C@H](O)[C@H](C[C@]12C)N1CCOCC1)[N+]1(CC=C)CCCC1,"7,96",,,,"2,71",,"-3,180755882",FALSE,1994.0,0.0
CHEMBL4559134,DB15685,Selpercatinib,L01EX22,Противоопухолевые препараты и иммуномодуляторы,Success,"14,59",COC1=NC=C(CN2C3CC2CN(C3)C2=CC=C(C=N2)C2=CC(OCC(C)(C)O)=CN3N=CC(C#N)=C23)C=C1,"6,28",,,,"3,03",,"-1,033294864",FALSE,2020.0,1.0
CHEMBL1257051,DB14569,Tedizolid,J01XX11,Противомикробные (системные),Success,"14,61",CN1N=NC(=N1)C1=NC=C(C=C1)C1=C(F)C=C(C=C1)N1C[C@H](CO)OC1=O,"-1,7","1,8","6,5","1.8, 6.5","0,95",,"0,1945881343",FALSE,,
CHEMBL1024,DB01181,Ifosfamide,L01AA06,Противоопухолевые препараты и иммуномодуляторы,Success,"14,64",ClCCNP1(=O)OCCCN1CCCl,"0,02",,,,"0,57","0,86","-1,941826062",FALSE,1988.0,0.0
CHEMBL709,DB00346,Alfuzosin,G04CA01,Мочеполовая система и половые гормоны,Success,"14,64",COC1=CC2=C(C=C1OC)C(N)=NC(=N2)N(C)CCCNC(=O)C1CCCO1,"7,3","8,13",,8.13,"2,02","1,6","-0,752063635",FALSE,2003.0,1.0
CHEMBL117287,DB06480,Prucalopride,A06AX05,ЖКТ и обмен веществ,Success,"14,64",COCCCN1CCC(CC1)NC(=O)C1=C2OCCC2=C(N)C(Cl)=C1,"8,98","8,5",,8.5,"2,09","2,56","-1,340888476",FALSE,2009.0,1.0
CHEMBL1474889,DB09004,Clobutinol,R05DB03,Дыхательная система,Success,"14,64",CC(CN(C)C)C(C)(O)CC1=CC=C(Cl)C=C1,"9,41",,,,"3,15",,"-0,9659149851",FALSE,1961.0,0.0
CHEMBL162036,DB13657,Benorilate,N02BA10,Нервная система,Success,"14,66",CC(=O)NC1=CC=C(OC(=O)C2=CC=CC=C2OC(C)=O)C=C1,"-4,4",,,,"2,62",,"-0,3284041489",FALSE,,
CHEMBL853,DB00943,Zalcitabine,J05AF03,Противомикробные (системные),Success,"14,67",NC1=NC(=O)N(C=C1)[C@H]1CC[C@@H](CO)O1,"4,48",,,,"-1,3","-1,3","-0,9713611944",FALSE,,
CHEMBL1201256,DB00662,Trimethobenzamide,R06AA10,Дыхательная система,Success,"14,68",COC1=CC(=CC(OC)=C1OC)C(=O)NCC1=CC=C(OCCN(C)C)C=C1,"8,77","8,78",,8.78,"2,44","2,29","-0,1061409975",FALSE,1974.0,1.0
CHEMBL3184437,DB13269,Dichlorobenzyl alcohol,R02AA03,Дыхательная система,Success,"14,68",OCC1=C(Cl)C=C(Cl)C=C1,"-2,9",,,,"2,51","2,36","-0,128437359",FALSE,,
CHEMBL15245,DB01392,Yohimbine,G04BE04,Мочеполовая система и половые гормоны,Success,"14,68",[H][C@@]12CC[C@H](O)[C@H](C(=O)OC)[C@@]1([H])C[C@]1([H])N(CCC3=C1NC1=CC=CC=C31)C2,"7,48",,,,"2,36","2,73","-2,814970947",FALSE,,
CHEMBL1908315,DB08964,Gemeprost,G02AD03,Мочеполовая система и половые гормоны,Success,"14,68",CCCCC(C)(C)[C@H](O)\C=C\[C@H]1[C@H](O)CC(=O)[C@@H]1CCCC\C=C\C(=O)OC,"-1,1",,,,"4,02",,"-2,511424859",FALSE,,
CHEMBL606,DB00929,Misoprostol,G02AD06; A02BB01,Мочеполовая система и половые гормоны,Success,"14,69",CCCCC(C)(O)C\C=C\[C@H]1[C@H](O)CC(=O)[C@@H]1CCCCCCC(=O)OC,"-0,95",,,,"3,88",,"-2,38839312",FALSE,,
CHEMBL142703,DB04876,Vildagliptin,A10BH02,ЖКТ и обмен веществ,Success,"14,71",OC12CC3CC(C1)CC(C3)(C2)NCC(=O)N1CCC[C@H]1C#N,"9,03",,,,"1,12",,"-2,688776608",FALSE,2007.0,1.0
CHEMBL86304,DB01171,Moclobemide,N06AG02,Нервная система,Success,"14,73",ClC1=CC=C(C=C1)C(=O)NCCN1CCOCC1,"6,02","10,6",,10.6 (ethanol-air),"1,56",,"-0,2802245238",FALSE,1990.0,1.0
CHEMBL1201891,DB11921,Deflazacort,H02AB13,Гормональные препараты (системные),Success,"14,74",[H][C@@]12C[C@@]3([H])[C@]4([H])CCC5=CC(=O)C=C[C@]5(C)[C@@]4([H])[C@@]([H])(O)C[C@]3(C)[C@@]1(N=C(C)O2)C(=O)COC(C)=O,"0,48","5,52",,5.52,"2,56","2,4","-2,412514371",FALSE,2017.0,1.0
CHEMBL385517,DB06335,Saxagliptin,A10BH03,ЖКТ и обмен веществ,Success,"14,74",[H][C@@]12C[C@]1([H])N([C@@H](C2)C#N)C(=O)[C@@H](N)C12CC3CC(CC(O)(C3)C1)C2,"7,9",,,,"0,88",,"-2,977360297",FALSE,2009.0,1.0
CHEMBL1290003,DB00889,Granisetron,A04AA02,ЖКТ и обмен веществ,No Drug Record,"14,75",CN1N=C(C(=O)N[C@@H]2C[C@@H]3CCC[C@H](C2)N3C)C2=C1C=CC=C2,9,,,,"2,64","2,6","-1,748429985",FALSE,,
CHEMBL94,DB00981,Physostigmine,S01EB05; V03AB19,Органы чувств,Success,"14,77",[H][C@]12N(C)CC[C@@]1(C)C1=C(C=CC(OC(=O)NC)=C1)N2C,"6,59","6,12",,6.12,"1,8","1,58","-2,18172593",FALSE,,
CHEMBL9967,DB00670,Pirenzepine,A02BX03,ЖКТ и обмен веществ,Success,"14,78",CN1CCN(CC(=O)N2C3=CC=CC=C3C(=O)NC3=C2N=CC=C3)CC1,"7,2",,,,"1,26","0,6","-0,8520108402",FALSE,,
CHEMBL493982,DB09030,Vorapaxar,B01AC26,Кровь и органы кроветворения,Success,"14,78",[H][C@@]12C[C@]3([H])C[C@@H](CC[C@@]3([H])[C@H](\C=C\C3=CC=C(C=N3)C3=CC(F)=CC=C3)[C@]1([H])[C@@H](C)OC2=O)NC(=O)OCC,"4,32",,,,"4,9","5,39","-0,7476584422",FALSE,2014.0,1.0
CHEMBL2040682,DB01410,Ciclesonide,R03BA08; R01AD13,Дыхательная система,Success,"14,78",[H][C@@]12C[C@@]3([H])[C@]4([H])CCC5=CC(=O)C=C[C@]5(C)[C@@]4([H])[C@@H](O)C[C@]3(C)[C@@]1(O[C@@H](O2)C1CCCCC1)C(=O)COC(=O)C(C)C,"-2,9",,,,"4,08",,"-2,4221337",FALSE,,
CHEMBL1200622,DB00910,Paricalcitol,H05BX02,Гормональные препараты (системные),Success,"14,81",[H][C@@]1(CC[C@@]2([H])\C(CCC[C@]12C)=C\C=C1C[C@@H](O)C[C@H](O)C1)[C@H](C)\C=C\[C@H](C)C(C)(C)O,-1,,,,"5,27","4,5","-2,04119652",FALSE,,
CHEMBL659,DB00674,Galantamine,N06DA04,Нервная система,Success,"14,81",[H][C@]12C[C@@H](O)C=C[C@]11CCN(C)CC3=C1C(O2)=C(OC)C=C3,"8,58",,,,"1,16",,"-3,768483866",FALSE,2001.0,1.0
CHEMBL1200953,DB14543,Hydrocortisone probutate,D07AB11,Дерматологические препараты,Success,"14,81",[H][C@@]12CC[C@](OC(=O)CCC)(C(=O)COC(=O)CC)[C@@]1(C)C[C@H](O)[C@@]1([H])[C@@]2([H])CCC2=CC(=O)CC[C@]12C,"-2,8",,,,"3,83",,"-2,9076294",FALSE,,
CHEMBL44884,DB00330,Ethambutol,J04AK02,Противомикробные (системные),Success,"14,82",CC[C@@H](CO)NCCN[C@@H](CC)CO,"9,55",,,,"-0,059","0,4","-1,3545646",FALSE,1967.0,1.0
CHEMBL1683590,DB08871,Eribulin,L01XX41,Противоопухолевые препараты и иммуномодуляторы,Success,"14,82",[H][C@@]12CC(=C)[C@]([H])(CC[C@@]3([H])C[C@@H](C)C(=C)[C@@]([H])(C[C@]4([H])O[C@H](C[C@H](O)CN)[C@H](OC)[C@@]4([H])CC(=O)C[C@@]4([H])CC[C@]5([H])O[C@@]6([H])[C@H]7O[C@@]8(C[C@]7([H])O[C@@]6([H])[C@@]([H])(O8)[C@@]5([H])O4)CC1)O3)O2,"9,56",,,,"1,26",,"-3,162705851",FALSE,2010.0,0.0
CHEMBL1200386,DB01130,Prednicarbate,D07AC18,Дерматологические препараты,Success,"14,83",[H][C@@]12CC[C@](OC(=O)OCC)(C(=O)COC(=O)CC)[C@@]1(C)C[C@H](O)[C@@]1([H])[C@@]2([H])CCC2=CC(=O)C=C[C@]12C,"-2,9",,,,"3,08","2,9","-2,273836734",FALSE,,
CHEMBL1397,DB01263,Posaconazole,J02AC04,Противомикробные (системные),Success,"14,83",CC[C@@H]([C@H](C)O)N1N=CN(C1=O)C1=CC=C(C=C1)N1CCN(CC1)C1=CC=C(OC[C@@H]2CO[C@](CN3C=NC=N3)(C2)C2=C(F)C=C(F)C=C2)C=C1,"3,93",,,,"5,41","5,5","0,146875631",FALSE,2005.0,1.0
CHEMBL126,DB00601,Linezolid,J01XX08,Противомикробные (системные),Success,"14,85",CC(=O)NC[C@H]1CN(C(=O)O1)C1=CC(F)=C(C=C1)N1CCOCC1,"-1,2","1,8",,1.8,"0,61","0,9","0,1228765355",FALSE,,
CHEMBL2111112,DB06217,Vernakalant,C01BG11,Сердечно-сосудистая система,Success,"14,85",COC1=C(OC)C=C(CCO[C@@H]2CCCC[C@H]2N2CC[C@@H](O)C2)C=C1,"9,65",,,,"2,74",,"-1,429352241",FALSE,2010.0,0.0
CHEMBL2181927,DB16165,Finerenone,C03DA05,Сердечно-сосудистая система,Success,"14,87",CCOC1=NC=C(C)C2=C1[C@H](C1=CC=C(C=C1OC)C#N)C(C(N)=O)=C(C)N2,"6,06",,,,"2,21",,"-0,8428349656",FALSE,2021.0,1.0
CHEMBL24778,DB06207,Silodosin,G04CA04,Мочеполовая система и половые гормоны,Success,"14,87",C[C@H](CC1=CC2=C(N(CCCO)CC2)C(=C1)C(N)=O)NCCOC1=CC=CC=C1OCC(F)(F)F,"9,66",,,,"2,96",,"0,4383960801",FALSE,2008.0,1.0
CHEMBL1200865,DB14596,Loteprednol etabonate,S01BA14,Органы чувств,Success,"14,88",[H][C@@]12CC[C@](OC(=O)OCC)(C(=O)OCCl)[C@@]1(C)C[C@H](O)[C@@]1([H])[C@@]2([H])CCC2=CC(=O)C=C[C@]12C,"-2,9",,,,"3,08","3,4","-2,111890382",FALSE,,
CHEMBL1064,DB00641,Simvastatin,C10AA01,Сердечно-сосудистая система,Success,"14,91",[H][C@]12[C@H](C[C@@H](C)C=C1C=C[C@H](C)[C@@H]2CC[C@@H]1C[C@@H](O)CC(=O)O1)OC(=O)C(C)(C)CC,"-2,8",,,,"4,51","4,68","-3,478130377",FALSE,,
CHEMBL503,DB00227,Lovastatin,C10AA02,Сердечно-сосудистая система,Success,"14,91",[H][C@]12[C@H](C[C@@H](C)C=C1C=C[C@H](C)[C@@H]2CC[C@@H]1C[C@@H](O)CC(=O)O1)OC(=O)[C@@H](C)CC,"-2,8","13,49",,13.49,"4,11","4,08","-3,68567189",FALSE,,
CHEMBL105,DB00305,Mitomycin,L01DC03,Противоопухолевые препараты и иммуномодуляторы,Success,"14,97",[H][C@]12CN3C4=C([C@@H](COC(N)=O)[C@@]3(OC)[C@@]1([H])N2)C(=O)C(N)=C(C)C4=O,"5,76","10,9",,10.9,"-0,55","-0,4","-3,085446645",FALSE,1981.0,0.0
CHEMBL932,DB00975,Dipyridamole,B01AC07,Кровь и органы кроветворения,Success,"14,97",OCCN(CCO)C1=NC2=C(N=C(N=C2N2CCCCC2)N(CCO)CCO)C(=N1)N1CCCCC1,"3,54",,,,"1,52","1,5","-0,06684621983",FALSE,1961.0,1.0
CHEMBL16073,DB03783,Phenacetin,N02BE53; N02BE73; N02BE03,Нервная система,Success,"14,98",CCOC1=CC=C(NC(C)=O)C=C1,"-4,2",,,,"1,62","1,58","-0,06265253548",FALSE,,
CHEMBL741,DB00555,Lamotrigine,N03AX09,Нервная система,Success,"14,98",NC1=NC(N)=C(N=N1)C1=C(Cl)C(Cl)=CC=C1,"5,89","5,7",,5.7,"1,87","1,93","-0,2685345511",FALSE,1994.0,1.0
CHEMBL57,DB00238,Nevirapine,J05AG01,Противомикробные (системные),Success,"14,98",CC1=C2NC(=O)C3=C(N=CC=C3)N(C3CC3)C2=NC=C1,"3,28",,,,"1,75","2,5","-1,014341731",FALSE,1996.0,1.0
CHEMBL1201764,DB06702,Fesoterodine,G04BD11,Мочеполовая система и половые гормоны,Success,"14,98",CC(C)N(CC[C@H](C1=CC=CC=C1)C1=C(OC(=O)C(C)C)C=CC(CO)=C1)C(C)C,"10,64",,,,"5,45",,"-1,054688524",FALSE,2007.0,1.0
CHEMBL4303214,DB11679,Fruquintinib,L01EK04,Противоопухолевые препараты и иммуномодуляторы,Success,"14,99",CNC(=O)C1=C(C)OC2=CC(OC3=NC=NC4=CC(OC)=C(OC)C=C34)=CC=C12,"2,57",,,,"3,12",,"-0,5706072097",FALSE,,
CHEMBL119443,DB01253,Ergometrine,G02AB03,Мочеполовая система и половые гормоны,Success,15,[H][C@@]12CC3=CNC4=CC=CC(=C34)C1=C[C@H](CN2C)C(=O)N[C@@H](C)CO,"7,93","6,8",,6.8,"1,53","0,9","-2,672295691",FALSE,,
CHEMBL1201356,DB00353,Methylergometrine,G02AB01,Мочеполовая система и половые гормоны,Success,15,[H][C@@]12CC3=CNC4=CC=CC(=C34)C1=C[C@H](CN2C)C(=O)N[C@@H](CC)CO,"7,93",,,,"1,74","1,2","-2,823593697",FALSE,1946.0,1.0
CHEMBL485253,DB00247,Methysergide,N02CA04,Нервная система,No Drug Record,15,[H][C@@]12CC3=CN(C)C4=C3C(=CC=C4)C1=C[C@H](CN2C)C(=O)NC(CC)CO,"7,83",,,,"2,22","1,5","-2,8393217",FALSE,,
CHEMBL1621597,DB00332,Ipratropium,R01AX03; R03BB01,Дыхательная система,Success,"15,15",[H][C@]12CC[C@]([H])(C[C@@H](C1)OC(=O)C(CO)C1=CC=CC=C1)[N+]2(C)C(C)C,"-2,7",,,,"0,89","0,04","-2,014587413",FALSE,,
CHEMBL569713,DB00747,Scopolamine,S01FA02; N05CM05; A04AD51; A04AD01,Органы чувств,Success,"15,15",CN1[C@H]2C[C@@H](C[C@@H]1[C@H]1O[C@@H]21)OC(=O)[C@H](CO)C1=CC=CC=C1,"6,95","7,75",,7.75,"1,4","0,98","-2,310556277",FALSE,1979.0,0.0
CHEMBL517712,DB00572,Atropine,A03BA01; S01FA01,ЖКТ и обмен веществ,Success,"15,15",CN1[C@H]2CC[C@@H]1C[C@@H](C2)OC(=O)C(CO)C1=CC=CC=C1,"9,39","9,43",,9.43,"2,19","1,83","-2,10311809",FALSE,1960.0,1.0
CHEMBL1331216,DB00424,Hyoscyamine,A03BA03,ЖКТ и обмен веществ,Success,"15,15",CN1[C@H]2CC[C@@H]1C[C@@H](C2)OC(=O)[C@H](CO)C1=CC=CC=C1,"9,39","11,7",,11.7,"1,57",,"-2,10311809",FALSE,,
CHEMBL1618102,DB09300,Butylscopolamine,A03BB01,ЖКТ и обмен веществ,Success,"15,15",CCCC[N+]1(C)[C@H]2C[C@@H](C[C@@H]1[C@H]1O[C@@H]21)OC(=O)[C@H](CO)C1=CC=CC=C1,"-2,7",,,,"0,79",,"-2,180532156",FALSE,,
CHEMBL3989849,DB08978,Fentonium,A03BB04,ЖКТ и обмен веществ,Success,"15,15",[H][C@](CO)(C(=O)O[C@]1([H])C[C@]2([H])CC[C@]([H])(C1)[N+]2(C)CC(=O)C1=CC=C(C=C1)C1=CC=CC=C1)C1=CC=CC=C1,"-2,7",,,,"2,83",,"-1,415274669",FALSE,,
CHEMBL376897,DB11315,Methscopolamine,A03BB03; S01FA03,ЖКТ и обмен веществ,Success,"15,15",C[N+]1(C)[C@H]2C[C@@H](C[C@@H]1[C@H]1O[C@@H]21)OC(=O)[C@H](CO)C1=CC=CC=C1,"-2,7",,,,"-1,5",,"-2,284690934",FALSE,,
CHEMBL498847,DB12834,Secnidazole,P01AB07,Противопаразитарные препараты,Success,"15,16",CC(O)CN1C(C)=NC=C1N(=O)=O,"3,08",,,,"0,25",,"-0,9663210082",FALSE,2017.0,1.0
CHEMBL779,DB00820,Tadalafil,G04BE08,Мочеполовая система и половые гормоны,Success,"15,17",[H][C@]12CC3=C(NC4=CC=CC=C34)[C@H](N1C(=O)CN(C)C2=O)C1=CC2=C(OCO2)C=C1,"-4,2",,,,"2,36","2,89","-2,224423964",FALSE,,
CHEMBL251940,DB01608,Periciazine,N05AC01,Нервная система,Success,"15,18",OC1CCN(CCCN2C3=CC=CC=C3SC3=C2C=C(C=C3)C#N)CC1,"8,37",,,,"3,78","3,52","-0,1707687586",FALSE,,
CHEMBL1200604,DB00809,Tropicamide,S01FA56; S01FA06,Органы чувств,Success,"15,18",CCN(CC1=CC=NC=C1)C(=O)C(CO)C1=CC=CC=C1,"5,02",,,,"1,42","1,3","-0,8089027085",FALSE,1960.0,0.0
CHEMBL76370,DB01079,Tegaserod,A06AX06,ЖКТ и обмен веществ,Success,"15,24",CCCCCNC(=N)N\N=C\C1=CNC2=C1C=C(OC)C=C2,"8,5",,,,"2,76","2,6","-0,4991852177",FALSE,2002.0,1.0
CHEMBL1201087,DB00248,Cabergoline,G02CB03; N04BC06,Мочеполовая система и половые гормоны,Success,"15,25",[H][C@@]12CC3=CNC4=CC=CC(=C34)[C@@]1([H])C[C@H](CN2CC=C)C(=O)N(CCCN(C)C)C(=O)NCC,"9,32",,,,"2,97","2,6","-1,745053267",FALSE,1996.0,1.0
CHEMBL153479,DB06742,Ambroxol,R02AD05; R05CB06,Дыхательная система,Success,"15,26",NC1=C(Br)C=C(Br)C=C1CN[C@H]1CC[C@H](O)CC1,"9,01",,,,"3,72",,"-1,202413841",FALSE,,
CHEMBL2104306,DB08994,Ditazole,B01AC01,Кровь и органы кроветворения,Success,"15,27",OCCN(CCO)C1=NC(=C(O1)C1=CC=CC=C1)C1=CC=CC=C1,"-0,12",,,,"2,86",,"0,1472058174",FALSE,,
CHEMBL1177,DB01230,Pemoline,N06BA05,Нервная система,Success,"15,33",NC1=NC(=O)C(O1)C1=CC=CC=C1,"-0,69",,,,"0,52","0,7","-1,733755878",FALSE,,
CHEMBL1201772,DB06209,Prasugrel,B01AC22,Кровь и органы кроветворения,Success,"15,34",CC(=O)OC1=CC2=C(CCN(C2)C(C(=O)C2CC2)C2=CC=CC=C2F)S1,"5,12",,,,"3,67","3,54","0,20596801",FALSE,2009.0,1.0
CHEMBL157138,DB00589,Lisuride,N02CA07; G02CB02,Нервная система,Success,"15,36",[H][C@@]12CC3=CNC4=CC=CC(=C34)C1=C[C@@H](CN2C)NC(=O)N(CC)CC,"6,88",,,,"2,37","2,2","-2,317500721",FALSE,,
CHEMBL571546,DB06137,Tirbanibulin,D06BX03,Дерматологические препараты,Success,"15,36",O=C(CC1=CC=C(C=N1)C1=CC=C(OCCN2CCOCC2)C=C1)NCC1=CC=CC=C1,"6,63",,,,"3,26",,"-0,2832772117",FALSE,2020.0,0.0
CHEMBL1171837,DB08901,Ponatinib,L01EA05,Противоопухолевые препараты и иммуномодуляторы,Success,"15,37",CN1CCN(CC2=CC=C(NC(=O)C3=CC(C#CC4=CN=C5C=CC=NN45)=C(C)C=C3)C=C2C(F)(F)F)CC1,"7,62","2,77","7,8",2.77 and 7.8,"3,94",,"0,2183283299",FALSE,2012.0,1.0
CHEMBL137,DB00916,Metronidazole,P01AB01; A01AB17; D06BX01; P01AB51; G01AF01; J01XD01,Противопаразитарные препараты,Success,"15,41",CC1=NC=C(N1CCO)[N+]([O-])=O,"3,03","2,57","15,42","2.57,15.42","-0,15","-0,02","-0,3581085365",FALSE,1963.0,1.0
CHEMBL1380,DB01048,Abacavir,J05AF06,Противомикробные (системные),Success,"15,41",NC1=NC2=C(N=CN2[C@@H]2C[C@H](CO)C=C2)C(NC2CC2)=N1,"5,8",,,,"0,61","1,2","-2,066158102",FALSE,1998.0,1.0
CHEMBL3989506,DB13288,Tromantadine,D06BB02; J05AC03,Дерматологические препараты,Success,"15,41",CN(C)CCOCC(=O)NC12CC3CC(CC(C3)C1)C2,"8,57",,,,"2,43",,"-0,4401688167",FALSE,,
CHEMBL460,DB01618,Molindone,N05AE02,Нервная система,Success,"15,43",CCC1=C(C)NC2=C1C(=O)C(CN1CCOCC1)CC2,"6,65",,,,"2,09",,"-1,140271702",FALSE,1974.0,1.0
CHEMBL1085,DB01063,Acetophenazine,N05AB07,Нервная система,Success,"15,46",CC(=O)C1=CC=C2SC3=C(C=CC=C3)N(CCCN3CCN(CCO)CC3)C2=C1,"7,78",,,,"3,48","2,62","0,3318952114",FALSE,1961.0,1.0
CHEMBL288441,DB06616,Bosutinib,L01EA04,Противоопухолевые препараты и иммуномодуляторы,Success,"15,48",COC1=CC(NC2=C(C=NC3=CC(OCCCN4CCN(C)CC4)=C(OC)C=C23)C#N)=C(Cl)C=C1Cl,"8,03",,,,"4,87","3,34","-0,4669632922",FALSE,2012.0,1.0
CHEMBL315838,DB01228,Encainide,C01BC08,Сердечно-сосудистая система,Success,"15,52",COC1=CC=C(C=C1)C(=O)NC1=CC=CC=C1CCC1CCCCN1C,"9,48",,,,"4,29",4,"-0,8076380578",FALSE,1986.0,0.0
CHEMBL726,DB00623,Fluphenazine,N05AB02,Нервная система,Success,"15,59",OCCN1CCN(CCCN2C3=CC=CC=C3SC3=C2C=C(C=C3)C(F)(F)F)CC1,"7,81","7,9",,7.9,"4,4","4,36","1,818184128",TRUE,1959.0,1.0
CHEMBL54661,DB00875,Flupentixol,N05AF01,Нервная система,No Drug Record,"15,59",[H]\C(CCN1CCN(CCO)CC1)=C1/C2=CC=CC=C2SC2=C1C=C(C=C2)C(F)(F)F,"8,43",,,,"4,56","4,51","1,527483046",TRUE,,
CHEMBL567,DB00850,Perphenazine,N05AB03,Нервная система,Success,"15,59",OCCN1CCN(CCCN2C3=CC=CC=C3SC3=C2C=C(Cl)C=C3)CC1,"7,81","7,94",,7.94,"4,15","4,2","0,5996921817",TRUE,1957.0,1.0
CHEMBL127592,DB12532,Oxethazaine,C05AD06,Сердечно-сосудистая система,Success,"15,59",CN(C(=O)CN(CCO)CC(=O)N(C)C(C)(C)CC1=CC=CC=C1)C(C)(C)CC1=CC=CC=C1,"5,78","6,25",,6.25,"3,67",,"-0,4575107218",FALSE,,
CHEMBL1535,DB01611,Hydroxychloroquine,P01BA02,Противопаразитарные препараты,Success,"15,59",CCN(CCO)CCCC(C)NC1=C2C=CC(Cl)=CC2=NC=C1,"9,76","9,67",,9.67,"3,87",,"-0,1573370483",FALSE,1955.0,1.0
CHEMBL53904,DB01624,Zuclopenthixol,N05AF05,Нервная система,Success,"15,59",OCCN1CCN(CC\C=C2\C3=C(SC4=C2C=C(Cl)C=C4)C=CC=C3)CC1,"8,03",,,,"4,46",,"0,2687809334",FALSE,,
CHEMBL715,DB00334,Olanzapine,N05AH03,Нервная система,Success,"15,67",CN1CCN(CC1)C1=NC2=CC=CC=C2NC2=C1C=C(C)S2,"7,24","10,57",,10.57,"3,61","4,09","-0,07691938206",FALSE,1996.0,1.0
CHEMBL2028019,DB06016,Cariprazine,N05AX15,Нервная система,Success,"15,68",CN(C)C(=O)N[C@H]1CC[C@H](CCN2CCN(CC2)C2=C(Cl)C(Cl)=CC=C2)CC1,"7,91",,,,"4,56",,"-1,086581296",FALSE,2015.0,1.0
CHEMBL3813873,DB12978,Pexidartinib,L01EX15,Противоопухолевые препараты и иммуномодуляторы,Success,"15,68",FC(F)(F)C1=CC=C(CNC2=NC=C(CC3=CNC4=NC=C(Cl)C=C34)C=C2)C=N1,"6,76",,,,"4,64",,"0,3529666064",FALSE,2019.0,1.0
CHEMBL4297620,DB14754,Solriamfetol,N06BA14,Нервная система,Success,"15,68",N[C@@H](COC(N)=O)CC1=CC=CC=C1,"9,08",,,,"0,62",,"-2,044689871",FALSE,2019.0,1.0
CHEMBL19215,DB13520,Metergoline,G02CB05,Мочеполовая система и половые гормоны,Success,"15,69",[H][C@@]12CC3=CN(C)C4=CC=CC(=C34)[C@@]1([H])C[C@@H](CNC(=O)OCC1=CC=CC=C1)CN2C,"8,22",,,,"3,99",,"-1,676026897",FALSE,,
CHEMBL559288,DB12492,Piritramide,N02AC03,Нервная система,Success,"15,72",NC(=O)C1(CCN(CCC(C#N)(C2=CC=CC=C2)C2=CC=CC=C2)CC1)N1CCCCC1,"8,87",,,,"3,71",,"-1,669210872",FALSE,,
CHEMBL985,DB03904,Urea,D02AE51; D02AE01; V04CX05; B05BC02,Дерматологические препараты,Success,"15,73",NC(N)=O,"-2,4","0,1",,0.1 (at 21 °C),"-1,8","-2,11","-0,8736425668",FALSE,,
CHEMBL2096648,DB09510,Urea C-13,V04CX05,Прочие препараты,No Drug Record,"15,73",N[13C](N)=O,"-2,4",,,,"-1,8",,"-0,8736425668",FALSE,,
CHEMBL2103822,DB09071,Tasimelteon,N05CH03,Нервная система,Success,"15,74",CCC(=O)NC[C@@H]1C[C@H]1C1=CC=CC2=C1CCO2,"-1,2",,,,"2,53","2,43","-2,382033816",FALSE,,
CHEMBL640,DB01035,Procainamide,C01BA02,Сердечно-сосудистая система,Success,"15,75",CCN(CC)CCNC(=O)C1=CC=C(N)C=C1,"9,04","9,32",,9.32,"1,42","0,88","0,1646381209",FALSE,1950.0,1.0
CHEMBL298734,DB06448,Lonafarnib,A16AX20,ЖКТ и обмен веществ,Success,"15,75",NC(=O)N1CCC(CC(=O)N2CCC(CC2)[C@H]2C3=C(CCC4=C2C(Br)=CC(Cl)=C4)C=C(Br)C=N3)CC1,"3,28",,,,"5,34",,"-1,406106085",FALSE,2020.0,1.0
CHEMBL517427,DB06712,Nilvadipine,C08CA10,Сердечно-сосудистая система,Success,"15,75",COC(=O)C1=C(NC(C)=C(C1C1=CC(=CC=C1)[N+]([O-])=O)C(=O)OC(C)C)C#N,"-6,7",,,,"2,97",,"-0,8860808478",FALSE,,
CHEMBL396778,DB06654,Safinamide,N04BD03,Нервная система,Success,"15,76",C[C@H](NCC1=CC=C(OCC2=CC(F)=CC=C2)C=C1)C(N)=O,"7,93",,,,"2,59",,"1,26009484",TRUE,2015.0,1.0
CHEMBL1308,DB01213,Fomepizole,V03AB34,Прочие препараты,Success,"15,82",CC1=CNN=C1,"2,63",,,,"0,41","0,9","-2,209839656",FALSE,1997.0,0.0
CHEMBL1218,DB00980,Ramelteon,N05CH02,Нервная система,Success,"15,82",CCC(=O)NCC[C@@H]1CCC2=C1C1=C(OCC1)C=C2,"-1,4",,,,"3,03","2,4","-2,264801966",FALSE,,
CHEMBL1021,DB06802,Nepafenac,S01BC10,Органы чувств,Success,"15,82",NC(=O)CC1=CC=CC(C(=O)C2=CC=CC=C2)=C1N,"1,83",,,,"1,53",,"-0,3492692422",FALSE,2005.0,0.0
CHEMBL159776,DB13247,Pramiracetam,N06BX16,Нервная система,Success,"15,85",CC(C)N(CCNC(=O)CN1CCCC1=O)C(C)C,"9,61",,,,"1,17",,"-0,9959027566",FALSE,,
CHEMBL1088,DB00933,Mesoridazine,N05AC03,Нервная система,Success,"15,86",CN1CCCCC1CCN1C2=C(SC3=C1C=C(C=C3)S(C)=O)C=CC=C2,"8,19",,,,"3,83","3,9","-0,4347887051",FALSE,1970.0,1.0
CHEMBL585,DB00384,Triamterene,C03DB02,Сердечно-сосудистая система,Success,"15,88",NC1=NC(N)=C2N=C(C(N)=NC2=N1)C1=CC=CC=C1,"1,86",,,,"1,21","0,98","-0,08339099483",FALSE,1964.0,1.0
CHEMBL1201222,DB01255,Lisdexamfetamine,N06BA12,Нервная система,Success,"15,89",C[C@@H](CC1=CC=CC=C1)NC(=O)[C@@H](N)CCCCN,"10,21","10,5",,10.5,"1,01","-1,76","-0,9847738432",FALSE,2007.0,1.0
CHEMBL36715,DB09210,Piracetam,N06BX03,Нервная система,Success,"15,93",NC(=O)CN1CCCC1=O,-2,,,,"-1,6",,"-1,682197842",FALSE,,
CHEMBL108,DB00564,Carbamazepine,N03AF01,Нервная система,Success,"15,96",NC(=O)N1C2=CC=CC=C2C=CC2=CC=CC=C12,"-3,8","15,96","-3,8","15.96, -3.8","2,1","2,77","-0,4103065383",FALSE,,
CHEMBL10878,DB06594,Agomelatine,N06AX22,Нервная система,Success,"15,96",COC1=CC2=C(CCNC(C)=O)C=CC=C2C=C1,"-1,6",,,,"2,83",,"-0,5379879835",FALSE,,
CHEMBL46,DB00904,Ondansetron,A04AA01,ЖКТ и обмен веществ,Success,"16,13",CN1C2=C(C3=CC=CC=C13)C(=O)C(CN1C=CN=C1C)CC2,"7,34",,,,"2,56","2,4","-1,662819553",FALSE,1991.0,1.0
CHEMBL747,DB14763,Cycloguanil,P01BB02,Противопаразитарные препараты,Success,"16,13",CC1(C)N=C(N)N=C(N)N1C1=CC=C(Cl)C=C1,"8,18",,,,"1,06",,"-1,286188657",FALSE,,
CHEMBL553,DB00530,Erlotinib,L01EB02,Противоопухолевые препараты и иммуномодуляторы,Success,"16,14",COCCOC1=CC2=C(C=C1OCCOC)C(NC1=CC(=CC=C1)C#C)=NC=N2,"4,62",,,,"3,13","2,7","-0,1606485907",FALSE,2004.0,1.0
CHEMBL14376,DB04946,Iloperidone,N05AX14,Нервная система,Success,"16,14",COC1=C(OCCCN2CCC(CC2)C2=NOC3=C2C=CC(F)=C3)C=CC(=C1)C(C)=O,"8,53",,,,"4,26",,"0,7787857377",TRUE,2009.0,1.0
CHEMBL2074398,DB09161,Technetium Tc-99m sestamibi,V09GA01,Прочие препараты,No Drug Record,"16,14",[Tc+].COC(C)(C)C[N+]#[C-].COC(C)(C)C[N+]#[C-].COC(C)(C)C[N+]#[C-].COC(C)(C)C[N+]#[C-].COC(C)(C)C[N+]#[C-].COC(C)(C)C[N+]#[C-],"-4,2",,,,"5,44",,"-2,626014348",FALSE,,
CHEMBL1292,DB00845,Clofazimine,J04BA01,Противомикробные (системные),Success,"16,15",CC(C)N=C1C=C2N(C3=CC=C(Cl)C=C3)C3=C(C=CC=C3)N=C2C=C1NC1=CC=C(Cl)C=C1,"6,63","8,51",,8.51,"7,39","7,66","-0,185176701",FALSE,1986.0,1.0
CHEMBL517,DB00280,Disopyramide,C01BA03,Сердечно-сосудистая система,Success,"16,19",CC(C)N(CCC(C(N)=O)(C1=CC=CC=C1)C1=NC=CC=C1)C(C)C,"10,42",,,,"3,21","2,58","-0,6086838892",FALSE,1977.0,1.0
CHEMBL416146,DB01628,Etoricoxib,M01AH05,Костно-мышечная система,Success,"16,19",CC1=NC=C(C=C1)C1=C(C=C(Cl)C=N1)C1=CC=C(C=C1)S(C)(=O)=O,"4,96",,,,"3,7",,"0,007602141148",FALSE,2002.0,1.0
CHEMBL1346,DB00496,Darifenacin,G04BD10,Мочеполовая система и половые гормоны,Success,"16,21",NC(=O)C([C@@H]1CCN(CCC2=CC3=C(OCC3)C=C2)C1)(C1=CC=CC=C1)C1=CC=CC=C1,"10,11",,,,"4,35","4,5","-1,075835584",FALSE,2004.0,1.0
CHEMBL1885437,DB08990,Eprazinone,R05CB04,Дыхательная система,Success,"16,21",CCOC(CN1CCN(CC(C)C(=O)C2=CC=CC=C2)CC1)C1=CC=CC=C1,"7,32",,,,"3,78",,"-0,5197207213",FALSE,,
CHEMBL1387,DB09371,Norethynodrel,G03FA09,Мочеполовая система и половые гормоны,No ATC,"16,21",[H][C@@]12CC[C@@](O)(C#C)[C@@]1(C)CC[C@]1([H])C3=C(CC[C@@]21[H])CC(=O)CC3,"-1,7",,,,"2,6",,"-3,367508181",FALSE,,
CHEMBL2079587,DB06718,Stanozolol,A14AA02,ЖКТ и обмен веществ,Success,"16,23",[H][C@@]12CC[C@](C)(O)[C@@]1(C)CC[C@@]1([H])[C@@]2([H])CC[C@@]2([H])CC3=NNC=C3C[C@]12C,"3,36",,,,"4,33",,"-3,402714136",FALSE,1962.0,1.0
CHEMBL2103774,DB09070,Tibolone,G03CX01,Мочеполовая система и половые гормоны,Success,"16,27",[H][C@@]12CC[C@@](O)(C#C)[C@@]1(C)CC[C@]1([H])C3=C(CC(=O)CC3)C[C@@]([H])(C)[C@@]21[H],"-1,7",,,,"2,69",,"-3,550188596",FALSE,,
CHEMBL1159,DB06762,Pinacidil,C02DG01,Сердечно-сосудистая система,Success,"16,28",CC(N\C(NC#N)=N\C1=CC=NC=C1)C(C)(C)C,"8,16",,,,"2,3",,"-1,36644352",FALSE,1989.0,1.0
CHEMBL772,DB00206,Reserpine,C02AA52; C02AA02,Сердечно-сосудистая система,Success,"16,29",[H][C@]12C[C@@H](OC(=O)C3=CC(OC)=C(OC)C(OC)=C3)[C@H](OC)[C@@H](C(=O)OC)[C@@]1([H])C[C@@]1([H])N(CCC3=C1NC1=C3C=CC(OC)=C1)C2,"7,39","6,6",,6.6,"4,05","3,2","-1,851912939",FALSE,1960.0,1.0
CHEMBL1668,DB01180,Rescinnamine,C02AA01,Сердечно-сосудистая система,Success,"16,29",[H][C@]12C[C@@H](OC(=O)C=CC3=CC(OC)=C(OC)C(OC)=C3)[C@H](OC)[C@@H](C(=O)OC)[C@@]1([H])C[C@@]1([H])N(CCC3=C1NC1=C3C=CC(OC)=C1)C2,"7,39",,,,"4,48","3,5","-1,78191765",FALSE,1956.0,1.0
CHEMBL1201217,DB00645,Dyclonine,N01BX02; R02AD04,Нервная система,Success,"16,29",CCCCOC1=CC=C(C=C1)C(=O)CCN1CCCCC1,"8,36",,,,"4,11","3,7","-0,2219464121",FALSE,1982.0,0.0
CHEMBL607400,DB05541,Brivaracetam,N03AX23,Нервная система,Success,"16,29",CCC[C@H]1CN([C@@H](CC)C(N)=O)C(=O)C1,"-1,1",,,,"0,86",,"-2,498094231",FALSE,,
CHEMBL1201232,DB01625,Isopropamide,A03AB09,ЖКТ и обмен веществ,Success,"16,31",CC(C)[N+](C)(CCC(C(N)=O)(C1=CC=CC=C1)C1=CC=CC=C1)C(C)C,"-3,3",,,,"2,27",,"-0,9585352799",FALSE,,
CHEMBL1200515,DB01089,Deserpidine,C02AA05,Сердечно-сосудистая система,Success,"16,37",[H][C@]12C[C@@H](OC(=O)C3=CC(OC)=C(OC)C(OC)=C3)[C@H](OC)[C@@H](C(=O)OC)[C@@]1([H])C[C@@]1([H])N(CCC3=C1NC1=CC=CC=C31)C2,"7,4",,,,"4,25","3,3","-1,947204605",FALSE,1957.0,1.0
CHEMBL986,DB00162,Vitamin A,A11CA01; R01AX02; S01XA02; D10AD02,ЖКТ и обмен веществ,Success,"16,44",C\C(=C/CO)\C=C\C=C(/C)\C=C\C1=C(C)CCCC1(C)C,"-2,2",,,,"6,38","5,68","-1,543416607",FALSE,,
CHEMBL1095097,DB00700,Eplerenone,C03DA04,Сердечно-сосудистая система,Success,"16,44",[H][C@@]12CC[C@@]3(CCC(=O)O3)[C@@]1(C)C[C@H]1O[C@@]11[C@@]2([H])[C@@H](CC2=CC(=O)CC[C@]12C)C(=O)OC,"-4,2",,,,"1,67","1,3","-3,541890342",FALSE,,
CHEMBL744,DB00740,Riluzole,N07XX02,Нервная система,Success,"16,44",NC1=NC2=C(S1)C=C(OC(F)(F)F)C=C2,"4,57",,,,"2,83","2,3","3,095154508",TRUE,1995.0,1.0
CHEMBL554,DB01259,Lapatinib,L01EH01,Противоопухолевые препараты и иммуномодуляторы,Success,"16,44",CS(=O)(=O)CCNCC1=CC=C(O1)C1=CC2=C(C=C1)N=CN=C2NC1=CC(Cl)=C(OCC2=CC(F)=CC=C2)C=C1,"7,26",,,,"5,18","5,4","0,7998051888",TRUE,2007.0,1.0
CHEMBL305660,DB11742,Ebastine,R06AX22,Дыхательная система,Success,"16,45",CC(C)(C)C1=CC=C(C=C1)C(=O)CCCN1CCC(CC1)OC(C1=CC=CC=C1)C1=CC=CC=C1,"8,43",,,,"6,89",,"-0,1804216901",FALSE,,
CHEMBL545,DB00898,Ethanol,D08AX08; V03AZ01; V03AB16,Дерматологические препараты,Success,"16,47",CCO,"-2,2","15,9",,15.9 (at 25 °C),"-0,4","-0,31","-1,06501622",FALSE,,
CHEMBL1510,DB00216,Eletriptan,N02CC06,Нервная система,Success,"16,56",CN1CCC[C@@H]1CC1=CNC2=C1C=C(CCS(=O)(=O)C1=CC=CC=C1)C=C2,"8,37",,,,"3,84","3,9","-1,158825619",FALSE,2002.0,1.0
CHEMBL3306803,DB06077,Lumateperone,N05AD10,Нервная система,Success,"16,61",[H][C@]12CCN(CCCC(=O)C3=CC=C(F)C=C3)C[C@@]1([H])C1=CC=CC3=C1N2CCN3C,"8,47",,,,"3,87","2,33","-0,02424758638",FALSE,2019.0,1.0
CHEMBL278398,DB01619,Phenindamine,R06AX04,Дыхательная система,Success,"16,62",CN1CCC2=C(C1)C(C1=CC=CC=C21)C1=CC=CC=C1,9,,,,"4,04",,"-0,8343259466",FALSE,,
CHEMBL880,DB00426,Famciclovir,J05AB09; S01AD07,Противомикробные (системные),Success,"16,68",CC(=O)OCC(CCN1C=NC2=CN=C(N)N=C12)COC(C)=O,"3,65",,,,"0,13","0,6","-1,023575296",FALSE,1994.0,1.0
CHEMBL1788393,DB13258,Etofamide,P01AC03,Противопаразитарные препараты,Success,"16,68",CCOCCN(CC1=CC=C(OC2=CC=C(C=C2)[N+]([O-])=O)C=C1)C(=O)C(Cl)Cl,"-3,6",,,,"4,4",,"-0,4854364466",FALSE,,
CHEMBL1201210,DB00777,Propiomazine,N05CM06,Нервная система,Success,"16,76",CCC(=O)C1=CC2=C(SC3=CC=CC=C3N2CC(C)N(C)C)C=C1,"8,92",,,,"4,53","4,79","-0,1404001226",FALSE,1960.0,0.0
CHEMBL502,DB00843,Donepezil,N06DA02,Нервная система,Success,"16,78",COC1=C(OC)C=C2C(=O)C(CC3CCN(CC4=CC=CC=C4)CC3)CC2=C1,"9,12","8,9",,8.9,"4,14","4,7","-1,261856709",FALSE,1996.0,1.0
CHEMBL1200453,DB00632,Docosanol,D06BB11,Дерматологические препараты,Success,"16,84",CCCCCCCCCCCCCCCCCCCCCCO,-2,,,,"9,31",9,"-0,1704122314",FALSE,,
CHEMBL252556,DB09081,Idebenone,N06BX13,Нервная система,Success,"16,84",COC1=C(OC)C(=O)C(CCCCCCCCCCO)=C(C)C1=O,-2,,,,"3,98",,"-0,232286166",FALSE,,
CHEMBL14687,DB03175,Propyl alcohol,D08AX03; D08AX53,Дерматологические препараты,Success,"16,85",CCCO,-2,"16,1",,16.1,"0,21","0,25","-0,09774386018",FALSE,,
CHEMBL1726,DB00401,Nisoldipine,C08CA07,Сердечно-сосудистая система,Success,"16,94",COC(=O)C1=C(C)NC(C)=C(C1C1=CC=CC=C1[N+]([O-])=O)C(=O)OCC(C)C,"-6,6",,,,"3,63","3,26","-0,4546035741",FALSE,,
CHEMBL193,DB01115,Nifedipine,C08CA55; C08CA05,Сердечно-сосудистая система,Success,"16,94",COC(=O)C1=C(C)NC(C)=C(C1C1=CC=CC=C1[N+]([O-])=O)C(=O)OC,"-6,6",,,,"2,49","2,2","-0,260522145",FALSE,,
CHEMBL1648,DB00270,Isradipine,C08CA03,Сердечно-сосудистая система,Success,"16,95",COC(=O)C1=C(C)NC(C)=C(C1C1=CC=CC2=NON=C12)C(=O)OC(C)C,"-3,3",,,,3,"4,28","-1,015119224",FALSE,,
CHEMBL1237132,DB04920,Clevidipine,C08CA16,Сердечно-сосудистая система,Success,"16,95",CCCC(=O)OCOC(=O)C1=C(C)NC(C)=C(C1C1=CC=CC(Cl)=C1Cl)C(=O)OC,"-6,5",,,,"4,98",,"-0,4604105935",FALSE,,
CHEMBL1428,DB00393,Nimodipine,C08CA06,Сердечно-сосудистая система,Success,"16,96",COCCOC(=O)C1=C(C)NC(C)=C(C1C1=CC(=CC=C1)[N+]([O-])=O)C(=O)OC(C)C,"-4,1",,,,"3,41","3,05","-0,5104096918",FALSE,,
CHEMBL250270,DB00528,Lercanidipine,C08CA13,Сердечно-сосудистая система,Success,"16,96",COC(=O)C1=C(C)NC(C)=C(C1C1=CC(=CC=C1)[N+]([O-])=O)C(=O)OC(C)(C)CN(C)CCC(C1=CC=CC=C1)C1=CC=CC=C1,"9,36",,,,"6,42","6,4","-0,763321272",FALSE,,
CHEMBL475534,DB01054,Nitrendipine,C08CA08,Сердечно-сосудистая система,Success,"16,97",CCOC(=O)C1=C(C)NC(C)=C(C1C1=CC(=CC=C1)[N+]([O-])=O)C(=O)OC,"-6,6",,,,"3,21","2,88","-0,3057550831",FALSE,,
CHEMBL1484,DB00622,Nicardipine,C08CA04,Сердечно-сосудистая система,Success,"16,97",COC(=O)C1=C(C)NC(C)=C(C1C1=CC(=CC=C1)[N+]([O-])=O)C(=O)OCCN(C)CC1=CC=CC=C1,"8,1",,,,"4,34","3,82","-0,4439707233",FALSE,1988.0,1.0
CHEMBL1505,DB00918,Almotriptan,N02CC05,Нервная система,Success,"17,14",CN(C)CCC1=CNC2=C1C=C(CS(=O)(=O)N1CCCC1)C=C2,"9,55",,,,"2,04","1,6","-1,261746533",FALSE,2001.0,1.0
CHEMBL298470,DB06608,Tafenoquine,P01BA07,Противопаразитарные препараты,Success,"17,14",COC1=CC(C)=C2C(OC3=CC=CC(=C3)C(F)(F)F)=C(OC)C=C(NC(C)CCCN)C2=N1,"10,2","9,5",,9.5,"5,07",,"0,5070380538",TRUE,2018.0,1.0
CHEMBL1096562,DB00992,Methyl aminolevulinate,L01XD03,Противоопухолевые препараты и иммуномодуляторы,Success,"17,16",COC(=O)CCC(=O)CN,"7,83",,,,"-1,3","-1,2","-0,6367630687",FALSE,2004.0,0.0
CHEMBL1909324,DB09090,Pinaverium,A03AX04,ЖКТ и обмен веществ,Success,"17,16",COC1=C(OC)C=C(C[N+]2(CCOCCC3CCC4CC3C4(C)C)CCOCC2)C(Br)=C1,"-3,8",,,,"3,71",,"-2,201097944",FALSE,,
CHEMBL1200542,DB06780,Desoxycorticosterone acetate,H02AA03,Гормональные препараты (системные),Success,"17,17",[H][C@@]12CC[C@H](C(=O)COC(C)=O)[C@@]1(C)CC[C@@]1([H])[C@@]2([H])CCC2=CC(=O)CC[C@]12C,"-4,8",,,,"3,09",,"-2,55181172",FALSE,,
CHEMBL36,DB00205,Pyrimethamine,P01BD51; P01BD01,Противопаразитарные препараты,Success,"17,22",CCC1=C(C(N)=NC(N)=N1)C1=CC=C(Cl)C=C1,"7,77","7,34",,7.34 (at 20 °C),"2,62","2,69","0,1145056549",FALSE,1953.0,1.0
CHEMBL905,DB00953,Rizatriptan,N02CC04,Нервная система,Success,"17,23",CN(C)CCC1=CNC2=C1C=C(CN1C=NC=N1)C=C2,"9,56",,,,"1,67",,"-0,2576776707",FALSE,1998.0,1.0
CHEMBL582,DB02325,Isopropyl alcohol,D08AX05,Дерматологические препараты,Success,"17,26",CC(C)O,"-1,8","17,1",,17.1,"0,04","0,05","-1,223502516",FALSE,,
CHEMBL1697826,DB13213,Butaperazine,N05AB09,Нервная система,Success,"17,29",CCCC(=O)C1=CC2=C(SC3=CC=CC=C3N2CCCN2CCN(C)CC2)C=C1,"7,86",,,,"4,34",,"0,1995052709",FALSE,,
CHEMBL1182210,DB11125,Benzethonium,D08AJ08; D08AJ58; R02AA09,Дерматологические препараты,Success,"17,31",CC(C)(C)CC(C)(C)C1=CC=C(OCCOCC[N+](C)(C)CC2=CC=CC=C2)C=C1,"-4,1",,,,"3,13",,"0,5334994307",TRUE,,
CHEMBL22,DB00440,Trimethoprim,J01EA01,Противомикробные (системные),Success,"17,33",COC1=CC(CC2=CN=C(N)N=C2N)=CC(OC)=C1OC,"7,16","7,12",,7.12 (at 20 °C),"1,26","0,91","0,009203571015",FALSE,1973.0,1.0
CHEMBL531,DB01186,Pergolide,N04BC02,Нервная система,Success,"17,35",[H][C@@]12CC3=CNC4=CC=CC(=C34)[C@@]1([H])C[C@@H](CSC)CN2CCC,"9,49",,,,"4,17",4,"-1,929632326",FALSE,1988.0,1.0
CHEMBL1479,DB01406,Danazol,G03XA01,Мочеполовая система и половые гормоны,Success,"17,59",[H][C@@]12CC[C@@](O)(C#C)[C@@]1(C)CC[C@@]1([H])[C@@]2([H])CCC2=CC3=C(C[C@]12C)C=NO3,"0,25",,,,"3,62","0,51","-3,212848252",FALSE,1976.0,1.0
CHEMBL2107431,DB12474,Lynestrenol,G03AC02; G03DC03,Мочеполовая система и половые гормоны,Success,"17,59",C[C@]12CC[C@H]3[C@@H](CCC4=CCCC[C@H]34)[C@@H]1CC[C@@]2(O)C#C,"-1,7",,,,4,,"-2,988367591",FALSE,,
CHEMBL1162,DB00717,Norethisterone,G03DC02; G03AC01,Мочеполовая система и половые гормоны,Success,"17,59",[H][C@@]12CC[C@@](O)(C#C)[C@@]1(C)CC[C@]1([H])[C@@]3([H])CCC(=O)C=C3CC[C@@]21[H],"-1,7",,,,"2,72",,"-2,703635441",FALSE,,
CHEMBL802,DB00350,Minoxidil,C02DC01; D11AX01,Сердечно-сосудистая система,Success,"17,62",NC1=CC(=NC(N)=[N+]1[O-])N1CCCCC1,"1,69","4,61",,4.61,"1,24","1,24","-0,6279741857",FALSE,1979.0,1.0
CHEMBL1201264,DB00940,Methantheline,A03AB07,ЖКТ и обмен веществ,Success,"17,63",CC[N+](C)(CC)CCOC(=O)C1C2=CC=CC=C2OC2=CC=CC=C12,"-3,7",,,,"0,5",,"-0,5970161236",FALSE,,
CHEMBL1180725,DB00782,Propantheline,A03AB05,ЖКТ и обмен веществ,Success,"17,63",CC(C)[N+](C)(CCOC(=O)C1C2=CC=CC=C2OC2=CC=CC=C12)C(C)C,"-3,7",,,,"2,66",,"-0,7889779547",FALSE,,
CHEMBL301265,DB00413,Pramipexole,N04BC05,Нервная система,Success,"17,66",CCCN[C@H]1CCC2=C(C1)SC(N)=N2,"10,31","5,6","9,5","5.6, 9.5","2,18","1,42","-2,150059843",FALSE,1997.0,1.0
CHEMBL1194666,DB00937,Diethylpropion,A08AA03,ЖКТ и обмен веществ,Success,"17,67",CCN(CC)C(C)C(=O)C1=CC=CC=C1,"7,44",,,,"2,8","2,8","-0,4919604538",FALSE,1959.0,1.0
CHEMBL276832,DB01275,Hydralazine,C02DB02,Сердечно-сосудистая система,Success,"17,69",NNC1=NN=CC2=CC=CC=C12,"8,88","7,3",,7.3,"0,66",1,"-0,005701001969",FALSE,1953.0,1.0
CHEMBL717,DB00603,Medroxyprogesterone acetate,L02AB02; G03DA02; G03AC06,Противоопухолевые препараты и иммуномодуляторы,Success,"17,73",[H][C@@]12CC[C@](OC(C)=O)(C(C)=O)[C@@]1(C)CC[C@@]1([H])[C@@]2([H])C[C@H](C)C2=CC(=O)CC[C@]12C,"-4,9",,,,"3,42",,"-2,754329202",FALSE,,
CHEMBL1200848,DB06789,Hydroxyprogesterone caproate,G03DA03,Мочеполовая система и половые гормоны,Success,"17,75",[H][C@@]12CC[C@](OC(=O)CCCCC)(C(C)=O)[C@@]1(C)CC[C@@]1([H])[C@@]2([H])CCC2=CC(=O)CC[C@]12C,"-4,8",,,,"4,81",,"-2,483700022",FALSE,,
CHEMBL1201139,DB00351,Megestrol acetate,L02AB01; G03AC05; G03DB02,Противоопухолевые препараты и иммуномодуляторы,Success,"17,83",[H][C@@]12CC[C@](OC(C)=O)(C(C)=O)[C@@]1(C)CC[C@@]1([H])[C@@]2([H])C=C(C)C2=CC(=O)CC[C@]12C,"-4,9",,,,"3,71","3,2","-2,275867286",FALSE,,
CHEMBL110691,DB15903,Chlormadinone acetate,G03DB06,Мочеполовая система и половые гормоны,Success,"17,83",[H][C@@]12CC[C@](OC(C)=O)(C(C)=O)[C@@]1(C)CC[C@@]1([H])[C@@]2([H])C=C(Cl)C2=CC(=O)CC[C@]12C,"-5,5",,,,"3,58",,"-2,207063683",FALSE,,
CHEMBL139835,DB04839,Cyproterone acetate,G03HA01,Мочеполовая система и половые гормоны,Success,"17,83",[H][C@@]12C[C@]1([H])[C@@]1(C)C(=CC2=O)C(Cl)=C[C@@]2([H])[C@]3([H])CC[C@](OC(C)=O)(C(C)=O)[C@@]3(C)CC[C@]12[H],"-5,6",,,,"3,81",,"-2,626710088",FALSE,,
CHEMBL4105630,DB15490,Zuranolone,N06AX31,Нервная система,Success,"17,85",[H][C@@]1(CC[C@@]2([H])[C@]3([H])CC[C@]4([H])C[C@](C)(O)CC[C@]4([H])[C@@]3([H])CC[C@]12C)C(=O)CN1C=C(C=N1)C#N,"1,36",,,,"4,03",,"-2,651469963",FALSE,,
CHEMBL1868702,DB11619,Gestrinone,G03XA02,Мочеполовая система и половые гормоны,Success,"17,88",[H][C@@]12CC[C@@](O)(C#C)[C@@]1(CC)C=CC1=C3CCC(=O)C=C3CC[C@@]21[H],"-1,5",,,,"3,39",,"-2,58982821",FALSE,,
CHEMBL1393,DB00421,Spironolactone,C03DA01,Сердечно-сосудистая система,Success,"17,89",[H][C@@]12CC[C@@]3(CCC(=O)O3)[C@@]1(C)CC[C@@]1([H])[C@@]2([H])[C@@]([H])(CC2=CC(=O)CC[C@]12C)SC(C)=O,"-4,9",,,,"3,1","2,78","-3,308728683",FALSE,,
CHEMBL539697,DB06695,Dabigatran etexilate,B01AE07,Кровь и органы кроветворения,Success,"17,89",CCCCCCOC(=O)\N=C(\N)C1=CC=C(NCC2=NC3=C(C=CC(=C3)C(=O)N(CCC(=O)OCC)C3=NC=CC=C3)N2C)C=C1,"4,48",,,,"5,17","3,8","-0,6569991367",FALSE,2008.0,1.0
CHEMBL1389,DB00367,Levonorgestrel,G03AC03; G03AD01,Мочеполовая система и половые гормоны,Success,"17,91",[H][C@@]12CC[C@@](O)(C#C)[C@@]1(CC)CC[C@]1([H])[C@@]3([H])CCC(=O)C=C3CC[C@@]21[H],"-1,5","17,91","-1,5","17.91,-1.5","3,25","3,8","-2,831068282",FALSE,,
CHEMBL3184827,DB09389,Norgestrel,G03FA10; G03FB01; G03AA06,Мочеполовая система и половые гормоны,No Drug Record,"17,91",CCC12CCC3C(CCC4=CC(=O)CCC34)C1CCC2(O)C#C,"-1,5",,,,"3,25",,"-2,831068282",FALSE,,
CHEMBL646,DB00897,Triazolam,N05CD05,Нервная система,Success,"17,98",CC1=NN=C2CN=C(C3=CC=CC=C3Cl)C3=C(C=CC(Cl)=C3)N12,"4,26",,,,"2,94","2,42","-0,6375777017",FALSE,1978.0,1.0
CHEMBL1531,DB00294,Etonogestrel,G03AC08,Мочеполовая система и половые гормоны,Success,"17,99",[H][C@@]12CC[C@@](O)(C#C)[C@@]1(CC)CC(=C)[C@]1([H])[C@@]3([H])CCC(=O)C=C3CC[C@@]21[H],"-1,5","10,4",,10.4,"3,19","3,32","-3,140662222",FALSE,,
CHEMBL1533,DB00304,Desogestrel,G03AC09,Мочеполовая система и половые гормоны,Success,"17,99",[H][C@@]12CC[C@@](O)(C#C)[C@@]1(CC)CC(=C)[C@]1([H])[C@@]3([H])CCCC=C3CC[C@@]21[H],"-1,5","13,04",,13.04,"4,3","5,65","-3,419636219",FALSE,,
CHEMBL22108,DB08801,Dimetindene,R06AB03; D04AA13,Дыхательная система,Success,"18,19",CC(C1=C(CCN(C)C)CC2=CC=CC=C12)C1=CC=CC=N1,"9,7",,,,"4,03",,"-0,4585628347",FALSE,,
CHEMBL3643413,DB16217,Leniolisib,L03AX22,Противоопухолевые препараты и иммуномодуляторы,Success,"18,21",CCC(=O)N1CC[C@@H](C1)NC1=C2CN(CCC2=NC=N1)C1=CN=C(OC)C(=C1)C(F)(F)F,"5,43",,,,"2,01",,"-0,4433736458",FALSE,,
,DB12161,Deutetrabenazine,N07XX16,Нервная система,,"18,26",[2H]C([2H])([2H])OC1=CC2=C(C=C1OC([2H])([2H])[2H])[C@@H]1CC(=O)[C@@H](CC(C)C)CN1CC2,"7,33",,,,"3,23",,"-2,37771787",FALSE,,
CHEMBL1201173,DB00253,Medrysone,S01BA08,Органы чувств,Success,"18,37",[H][C@@]12CC[C@H](C(C)=O)[C@@]1(C)C[C@H](O)[C@@]1([H])[C@@]2([H])C[C@H](C)C2=CC(=O)CC[C@]12C,"-0,26",,,,"3,06","3,2","-2,828858922",FALSE,,
CHEMBL1040,DB00146,Calcifediol,A11CC06; H05BX05,ЖКТ и обмен веществ,Success,"18,38",C[C@H](CCCC(C)(C)O)[C@@]1([H])CC[C@@]2([H])\C(CCC[C@]12C)=C\C=C1\C[C@@H](O)CCC1=C,"-0,98",,,,"6,71",6,"-1,594008233",FALSE,,
CHEMBL1536,DB00153,Ergocalciferol,A11CC01,ЖКТ и обмен веществ,Success,"18,38",CC(C)[C@@H](C)\C=C\[C@@H](C)[C@@]1([H])CC[C@@]2([H])\C(CCC[C@]12C)=C\C=C1\C[C@@H](O)CCC1=C,"-1,3","6,35",,6.35,"7,59","8,89","-2,481263822",FALSE,,
CHEMBL1042,DB00169,Cholecalciferol,A11CC05,ЖКТ и обмен веществ,Success,"18,38",CC(C)CCC[C@@H](C)[C@@]1([H])CC[C@@]2([H])\C(CCC[C@]12C)=C\C=C1\C[C@@H](O)CCC1=C,"-1,3",,,,"7,98","7,5","-1,647486993",FALSE,,
CHEMBL32479,DB09017,Brotizolam,N05CD09,Нервная система,Success,"18,38",CC1=NN=C2CN=C(C3=C(SC(Br)=C3)N12)C1=CC=CC=C1Cl,"3,82",,,,"3,28",,"-0,5775328842",FALSE,,
CHEMBL1418176,DB13586,Metandienone,A14AA03; D11AE01,ЖКТ и обмен веществ,Success,"18,39",[H][C@@]12CC[C@](C)(O)[C@@]1(C)CC[C@@]1([H])[C@@]2([H])CCC2=CC(=O)C=C[C@]12C,"-0,53",,,,"3,55",,"-2,498284496",FALSE,,
CHEMBL1237123,DB01135,Doxacurium,M03AC07,Костно-мышечная система,Success,"18,41",COC1=CC(CC2C3=C(OC)C(OC)=C(OC)C=C3CC[N+]2(C)CCCOC(=O)CCC(=O)OCCC[N+]2(C)CCC3=CC(OC)=C(OC)C(OC)=C3C2CC2=CC(OC)=C(OC)C(OC)=C2)=CC(OC)=C1OC,"-4,1",,,,"3,44",,"-0,7598719667",FALSE,,
CHEMBL103,DB00396,Progesterone,G03DA04,Мочеполовая система и половые гормоны,Success,"18,47",[H][C@@]12CC[C@H](C(C)=O)[C@@]1(C)CC[C@@]1([H])[C@@]2([H])CCC2=CC(=O)CC[C@]12C,"-4,8","-4,8","18,92","Strongest acidic: , Strongest basic: 18.92, -4.8","3,58","3,87","-2,77272264",FALSE,,
CHEMBL386630,DB00624,Testosterone,G03BA03,Мочеполовая система и половые гормоны,Success,"18,52",[H][C@@]12CC[C@H](O)[C@@]1(C)CC[C@@]1([H])[C@@]2([H])CCC2=CC(=O)CC[C@]12C,"-0,88",,,,"2,99","3,32","-2,844410692",FALSE,,
CHEMBL1395,DB06710,Methyltestosterone,G03EK01; G03BA02,Мочеполовая система и половые гормоны,Success,"18,52",[H][C@@]12CC[C@](C)(O)[C@@]1(C)CC[C@@]1([H])[C@@]2([H])CCC2=CC(=O)CC[C@]12C,"-0,53",,,,"3,61","3,36","-2,79278521",FALSE,,
CHEMBL1509,DB01395,Drospirenone,G03AC10,Мочеполовая система и половые гормоны,Success,"18,52",[H][C@@]12C[C@]1([H])[C@@]1([H])[C@]3([H])[C@]4([H])C[C@]4([H])[C@@]4(CCC(=O)O4)[C@@]3(C)CC[C@]1([H])[C@@]1(C)CCC(=O)C=C21,-5,-5,,-5,"2,36","3,08","-3,443309804",FALSE,,
CHEMBL922,DB00718,Adefovir dipivoxil,J05AF08,Противомикробные (системные),Success,"18,55",CC(C)(C)C(=O)OCOP(=O)(COCCN1C=NC2=C(N)N=CN=C12)OCOC(=O)C(C)(C)C,"3,75",,,,"1,49","1,91","-1,128923186",FALSE,2002.0,1.0
CHEMBL1538,DB00300,Tenofovir disoproxil,J05AF07,Противомикробные (системные),Success,"18,59",[H][C@@](C)(CN1C=NC2=C(N)N=CN=C12)OCP(=O)(OCOC(=O)OC(C)C)OCOC(=O)OC(C)C,"4,13","3,75",,3.75,"-0,02","1,25","-1,395333184",FALSE,2001.0,1.0
CHEMBL1182833,DB01226,Mivacurium,M03AC10,Костно-мышечная система,Success,"18,59",COC1=CC(C[C@@H]2C3=CC(OC)=C(OC)C=C3CC[N+]2(C)CCCOC(=O)CC\C=C\CCC(=O)OCCC[N+]2(C)CCC3=CC(OC)=C(OC)C=C3[C@H]2CC2=CC(OC)=C(OC)C(OC)=C2)=CC(OC)=C1OC,"-4,1",,,,"3,8",,"-0,9307279076",FALSE,,
CHEMBL894,DB01156,Bupropion,N06AX12,Нервная система,Success,"18,61",CC(NC(C)(C)C)C(=O)C1=CC(Cl)=CC=C1,"8,22",,,,"3,28","3,6","-0,9841936588",FALSE,1985.0,1.0
CHEMBL1200617,DB00896,Rimexolone,S01BA13; H02AB12,Органы чувств,Success,"18,76",[H][C@@]12C[C@@H](C)[C@](C)(C(=O)CC)[C@@]1(C)C[C@H](O)[C@@]1([H])[C@@]2([H])CCC2=CC(=O)C=C[C@]12C,"-0,21",,,,"3,64","4,2","-2,356210013",FALSE,,
CHEMBL1242,DB01438,Phenazopyridine,G04BX06,Мочеполовая система и половые гормоны,Success,"18,85",NC1=NC(N)=C(C=C1)\N=N\C1=CC=CC=C1,"6,86","05,05",,05.05,"2,31","2,62","-0,1633125817",FALSE,1987.0,1.0
CHEMBL1200733,DB01189,Desflurane,N01AB07,Нервная система,Success,"18,87",FC(F)OC(F)C(F)(F)F,"-4,8",,,,"2,19",,"3,021560119",TRUE,,
CHEMBL970,DB00801,Halazepam,N05BA13,Нервная система,Success,"18,88",FC(F)(F)CN1C2=C(C=C(Cl)C=C2)C(=NCC1=O)C1=CC=CC=C1,"2,33",,,,"3,52","3,97","0,6632055727",TRUE,1981.0,1.0
CHEMBL1200472,DB01589,Quazepam,N05CD10,Нервная система,Success,"18,93",FC1=CC=CC=C1C1=NCC(=S)N(CC(F)(F)F)C2=C1C=C(Cl)C=C2,"2,59",,,,"4,76","4,03","1,861820036",TRUE,1985.0,1.0
CHEMBL170988,DB00914,Phenformin,A10BA01,ЖКТ и обмен веществ,Success,"19,18",NC(=N)NC(=N)NCCC1=CC=CC=C1,"11,97",,,,"-0,72","-0,83","-0,608631184",FALSE,,0.0
CHEMBL2106825,DB09124,Medrogestone,G03DB03,Мочеполовая система и половые гормоны,Success,"19,18",[H][C@@]12CC[C@](C)(C(C)=O)[C@@]1(C)CC[C@@]1([H])[C@@]2([H])C=C(C)C2=CC(=O)CC[C@]12C,"-4,9",,,,"4,35","4,45","-2,161939333",FALSE,,
CHEMBL3701238,DB15149,Futibatinib,L01EN04,Противоопухолевые препараты и иммуномодуляторы,Success,"19,22",COC1=CC(=CC(OC)=C1)C#CC1=NN([C@H]2CCN(C2)C(=O)C=C)C2=C1C(N)=NC=N2,"2,58",,,,"1,79",,"-1,500457341",FALSE,2022.0,1.0
CHEMBL278819,DB00805,Minaprine,N06AX07,Нервная система,Success,"19,25",CC1=CC(=NN=C1NCCN1CCOCC1)C1=CC=CC=C1,"6,28",,,,"2,15","2,03","0,06999567325",FALSE,,0.0
CHEMBL1575,DB01196,Estramustine,L01XX11,Противоопухолевые препараты и иммуномодуляторы,Success,"19,38",[H][C@@]12CC[C@H](O)[C@@]1(C)CC[C@]1([H])C3=CC=C(OC(=O)N(CCCl)CCCl)C=C3CC[C@@]21[H],"-0,88",,,,"4,97","5,7","-1,779003623",FALSE,,
CHEMBL976,DB01058,Praziquantel,P02BA01,Противопаразитарные препараты,Success,"19,38",O=C(C1CCCCC1)N1CC2N(CCC3=CC=CC=C23)C(=O)C1,"-0,6",,,,"2,42",,"-2,783510556",FALSE,,
CHEMBL1457,DB00956,Hydrocodone,R05DA03,Дыхательная система,Success,"19,44",[H][C@@]12OC3=C(OC)C=CC4=C3[C@@]11CCN(C)[C@]([H])(C4)[C@]1([H])CCC2=O,"9,17",,,,"2,13",,"-3,320710381",FALSE,1943.0,1.0
CHEMBL1480,DB01023,Felodipine,C08CA02,Сердечно-сосудистая система,Success,"19,46",CCOC(=O)C1=C(C)NC(C)=C(C1C1=C(Cl)C(Cl)=CC=C1)C(=O)OC,"-6,6",,,,"4,36","3,86","-0,2909128207",FALSE,,
CHEMBL1872535,DB13746,Bioallethrin,P03AC52; P03AC02,Противопаразитарные препараты,No Drug Record,"19,47",CC(C)=CC1C(C(=O)OC2CC(=O)C(CC=C)=C2C)C1(C)C,"-5,9",,,,"4,06","4,7","-2,641281696",FALSE,,
CHEMBL460291,DB09236,Lacidipine,C08CA09,Сердечно-сосудистая система,Success,"19,47",CCOC(=O)C1=C(C)NC(C)=C(C1C1=CC=CC=C1\C=C\C(=O)OC(C)(C)C)C(=O)OCC,"-6,4",,,,"5,18",,"-0,2852278441",FALSE,,
CHEMBL1085699,DB09238,Manidipine,C08CA11,Сердечно-сосудистая система,Success,"19,47",COC(=O)C1=C(C)NC(C)=C(C1C1=CC(=CC=C1)N(=O)=O)C(=O)OCCN1CCN(CC1)C(C1=CC=CC=C1)C1=CC=CC=C1,"7,89",,,,"5,11",,"-0,3099064784",FALSE,,
CHEMBL1070,DB00461,Nabumetone,M01AX01,Костно-мышечная система,Success,"19,59",COC1=CC2=C(C=C1)C=C(CCC(C)=O)C=C2,"-4,8",,,,"3,41","3,38","-0,1603851988",FALSE,,
CHEMBL562,DB00400,Griseofulvin,D01BA01; D01AA08,Дерматологические препараты,Success,"19,62",COC1=CC(OC)=C(Cl)C2=C1C(=O)[C@]1(O2)[C@H](C)CC(=O)C=C1OC,"-4,3",,,,"2,71","2,18","-2,301049765",FALSE,,
CHEMBL564085,DB13179,Troleandomycin,J01FA08,Противомикробные (системные),Success,"19,62",CO[C@H]1C[C@H](O[C@H]2[C@H](C)[C@@H](O[C@@H]3O[C@H](C)C[C@@H]([C@H]3OC(C)=O)N(C)C)[C@@H](C)C[C@@]3(CO3)C(=O)[C@H](C)[C@@H](OC(C)=O)[C@@H](C)[C@@H](C)OC(=O)[C@@H]2C)O[C@@H](C)[C@@H]1OC(C)=O,"7,87",,,,"3,76",,"-0,968275871",FALSE,1969.0,1.0
CHEMBL628,DB00806,Pentoxifylline,C04AD03,Сердечно-сосудистая система,Success,"19,64",CN1C=NC2=C1C(=O)N(CCCCC(C)=O)C(=O)N2C,"-1,2",,,,"0,23","0,29","-1,5511378",FALSE,,
CHEMBL311948,DB18002,Lomifylline,R03DA20,Дыхательная система,No ATC,"19,64",CN1C2=C(N(CCCCC(C)=O)C=N2)C(=O)N(C)C1=O,"-1,2",,,,"0,23",,"-1,469600769",FALSE,,
CHEMBL3948730,DB14989,Umbralisib,L01EX25,Противоопухолевые препараты и иммуномодуляторы,Success,"19,68",CC(C)OC1=C(F)C=C(C=C1)C1=NN([C@@H](C)C2=C(C3=CC=CC(F)=C3)C(=O)C3=CC(F)=CC=C3O2)C2=C1C(N)=NC=N2,"4,01","2,71",,2.71,"5,2","7,24","1,50777815",TRUE,2021.0,1.0
CHEMBL1200,DB00892,Oxybuprocaine,S01HA02; D04AB03,Органы чувств,Success,"19,76",CCCCOC1=CC(=CC=C1N)C(=O)OCCN(CC)CC,"8,96",,,,"3,3","3,1","0,137188115",FALSE,1982.0,0.0
CHEMBL742,DB01221,Ketamine,N01AX03,Нервная система,Success,"19,77",CNC1(CCCCC1=O)C1=CC=CC=C1Cl,"7,16","7,5",,7.5,"2,69","3,12","-1,566060542",FALSE,1970.0,0.0
CHEMBL395091,DB11823,Esketamine,N06AX27; N01AX14,Нервная система,Success,"19,77",CN[C@@]1(CCCCC1=O)C1=CC=CC=C1Cl,"7,16","7,5",,7.5,"2,69","3,29","-1,566060542",FALSE,2019.0,0.0
CHEMBL651,DB00333,Methadone,N07BC02; N02AC52,Нервная система,Success,"19,79",CCC(=O)C(CC(C)N(C)C)(C1=CC=CC=C1)C1=CC=CC=C1,"9,12","9,2",,9.2,"4,14","3,93","-1,105666744",FALSE,1947.0,1.0
CHEMBL253376,DB09019,Bromhexine,R05CB02,Дыхательная система,Success,"19,89",CN(CC1=CC(Br)=CC(Br)=C1N)C1CCCCC1,"9,23","8,69",,8.69,"4,08","5,14","-0,1133014518",FALSE,,
CHEMBL611,DB01162,Terazosin,G04CA03,Мочеполовая система и половые гормоны,Success,"19,93",COC1=C(OC)C=C2C(N)=NC(=NC2=C1)N1CCN(CC1)C(=O)C1CCCO1,"7,24",,,,"1,12",,"-1,221025962",FALSE,1987.0,1.0
CHEMBL1282,DB00724,Imiquimod,D06BB10,Дерматологические препараты,Success,"19,99",CC(C)CN1C=NC2=C1C1=C(C=CC=C1)N=C2N,"5,01",,,,"2,83","2,7","-0,6508870485",FALSE,1997.0,0.0
,DB00225,Gadodiamide,V08CA03,Прочие препараты,,"1,02",[Gd+3].CNC(=O)CN(CCN(CCN(CC([O-])=O)CC(=O)NC)CC([O-])=O)CC([O-])=O,"8,34",,,,"0,02",,"0,1918397457",FALSE,,
CHEMBL1705709,DB13381,Sodium feredetate,B03AB03,Кровь и органы кроветворения,Success,"1,12",[Na+].[O-]C(=O)C[N+]12CC[N+]34CC(=O)O[Fe--]13(OC(=O)C2)OC(=O)C4,-7,,,,"1,45",,"-0,6551910584",FALSE,,
CHEMBL1570,DB01145,Sulfoxone,J04BA03,Противомикробные (системные),Success,"1,7",OS(=O)CNC1=CC=C(C=C1)S(=O)(=O)C1=CC=C(NCS(O)=O)C=C1,"-0,056",,,,"1,38","-2,8","-0,5139504406",FALSE,1982.0,1.0
CHEMBL1088977,DB00118,Ademetionine,A16AA02,ЖКТ и обмен веществ,Success,"1,7",C[S+](CC[C@H](N)C([O-])=O)C[C@H]1O[C@H]([C@H](O)[C@@H]1O)N1C=NC2=C1N=CN=C2N,"9,41",,,,"0,05",,"-1,95475627",FALSE,,
CHEMBL501122,DB06590,Ceftaroline fosamil,J01DI02,Противомикробные (системные),Success,"1,8",[H][C@]12SCC(SC3=NC(=CS3)C3=CC=[N+](C)C=C3)=C(N1C(=O)[C@H]2NC(=O)C(=N/OCC)\C1=NSC(NP(O)(O)=O)=N1)C([O-])=O,"0,39",,,,"-0,79",,"-2,006652165",FALSE,2010.0,0.0
CHEMBL2338675,DB16628,Fosdenopterin,A16AX19,ЖКТ и обмен веществ,Success,"1,8",[H][C@@]12COP(O)(=O)O[C@]1([H])C(O)(O)[C@]1([H])NC3=C(NC(N)=NC3=O)N[C@]1([H])O2,"5,03",,,,"-2,9",,"-3,409430283",FALSE,2021.0,0.0
,DB13615,Mifamurtide,L03AX15,Противоопухолевые препараты и иммуномодуляторы,,"1,9",O.[Na+].CCCCCCCCCCCCCCCC(=O)OC[C@H](COP([O-])(=O)OCCNC(=O)[C@H](C)NC(=O)CC[C@@H](NC(=O)[C@H](C)NC(=O)[C@@H](C)O[C@@H]([C@H](O)[C@H](O)CO)[C@@H](NC(C)=O)C=O)C(N)=O)OC(=O)CCCCCCCCCCCCCCC,"-3,5",,,,"5,5",,"-1,252579972",FALSE,,
CHEMBL59,DB00988,Dopamine,C01CA04,Сердечно-сосудистая система,Success,"10,01",NCCC1=CC(O)=C(O)C=C1,"9,27","8,93",,8.93,"-0,4","-0,98","-0,5389277598",FALSE,1974.0,0.0
CHEMBL1201213,DB00221,Isoetharine,R03CC06; R03AC07,Дыхательная система,Success,"10,01",CCC(NC(C)C)C(O)C1=CC(O)=C(O)C=C1,"9,01",,,,"0,63","2,2","-1,639521438",FALSE,1979.0,0.0
CHEMBL14060,DB03255,Phenol,N01BX03; D08AE03; R02AA19; C05BB05,Нервная система,Success,"10,02",OC1=CC=CC=C1,"-5,5","9,99",,9.99 (at 25 °C),"1,39","1,46","0,1679059549",FALSE,,0.0
CHEMBL1303,DB05271,Rotigotine,N04BC09,Нервная система,Success,"10,03",CCCN(CCC1=CC=CS1)[C@H]1CCC2=C(O)C=CC=C2C1,"10,97",,,,"5,01","4,7","-1,182136411",FALSE,2006.0,0.0
CHEMBL2403238,DB11751,Cabotegravir,J05AJ04,Противомикробные (системные),Success,"10,04",[H][C@@]12CN3C=C(C(=O)NCC4=C(F)C=C(F)C=C4)C(=O)C(O)=C3C(=O)N1[C@@H](C)CO2,"-0,7",,,,"1,04",,"0,8471245733",TRUE,2021.0,1.0
CHEMBL865,DB00580,Valdecoxib,M01AH03,Костно-мышечная система,Success,"10,06",CC1=C(C(=NO1)C1=CC=CC=C1)C1=CC=C(C=C1)S(N)(=O)=O,"0,42",,,,"3,32","3,2","-0,009232028684",FALSE,2001.0,1.0
CHEMBL2105581,,VERALIPRIDE,N05AL06,Нервная система,,"10,06",C=CCN1CCCC1CNC(=O)c1cc(S(N)(=O)=O)cc(OC)c1OC,"7,77",,,,"0,73",,"-1,698015999",FALSE,1979.0,0.0
CHEMBL963,DB01192,Oxymorphone,N02AA11,Нервная система,Success,"10,07",[H][C@@]12OC3=C(O)C=CC4=C3[C@@]11CCN(C)[C@]([H])(C4)[C@]1(O)CCC2=O,"8,21","8,17",,8.17,"1,26","0,83","-3,622022096",FALSE,1959.0,1.0
CHEMBL80,DB01183,Naloxone,V03AB15; A06AH04,Прочие препараты,Success,"10,07",OC1=CC=C2C[C@H]3N(CC=C)CC[C@@]45[C@@H](OC1=C24)C(=O)CC[C@@]35O,"7,84",,,,"1,47","2,09","-3,516492609",FALSE,1971.0,1.0
CHEMBL471,DB00489,Sotalol,C07AA07,Сердечно-сосудистая система,Success,"10,07",CC(C)NCC(O)C1=CC=C(NS(C)(=O)=O)C=C1,"9,43",,,,"0,85",,"-0,8461753818",FALSE,1992.0,1.0
CHEMBL1229211,DB08930,Dolutegravir,J05AJ03,Противомикробные (системные),Success,"10,1",[H][C@]12CN3C=C(C(=O)NCC4=CC=C(F)C=C4F)C(=O)C(O)=C3C(=O)N1[C@H](C)CCO2,"-0,51","8,2",,8.2,"0,98","2,2","0,7079473045",TRUE,2013.0,1.0
CHEMBL4303525,DB12513,Omaveloxolone,N07XX25,Нервная система,Success,"10,11",CC(F)(F)C(=O)N[C@]12CCC(C)(C)C[C@H]1[C@H]1C(=O)C=C3[C@@]4(C)C=C(C#N)C(=O)C(C)(C)[C@@H]4CC[C@@]3(C)[C@]1(C)CC2,"-5,3","7,26",,7.26,"5,64",,"-1,95898707",FALSE,,
CHEMBL1118,DB06700,Desvenlafaxine,N06AX23,Нервная система,Success,"10,11",CN(C)CC(C1=CC=C(O)C=C1)C1(O)CCCCC1,"8,87",,,,"2,6",,"-1,5198869",FALSE,2008.0,1.0
CHEMBL714,DB01001,Albuterol,R03AC02; R03CC02,Дыхательная система,Success,"10,12",CC(C)(C)NCC(O)C1=CC(CO)=C(O)C=C1,"9,4","10,3",,10.3,"0,44","1,4","-0,9340686998",FALSE,1981.0,1.0
CHEMBL1263,DB00938,Salmeterol,R03AC12,Дыхательная система,Success,"10,12",OCC1=C(O)C=CC(=C1)C(O)CNCCCCCCOCCCCC1=CC=CC=C1,"9,4",,,,"3,82","4,2","-0,5603264535",FALSE,1994.0,0.0
CHEMBL1198857,DB09082,Vilanterol,R03AL08; R03AK10; R03AL03,Дыхательная система,No ATC,"10,12",OCC1=C(O)C=CC(=C1)[C@@H](O)CNCCCCCCOCCOCC1=C(Cl)C=CC=C1Cl,"9,4",,,,"3,39",,"-0,5804889956",FALSE,2013.0,0.0
CHEMBL19019,DB00704,Naltrexone,N07BB04,Нервная система,Success,"10,2",[H][C@@]12OC3=C(O)C=CC4=C3[C@@]11CCN(CC3CC3)[C@]([H])(C4)[C@]1(O)CCC2=O,"9,35",,,,"2,07","1,92","-3,764795336",FALSE,1984.0,1.0
CHEMBL290962,DB09097,Quinagolide,G02CB04,Мочеполовая система и половые гормоны,No Drug Record,"10,2",[H][C@]12C[C@@H](CN(CCC)[C@]1([H])CC1=CC=CC(O)=C1C2)NS(=O)(=O)N(CC)CC,"8,22",,,,"2,56",,"-1,849243058",FALSE,,
CHEMBL118,DB00482,Celecoxib,L01XX33; M01AH01,Противоопухолевые препараты и иммуномодуляторы,Success,"10,6",CC1=CC=C(C=C1)C1=CC(=NN1C1=CC=C(C=C1)S(N)(=O)=O)C(F)(F)F,"-0,41","11,1",,11.1,"3,99","3,53","1,924867112",TRUE,1998.0,1.0
CHEMBL4297517,DB14921,Mavacamten,C01EB24,Сердечно-сосудистая система,Success,"10,7",CC(C)N1C(=O)NC(N[C@@H](C)C2=CC=CC=C2)=CC1=O,"-3,3",,,,"2,1",,"-0,4573822556",FALSE,2022.0,1.0
CHEMBL2178422,DB12457,Rimegepant,N02CD06,Нервная система,Success,"10,7",N[C@H]1[C@@H](CC[C@@H](OC(=O)N2CCC(CC2)N2C(=O)NC3=NC=CC=C23)C2=C1C=CC=N2)C1=C(F)C(F)=CC=C1,"8,95",,,,"2,68",,"0,2352102575",FALSE,2020.0,1.0
CHEMBL111,DB06155,Rimonabant,A08AX01,ЖКТ и обмен веществ,Success,"10,8",CC1=C(N(N=C1C(=O)NN1CCCCC1)C1=C(Cl)C=C(Cl)C=C1)C1=CC=C(Cl)C=C1,"1,68",,,,"5,47",,"-0,5859067515",FALSE,2006.0,1.0
CHEMBL12856,DB01427,Amrinone,C01CE01,Сердечно-сосудистая система,Success,"11,01",NC1=CC(=CNC1=O)C1=CC=NC=C1,"4,87",,,,"0,27",,"-0,24507093",FALSE,1984.0,0.0
,DB00771,Clidinium,A03CA02,ЖКТ и обмен веществ,,"11,05",C[N@@+]12CC[C@@H](CC1)C(C2)OC(=O)C(O)(C1=CC=CC=C1)C1=CC=CC=C1,"-4,5",,,,"-0,5",,"-1,597219094",FALSE,,
CHEMBL524004,DB04843,Mepenzolate,A03AB12,ЖКТ и обмен веществ,Success,"11,05",C[N+]1(C)CCCC(C1)OC(=O)C(O)(C1=CC=CC=C1)C1=CC=CC=C1,"-4,5",,,,"-1,1",,"-1,52408882",FALSE,1956.0,1.0
CHEMBL1888176,DB00209,Trospium,G04BD09,Мочеполовая система и половые гормоны,Success,"11,05",[H][C@]12CC[C@]([H])(C[C@@H](C1)OC(=O)C(O)(C1=CC=CC=C1)C1=CC=CC=C1)[N+]21CCCC1,"-4,5",,,,"2,86",,"-1,392759195",FALSE,2004.0,1.0
CHEMBL3304486,,DIFEMERINE,A03AA09,ЖКТ и обмен веществ,,"11,05",CN(C)CC(C)(C)OC(=O)C(O)(c1ccccc1)c1ccccc1,"8,9",,,,"2,81",,"-0,523629357",FALSE,,0.0
CHEMBL4208229,DB12597,Asciminib,L01EA06,Противоопухолевые препараты и иммуномодуляторы,Success,"11,06",O[C@@H]1CCN(C1)C1=C(C=C(C=N1)C(=O)NC1=CC=C(OC(F)(F)Cl)C=C1)C1=CC=NN1,"4,19",,,,"3,08",,"-0,04060566161",FALSE,2021.0,1.0
CHEMBL372795,DB01082,Streptomycin,A07AA54; A07AA04; J01GA01,ЖКТ и обмен веществ,Success,"11,09",CN[C@H]1[C@H](O)[C@@H](O)[C@H](CO)O[C@H]1O[C@H]1[C@H](O[C@H]2[C@H](O)[C@@H](O)[C@H](NC(N)=N)[C@@H](O)[C@@H]2NC(N)=N)O[C@@H](C)[C@]1(O)C=O,"11,6",,,,"-2,6","-2,53","-0,4355196901",FALSE,1946.0,0.0
CHEMBL1425,DB01033,Mercaptopurine,L01BB02,Противоопухолевые препараты и иммуномодуляторы,Success,"11,09",S=C1N=CNC2=C1NC=N2,"2,99",,,,"-0,13","0,01","-1,546825076",FALSE,1953.0,1.0
CHEMBL220492,DB00273,Topiramate,N03AX11,Нервная система,Success,"11,09",[H][C@@]12CO[C@@]3(COS(N)(=O)=O)OC(C)(C)O[C@@]3([H])[C@]1([H])OC(C)(C)O2,"-3,7","8,7",,8.7,"1,29","0,13","-2,421718127",FALSE,1996.0,1.0
CHEMBL861,DB00532,Mephenytoin,N03AB04; N03AB54,Нервная система,Success,"11,09",CCC1(NC(=O)N(C)C1=O)C1=CC=CC=C1,"-8,1","8,51",,8.51,"1,64","1,69","-0,9432352048",FALSE,1946.0,1.0
CHEMBL4435170,DB16650,Deucravacitinib,L04AF07,Противоопухолевые препараты и иммуномодуляторы,No Drug Record,"11,09",[2H]C([2H])([2H])NC(=O)C1=C(NC2=CC=CC(C3=NN(C)C=N3)=C2OC)C=C(NC(=O)C2CC2)N=N1,"2,38",,,,"1,8",,"-1,305119447",FALSE,,
CHEMBL1725,DB09156,Iopromide,V08AB05,Прочие препараты,Success,"11,09",COCC(=O)NC1=C(I)C(C(=O)N(C)CC(O)CO)=C(I)C(C(=O)NCC(O)CO)=C1I,"-1,7",,,,"-1,9",,"-1,280751906",FALSE,1995.0,0.0
CHEMBL4596392,,CRAVACITINIB,L04AF07,Противоопухолевые препараты и иммуномодуляторы,,"11,09",CNC(=O)c1nnc(NC(=O)C2CC2)cc1Nc1cccc(-c2ncn(C)n2)c1OC,"3,35",,,,"1,73",,"-1,183835709",FALSE,2022.0,1.0
CHEMBL3039514,DB11574,Elbasvir,J05AP10,Противомикробные (системные),Success,"11,11",[H][C@]1(CCCN1C(=O)[C@@H](NC(=O)OC)C(C)C)C1=NC=C(N1)C1=CC2=C(C=C1)N1[C@@H](OC3=C(C=CC(=C3)C3=CN=C(N3)[C@]3([H])CCCN3C(=O)[C@@H](NC(=O)OC)C(C)C)C1=C2)C1=CC=CC=C1,"6,06",,,,"5,6",,"-1,042591519",FALSE,2016.0,1.0
CHEMBL1738,DB00380,Dexrazoxane,V03AF02,Прочие препараты,Success,"11,2",C[C@@H](CN1CC(=O)NC(=O)C1)N1CC(=O)NC(=O)C1,"3,2","2,1",,2.1,-1,"-2,6","-1,406036781",FALSE,1995.0,0.0
CHEMBL856,DB00794,Primidone,N03AA03,Нервная система,Success,"11,5",CCC1(C(=O)NCNC1=O)C1=CC=CC=C1,"-6,2",,,,"0,62","0,91","-0,2868414309",FALSE,1954.0,1.0
CHEMBL1200555,DB09487,Iotrolan,V08AB06,Прочие препараты,Success,"11,5",CN(C(=O)CC(=O)N(C)C1=C(I)C(C(=O)NC(CO)C(O)CO)=C(I)C(C(=O)NC(CO)C(O)CO)=C1I)C1=C(I)C(C(=O)NC(CO)C(O)CO)=C(I)C(C(=O)NC(CO)C(O)CO)=C1I,"-3,3",,,,"-3,3",,"-0,5697538201",FALSE,,
CHEMBL518924,DB05501,Mavorixafor,L03AX24,Противоопухолевые препараты и иммуномодуляторы,Success,"11,5",NCCCCN(CC1=NC2=CC=CC=C2N1)[C@H]1CCCC2=C1N=CC=C2,"10,18",,,,"2,61",,"-1,002310705",FALSE,,
CHEMBL4250860,DB15401,Danicopan,L04AJ09,Противоопухолевые препараты и иммуномодуляторы,Success,"11,7",CC(=O)C1=NN(CC(=O)N2C[C@H](F)C[C@H]2C(=O)NC2=CC=CC(Br)=N2)C2=C1C=C(C=C2)C1=CN=C(C)N=C1,"2,23",,,,"3,05",,"-0,4620823668",FALSE,,
CHEMBL4297590,DB15031,Daridorexant,N05CJ03,Нервная система,Success,"11,8",COC1=CC(C(=O)N2CCC[C@@]2(C)C2=NC3=C(N2)C=CC(Cl)=C3C)=C(C=C1)N1N=CC=N1,"5,06",,,,"3,73",,"-1,216336735",FALSE,2022.0,1.0
CHEMBL428647,DB01229,Paclitaxel,L01CD01,Противоопухолевые препараты и иммуномодуляторы,Success,"11,9",[H][C@]12[C@H](OC(=O)C3=CC=CC=C3)[C@]3(O)C[C@H](OC(=O)[C@H](O)[C@@H](NC(=O)C4=CC=CC=C4)C4=CC=CC=C4)C(C)=C([C@@H](OC(C)=O)C(=O)[C@]1(C)[C@@H](O)C[C@H]1OC[C@@]21OC(C)=O)C3(C)C,"-1,2",,,,"3,2",3,"-2,354489777",FALSE,1992.0,0.0
CHEMBL92,DB01248,Docetaxel,L01CD02,Противоопухолевые препараты и иммуномодуляторы,Success,"11,9",[H][C@@]1(C[C@@]2(O)[C@@H](OC(=O)C3=CC=CC=C3)[C@]3([H])[C@@]4(CO[C@@H]4C[C@H](O)[C@@]3(C)C(=O)[C@H](O)C(=C1C)C2(C)C)OC(C)=O)OC(=O)[C@H](O)[C@@H](NC(=O)OC(C)(C)C)C1=CC=CC=C1,-3,,,,"2,59","2,4","-2,418117357",FALSE,1995.0,0.0
,DB00873,Loteprednol,S01CA12; S01BA14,Органы чувств,,"12,01",[H][C@@]12CC[C@](O)(C(=O)OCCl)[C@@]1(C)C[C@H](O)[C@@]1([H])[C@@]2([H])CCC2=CC(=O)C=C[C@]12C,"-2,9",,,,"2,2",,"-2,454119142",FALSE,,
CHEMBL46286,DB04865,Omacetaxine mepesuccinate,L01XX40,Противоопухолевые препараты и иммуномодуляторы,Success,"12,09",[H][C@@]1(OC(=O)[C@@](O)(CCCC(C)(C)O)CC(=O)OC)C(OC)=C[C@]23CCCN2CCC2=CC4=C(OCO4)C=C2[C@]13[H],"9,42",,,,"2,09",,"-2,863235832",FALSE,2009.0,0.0
CHEMBL177,DB00479,Amikacin,S01AA21; J01GB06; D06AX12,Органы чувств,Success,"12,1",NCC[C@H](O)C(=O)N[C@@H]1C[C@H](N)[C@@H](O[C@H]2O[C@H](CN)[C@@H](O)[C@H](O)[C@H]2O)[C@H](O)[C@H]1O[C@H]1O[C@H](CO)[C@@H](O)[C@H](N)[C@H]1O,"9,79","8,1",,8.1,"-3,2",,"0,3051733839",FALSE,1981.0,0.0
CHEMBL1661,DB12942,Lactitol,A06AD12,ЖКТ и обмен веществ,Success,"12,1",OC[C@H](O)[C@@H](O)[C@H](O[C@@H]1O[C@H](CO)[C@H](O)[C@H](O)[C@H]1O)[C@H](O)CO,-3,,,,"-3,2",,"0,07522540014",FALSE,2020.0,1.0
CHEMBL1384,DB01172,Kanamycin,J01GB04; A07AA08; S01AA24,Противомикробные (системные),Success,"12,11",NC[C@H]1O[C@H](O[C@@H]2[C@@H](N)C[C@@H](N)[C@H](O[C@H]3O[C@H](CO)[C@@H](O)[C@H](N)[C@H]3O)[C@H]2O)[C@H](O)[C@@H](O)[C@@H]1O,"9,54",,,,"-3,1","-6,3","0,8982575305",TRUE,1973.0,1.0
CHEMBL4303060,DB16627,Melphalan flufenamide,L01AA10,Противоопухолевые препараты и иммуномодуляторы,Success,"12,11",CCOC(=O)[C@H](CC1=CC=C(F)C=C1)NC(=O)[C@@H](N)CC1=CC=C(C=C1)N(CCCl)CCCl,"8,07","7,13",,7.13,"4,28","4,04","1,171707863",TRUE,2021.0,0.0
CHEMBL1950576,DB11512,Dihydrostreptomycin,S01AA15,Органы чувств,Success,"12,11",CN[C@H]1[C@H](O)[C@@H](O)[C@H](CO)O[C@H]1O[C@H]1[C@H](O[C@H]2[C@H](O)[C@@H](O)[C@H](NC(N)=N)[C@@H](O)[C@@H]2NC(N)=N)O[C@@H](C)[C@]1(O)CO,"11,31",,,,-3,,"-0,5014112273",FALSE,,0.0
CHEMBL3545367,DB11951,Lemborexant,N05CJ02,Нервная система,Success,"12,12",CC1=NC=C(OC[C@]2(C[C@H]2C(=O)NC2=NC=C(F)C=C2)C2=CC=CC(F)=C2)C(C)=N1,"3,15",,,,"3,39",,"0,4471408278",FALSE,2020.0,1.0
CHEMBL278623,DB13074,Macimorelin,V04CD06,Прочие препараты,Success,"12,4",CC(C)(N)C(=O)N[C@H](CC1=CNC2=CC=CC=C12)C(=O)N[C@H](CC1=CNC2=CC=CC=C12)NC=O,"8,34",,,,"1,77",,"-1,185632584",FALSE,2017.0,1.0
CHEMBL2110732,DB11963,Dacomitinib,L01EB07,Противоопухолевые препараты и иммуномодуляторы,Success,"12,5",COC1=C(NC(=O)\C=C\CN2CCCCC2)C=C2C(NC3=CC(Cl)=C(F)C=C3)=NC=NC2=C1,"8,55",,,,"4,88","3,92","0,3581875536",FALSE,2018.0,1.0
CHEMBL1650,DB01380,Cortisone acetate,H02AB10; S01BA03,Гормональные препараты (системные),Success,"12,6",[H][C@@]12CC[C@](O)(C(=O)COC(C)=O)[C@@]1(C)CC(=O)[C@@]1([H])[C@@]2([H])CCC2=CC(=O)CC[C@]12C,"-3,8",,,,"2,35","2,1","-3,163989872",FALSE,1950.0,1.0
CHEMBL2103875,DB08911,Trametinib,L01EE01,Противоопухолевые препараты и иммуномодуляторы,Success,"12,6",CN1C(=O)C(C)=C2N(C(=O)N(C3CC3)C(=O)C2=C1NC1=CC=C(I)C=C1F)C1=CC(NC(C)=O)=CC=C1,"-3,2",,,,"3,45",,"0,6841456699",TRUE,2013.0,0.0
CHEMBL2103877,DB09040,Efinaconazole,D01AC19,Дерматологические препараты,Success,"12,7",C[C@@H](N1CCC(=C)CC1)[C@](O)(CN1C=NC=N1)C1=C(F)C=C(F)C=C1,"7,45",,,,"1,49",,"1,160135542",TRUE,2014.0,0.0
CHEMBL2105722,DB11636,Nomegestrol,G03DB04,Мочеполовая система и половые гормоны,Success,"12,7",CC(=O)[C@@]1(O)CC[C@H]2[C@@H]3C=C(C)C4=CC(=O)CC[C@@H]4[C@H]3CC[C@]12C,"-3,8",,,,"2,53",,"-2,872079989",FALSE,,
CHEMBL2103846,DB08867,Ulipristal,G03XB02; G03AD02,Мочеполовая система и половые гормоны,Success,"12,7",CN(C)C1=CC=C(C=C1)[C@H]1C[C@@]2(C)[C@@H](CC[C@]2(O)C(C)=O)[C@@H]2CCC3=CC(=O)CCC3=C12,"4,89",,,,"4,45",,"-1,915587969",FALSE,,
CHEMBL638,DB00582,Voriconazole,J02AC03,Противомикробные (системные),Success,"12,7",C[C@@H](C1=NC=NC=C1F)[C@](O)(CN1C=NC=N1)C1=C(F)C=C(F)C=C1,"2,01",,,,"1,65",,"1,80963215",TRUE,2002.0,1.0
CHEMBL1561,DB00491,Miglitol,A10BF02,ЖКТ и обмен веществ,Success,"12,9",OCCN1C[C@H](O)[C@@H](O)[C@H](O)[C@H]1CO,"7,6","5,9",,5.9,"-2,3","-2,7","-0,8796538259",FALSE,1996.0,1.0
CHEMBL1029,DB00419,Miglustat,A16AX06,ЖКТ и обмен веществ,Success,"12,9",CCCCN1C[C@H](O)[C@@H](O)[C@H](O)[C@H]1CO,"8,49",,,,"-1,1","-0,6","-0,5979086872",FALSE,2002.0,1.0
CHEMBL1075,DB00680,Moricizine,C01BG01,Сердечно-сосудистая система,Success,"12,9",CCOC(=O)NC1=CC2=C(SC3=CC=CC=C3N2C(=O)CCN2CCOCC2)C=C1,"6,73",,,,"3,04","2,98","-0,4812156417",FALSE,1990.0,1.0
CHEMBL1423,DB01100,Pimozide,N05AG02,Нервная система,Success,"12,9",FC1=CC=C(C=C1)C(CCCN1CCC(CC1)N1C(=O)NC2=CC=CC=C12)C1=CC=C(F)C=C1,"8,38","8,63",,8.63,"6,36","6,3","-0,0169368741",FALSE,1984.0,1.0
CHEMBL255044,,FLUPIRTINE,N02BG07,Нервная система,,"12,9",CCOC(=O)Nc1ccc(NCc2ccc(F)cc2)nc1N,"7,5",,,,"2,98",,"1,270430244",TRUE,,0.0
CHEMBL115,DB00224,Indinavir,J05AE02,Противомикробные (системные),Success,"13,01",CC(C)(C)NC(=O)[C@@H]1CN(CC2=CN=CC=C2)CCN1C[C@@H](O)C[C@@H](CC1=CC=CC=C1)C(=O)N[C@@H]1[C@H](O)CC2=CC=CC=C12,"6,76",,,,"3,26","2,9","-1,653530729",FALSE,1996.0,1.0
CHEMBL3545253,DB14914,Flortaucipir F-18,V09AX07,Прочие препараты,No Drug Record,"13,03",[18F]C1=CC=C(C=N1)C1=CC=C2C(NC3=C2C=NC=C3)=C1,"8,13",,,,"3,52","1,67","2,000632497",TRUE,,
CHEMBL2325741,DB12218,Capivasertib,L01EX27,Противоопухолевые препараты и иммуномодуляторы,Success,"13,03",NC1(CCN(CC1)C1=C2C=CNC2=NC=N1)C(=O)N[C@@H](CCO)C1=CC=C(Cl)C=C1,"8,33",,,,"1,31",,"-1,597534746",FALSE,,
CHEMBL3546271,,FLORTAUCIPIR,V09AX07,Прочие препараты,,"13,03",Fc1ccc(-c2ccc3c(c2)[nH]c2ccncc23)cn1,"8,13",,,,"3,92",,"2,000632497",TRUE,2020.0,0.0
CHEMBL1187833,DB09076,Umeclidinium,R03BB07,Дыхательная система,Success,"13,04",OC(C1=CC=CC=C1)(C1=CC=CC=C1)C12CC[N+](CCOCC3=CC=CC=C3)(CC1)CC2,"-3,7",,,,"2,88",,"-0,5785634526",FALSE,2013.0,0.0
CHEMBL1082407,DB08899,Enzalutamide,L02BB04,Противоопухолевые препараты и иммуномодуляторы,Success,"13,05",CNC(=O)C1=C(F)C=C(C=C1)N1C(=S)N(C(=O)C1(C)C)C1=CC=C(C#N)C(=C1)C(F)(F)F,"-1,6",,,,"3,75",3,"1,215430262",TRUE,2012.0,1.0
CHEMBL3183409,DB11901,Apalutamide,L02BB05,Противоопухолевые препараты и иммуномодуляторы,Success,"13,05",CNC(=O)C1=CC=C(C=C1F)N1C(=S)N(C(=O)C11CCC1)C1=CC(=C(N=C1)C#N)C(F)(F)F,"-0,75",,,,"3,05",,"0,8263327055",TRUE,2018.0,1.0
CHEMBL1580,DB00552,Pentostatin,L01XX08,Противоопухолевые препараты и иммуномодуляторы,Success,"13,06",OC[C@H]1O[C@H](C[C@@H]1O)N1C=NC2=C1N=CNC[C@H]2O,"8,33","5,2",,5.2,-2,"-1,1","-1,75495327",FALSE,1991.0,0.0
CHEMBL614,DB00339,Pyrazinamide,J04AK01,Противомикробные (системные),Success,"13,06",NC(=O)C1=NC=CN=C1,"-0,55","-0,5",,-0.5,"-0,71","-0,6","-1,095256797",FALSE,1971.0,1.0
CHEMBL22242,DB00409,Remoxipride,N05AL04,Нервная система,Success,"13,06",CCN1CCC[C@H]1CNC(=O)C1=C(OC)C=CC(Br)=C1OC,"8,4",,,,"2,94","2,1","-1,72598971",FALSE,1990.0,1.0
CHEMBL231779,DB06605,Apixaban,B01AF02,Кровь и органы кроветворения,Success,"13,07",COC1=CC=C(C=C1)N1N=C(C(N)=O)C2=C1C(=O)N(CC2)C1=CC=C(C=C1)N1CCCCC1=O,"-1,6",,,,"2,22","2,71","-0,369775349",FALSE,2011.0,1.0
CHEMBL1289926,DB06626,Axitinib,L01EK01,Противоопухолевые препараты и иммуномодуляторы,Success,"13,07",CNC(=O)C1=C(SC2=CC=C3C(NN=C3\C=C\C3=CC=CC=N3)=C2)C=CC=C1,"4,59","4,8",,4.8,"4,17",,"-0,1814631211",FALSE,2012.0,1.0
CHEMBL364713,DB06174,Noscapine,R05DA07,Дыхательная система,Success,"13,07",[H][C@@]1(OC(=O)C2=C1C=CC(OC)=C2OC)[C@]1([H])N(C)CCC2=CC3=C(OCO3)C(OC)=C12,"7,14",,,,2,,"-2,078093367",FALSE,,
CHEMBL2005186,DB16703,Belumosudil,L04AA48,Противоопухолевые препараты и иммуномодуляторы,Success,"13,08",CC(C)NC(=O)COC1=CC=CC(=C1)C1=NC2=C(C=CC=C2)C(NC2=CC=C3NN=CC3=C2)=N1,"4,11",,,,"4,65",,"-0,1455719375",FALSE,2021.0,1.0
CHEMBL122,DB00533,Rofecoxib,M01AH02,Костно-мышечная система,Success,"13,12",CS(=O)(=O)C1=CC=C(C=C1)C1=C(C(=O)OC1)C1=CC=CC=C1,-7,,,,"2,32","3,2","-0,04943311894",FALSE,1999.0,1.0
CHEMBL17157,DB00342,Terfenadine,R06AX12,Дыхательная система,Success,"13,2",CC(C)(C)C1=CC=C(C=C1)C(O)CCCN1CCC(CC1)C(O)(C1=CC=CC=C1)C1=CC=CC=C1,"9,02",,,,"5,89","7,1","-0,4888127197",FALSE,1985.0,0.0
CHEMBL193240,DB01656,Roflumilast,R03DX07; D05AX06,Дыхательная система,Success,"13,3",FC(F)OC1=C(OCC2CC2)C=C(C=C1)C(=O)NC1=C(Cl)C=NC=C1Cl,"2,4","8,74",,8.74,"4,47",,"0,05806556229",FALSE,2010.0,1.0
CHEMBL473417,DB08828,Vismodegib,L01XJ01,Противоопухолевые препараты и иммуномодуляторы,Success,"13,5",CS(=O)(=O)C1=CC(Cl)=C(C=C1)C(=O)NC1=CC=C(Cl)C(=C1)C1=CC=CC=N1,"3,7","3,8",,3.8,"4,22","2,7","0,1025257223",FALSE,2012.0,1.0
CHEMBL1201117,DB00423,Methocarbamol,M03BA53; M03BA73; M03BA03,Костно-мышечная система,Success,"13,6",COC1=C(OCC(O)COC(N)=O)C=CC=C1,"-3,4",,,,"0,63","0,61","-1,301898417",FALSE,1957.0,1.0
CHEMBL1445,DB01185,Fluoxymesterone,G03BA01,Мочеполовая система и половые гормоны,Success,"13,6",[H][C@@]12CC[C@](C)(O)[C@@]1(C)C[C@H](O)[C@@]1(F)[C@@]2([H])CCC2=CC(=O)CC[C@]12C,-3,,,,"2,5","2,38","-2,035532994",FALSE,1956.0,1.0
CHEMBL1501,DB01047,Fluocinonide,D07AC08; C05AA11,Дерматологические препараты,Success,"13,6",[H][C@@]12C[C@@]3([H])[C@]4([H])C[C@H](F)C5=CC(=O)C=C[C@]5(C)[C@@]4(F)[C@@H](O)C[C@]3(C)[C@@]1(OC(C)(C)O2)C(=O)COC(C)=O,"-3,4",,,,"2,93","3,19","-1,651637456",FALSE,1971.0,0.0
CHEMBL1404,DB00243,Ranolazine,C01EB18,Сердечно-сосудистая система,Success,"13,6",COC1=CC=CC=C1OCC(O)CN1CCN(CC(=O)NC2=C(C)C=CC=C2C)CC1,"6,77","2,2",,2.2,"2,08","2,07","-0,395863084",FALSE,2006.0,1.0
CHEMBL41355,DB04953,Ezogabine,N03AX21,Нервная система,Success,"13,6",CCOC(=O)NC1=C(N)C=C(NCC2=CC=C(F)C=C2)C=C1,"3,99","10,8",,10.8,"3,07",,"1,435888628",TRUE,2011.0,1.0
CHEMBL1201749,DB06781,Difluprednate,D07AC19; S01BA16,Дерматологические препараты,Success,"13,6",[H][C@@]12CC[C@](OC(=O)CCC)(C(=O)COC(C)=O)[C@@]1(C)C[C@H](O)[C@@]1(F)[C@@]2([H])C[C@H](F)C2=CC(=O)C=C[C@]12C,"-3,4",,,,"3,28",,"-1,688574936",FALSE,2008.0,0.0
CHEMBL198362,DB06228,Rivaroxaban,B01AF01,Кровь и органы кроветворения,Success,"13,6",ClC1=CC=C(S1)C(=O)NC[C@H]1CN(C(=O)O1)C1=CC=C(C=C1)N1CCOCC1=O,"-1,6",,,,"1,74",,"-1,473834637",FALSE,2008.0,1.0
CHEMBL1237044,DB00193,Tramadol,N02AX02,Нервная система,Success,"13,8",COC1=CC=CC(=C1)C1(O)CCCCC1CN(C)C,"9,23","9,41",,9.41,"2,71","1,34","-1,872959011",FALSE,1995.0,1.0
CHEMBL1752,DB00651,Dyphylline,R03DA01; R03DA51,Дыхательная система,Success,"13,9",CN1C2=C(N(CC(O)CO)C=N2)C(=O)N(C)C1=O,"-1,3",,,,"-0,98","-1,9","-1,744717056",FALSE,1951.0,1.0
CHEMBL61006,DB00397,Phenylpropanolamine,R01BA51; R01BA01,Дыхательная система,Success,"13,9",CC(N)C(O)C1=CC=CC=C1,"9,37","9,44",,9.44 (at 20 °C),"0,57","0,67","-1,088128354",FALSE,1958.0,1.0
CHEMBL61,DB01179,Podofilox,D06BB04,Дерматологические препараты,Success,"14,02",[H][C@]12COC(=O)[C@]1([H])[C@H](C1=CC(OC)=C(OC)C(OC)=C1)C1=CC3=C(OCO3)C=C1[C@@H]2O,"-3,2",,,,"2,37","1,5","-2,074022897",FALSE,,
CHEMBL1078178,DB11763,Momelotinib,L01EJ04,Противоопухолевые препараты и иммуномодуляторы,Success,"14,02",O=C(NCC#N)C1=CC=C(C=C1)C1=CC=NC(NC2=CC=C(C=C2)N2CCOCC2)=N1,"2,62",,,,"2,96",,"-0,7402139211",FALSE,,
CHEMBL6995,DB01297,Practolol,C07AB01,Сердечно-сосудистая система,Success,"14,03",CC(C)NCC(O)COC1=CC=C(NC(C)=O)C=C1,"9,67",,,,"0,53","0,79","-0,4686293067",FALSE,,0.0
CHEMBL1229,DB00198,Oseltamivir,J05AH02,Противомикробные (системные),Success,"14,03",CCOC(=O)C1=C[C@@H](OC(CC)CC)[C@H](NC(C)=O)[C@@H](N)C1,"9,31",,,,"1,3",1,"-1,632799322",FALSE,1999.0,1.0
CHEMBL243712,DB06288,Amisulpride,N05AL05,Нервная система,Success,"14,03",CCN1CCCC1CNC(=O)C1=CC(=C(N)C=C1OC)S(=O)(=O)CC,"8,28","9,37",,9.37,"1,5","1,06","-1,795716726",FALSE,1986.0,0.0
CHEMBL723,DB01136,Carvedilol,C07AG02,Сердечно-сосудистая система,Success,"14,03",COC1=CC=CC=C1OCCNCC(O)COC1=CC=CC2=C1C1=CC=CC=C1N2,"8,74",,,,"3,05","3,8","-0,3339272143",FALSE,1995.0,1.0
CHEMBL1094636,DB11793,Niraparib,L01XK02,Противоопухолевые препараты и иммуномодуляторы,Success,"14,03",NC(=O)C1=CC=CC2=CN(N=C12)C1=CC=C(C=C1)[C@@H]1CCCNC1,"10,08",,,,"2,45",,"-1,018514299",FALSE,2017.0,1.0
CHEMBL1742466,DB12212,Landiolol,C07AB14,Сердечно-сосудистая система,Success,"14,04",CC1(C)OC[C@@H](COC(=O)CCC2=CC=C(OC[C@@H](O)CNCCNC(=O)N3CCOCC3)C=C2)O1,"8,79",,,,"0,44",,"-1,018421192",FALSE,,
CHEMBL514,DB01206,Lomustine,L01AD02,Противоопухолевые препараты и иммуномодуляторы,Success,"14,05",ClCCN(N=O)C(=O)NC1CCCCC1,"-5,3",,,,"2,62","2,83","-1,606685915",FALSE,,
CHEMBL3989871,DB15011,Avacopan,L04AJ05,Противоопухолевые препараты и иммуномодуляторы,Success,"14,05",CC1=CC=C(NC(=O)[C@H]2CCCN([C@H]2C2=CC=C(NC3CCCC3)C=C2)C(=O)C2=C(F)C=CC=C2C)C=C1C(F)(F)F,"4,98",,,,"6,82",,"0,5557027529",TRUE,2021.0,1.0
CHEMBL49080,DB01407,Clenbuterol,R03AC14; R03CC13,Дыхательная система,Success,"14,06",CC(C)(C)NCC(O)C1=CC(Cl)=C(N)C(Cl)=C1,"9,63",,,,"2,94",,"-1,134227156",FALSE,,
CHEMBL24,DB00335,Atenolol,C07AB03,Сердечно-сосудистая система,Success,"14,08",CC(C)NCC(O)COC1=CC=C(CC(N)=O)C=C1,"9,67","9,6",,9.6,"0,57","0,16","-0,5340146348",FALSE,1981.0,1.0
CHEMBL499,DB00373,Timolol,S01ED01; C07AA06; S01ED51,Органы чувств,Success,"14,08",[H][C@](O)(CNC(C)(C)C)COC1=NSN=C1N1CCOCC1,"9,76","9,2",,9.2,"1,44","1,8","-0,4662778272",FALSE,1978.0,1.0
CHEMBL500,DB00960,Pindolol,C07AA03,Сердечно-сосудистая система,Success,"14,09",CC(C)NCC(O)COC1=CC=CC2=C1C=CN2,"9,67","9,25",,9.25,"2,17","1,75","-0,8644157408",FALSE,1982.0,1.0
CHEMBL13,DB00264,Metoprolol,C07AB02,Сердечно-сосудистая система,Success,"14,09",COCCC1=CC=C(OCC(O)CNC(C)C)C=C1,"9,67","9,7",,9.7,"1,8","2,15","-0,2706355886",FALSE,1978.0,1.0
CHEMBL1291,DB01214,Metipranolol,S01ED54; S01ED04,Органы чувств,Success,"14,09",CC(C)NCC(O)COC1=C(C)C(C)=C(OC(C)=O)C(C)=C1,"9,67",,,,"2,13","2,66","-0,580902241",FALSE,1989.0,0.0
CHEMBL423,DB00195,Betaxolol,S01ED52; C07AB05; S01ED02,Органы чувств,Success,"14,09",CC(C)NCC(O)COC1=CC=C(CCOCC2CC2)C=C1,"9,67","9,4",,9.4,3,"2,81","-0,9080899192",FALSE,1985.0,1.0
CHEMBL27,DB00571,Propranolol,C07AA05,Сердечно-сосудистая система,Success,"14,09",CC(C)NCC(O)COC1=CC=CC2=C1C=CC=C2,"9,67","9,42",,9.42,"3,03","3,48","-0,3977089095",FALSE,1967.0,1.0
CHEMBL1290,DB01359,Penbutolol,C07AA23,Сердечно-сосудистая система,Success,"14,09",CC(C)(C)NC[C@H](O)COC1=CC=CC=C1C1CCCC1,"9,76",,,,"3,84","4,15","-0,7079090695",FALSE,1987.0,1.0
CHEMBL768,DB00187,Esmolol,C07AB09,Сердечно-сосудистая система,Success,"14,09",COC(=O)CCC1=CC=C(OCC(O)CNC(C)C)C=C1,"9,67",,,,"2,02","1,7","-0,294343485",FALSE,1986.0,0.0
CHEMBL546,DB01580,Oxprenolol,C07AA02,Сердечно-сосудистая система,Success,"14,09",CC(C)NCC(O)COC1=CC=CC=C1OCC=C,"9,67",,,,"2,44","2,1","-0,4436944649",FALSE,1983.0,1.0
CHEMBL645,DB00612,Bisoprolol,C07AB07,Сердечно-сосудистая система,Success,"14,09",CC(C)NCC(O)COC1=CC=C(COCCOC(C)C)C=C1,"9,67","9,5",,9.5,"2,3","2,2","-0,1057321701",FALSE,1992.0,1.0
CHEMBL1201237,DB01210,Levobunolol,S01ED03,Органы чувств,Success,"14,09",CC(C)(C)NC[C@H](O)COC1=CC=CC2=C1CCCC2=O,"9,75",,,,"2,06","2,4","-0,5644112613",FALSE,1985.0,0.0
CHEMBL778,DB00633,Dexmedetomidine,N05CM18,Нервная система,Success,"14,09",C[C@H](C1=CNC=N1)C1=C(C)C(C)=CC=C1,"6,54","7,1",,7.1,"3,28","2,8","-1,142019929",FALSE,1999.0,0.0
CHEMBL266195,DB00866,Alprenolol,C07AA01,Сердечно-сосудистая система,Success,"14,09",CC(C)NCC(O)COC1=CC=CC=C1CC=C,"9,67",,,,"2,59","3,1","-0,6405111715",FALSE,,
CHEMBL631,DB01182,Propafenone,C01BC03,Сердечно-сосудистая система,Success,"14,09",CCCNCC(O)COC1=C(C=CC=C1)C(=O)CCC1=CC=CC=C1,"9,63",,,,"3,1","3,2","-0,6499611072",FALSE,1989.0,1.0
CHEMBL315985,DB14575,Eslicarbazepine,N03AF04,Нервная система,Success,"14,1",NC(=O)N1C2=C(C[C@H](O)C3=C1C=CC=C3)C=CC=C2,"-3,2",,,,"1,26",,"-1,226940481",FALSE,,
CHEMBL38827,DB06708,Lumefantrine,P01BF01,Противопаразитарные препараты,No ATC,"14,1",CCCCN(CCCC)CC(O)C1=C2C(=CC(Cl)=C1)\C(=C/C1=CC=C(Cl)C=C1)C1=C2C=CC(Cl)=C1,"9,78",,,,"8,34",,"0,0773123392",FALSE,2009.0,1.0
CHEMBL2035187,DB11697,Pacritinib,L01EJ03,Противоопухолевые препараты и иммуномодуляторы,Success,"14,1",C(CN1CCCC1)OC1=CC=C2NC3=NC=CC(=N3)C3=CC(COC\C=C\COCC1=C2)=CC=C3,"8,86",,,,"4,78",,"-1,582236252",FALSE,2022.0,1.0
CHEMBL2104356,DB01587,Ketazolam,N05BA10,Нервная система,Success,"14,2",CN1C2=C(C=C(Cl)C=C2)C2(OC(C)=CC(=O)N2CC1=O)C1=CC=CC=C1,"-1,5",,,,"2,6",,"-0,9448358443",FALSE,,
CHEMBL1697782,DB14643,Methylprednisolone aceponate,D07AC14,Дерматологические препараты,Success,"14,8",[H][C@@]12CC[C@](OC(=O)CC)(C(=O)COC(C)=O)[C@@]1(C)C[C@H](O)[C@@]1([H])[C@@]2([H])C[C@H](C)C2=CC(=O)C=C[C@]12C,"-2,9",,,,"2,92",,"-2,617580692",FALSE,,
CHEMBL1274,DB00665,Nilutamide,L02BB02,Противоопухолевые препараты и иммуномодуляторы,Success,"15,01",CC1(C)NC(=O)N(C1=O)C1=CC(=C(C=C1)[N+]([O-])=O)C(F)(F)F,"-4,5",,,,"1,74","1,8","1,325223928",TRUE,,
CHEMBL720,DB06770,Benzyl alcohol,P03AX06,Противопаразитарные препараты,Success,"15,02",OCC1=CC=CC=C1,"-2,8","15,4",,15.4,"1,07","1,1","0,07274823706",FALSE,,
CHEMBL1321,DB01168,Procarbazine,L01XB01,Противоопухолевые препараты и иммуномодуляторы,Success,"15,03",CNNCC1=CC=C(C=C1)C(=O)NC(C)C,"5,56",,,,"0,53","0,06","-1,082282089",FALSE,1969.0,1.0
CHEMBL107,DB01394,Colchicine,M04AC01,Костно-мышечная система,Success,"15,06",COC1=CC2=C(C(OC)=C1OC)C1=CC=C(OC)C(=O)C=C1[C@H](CC2)NC(C)=O,"-1,2","12,36",,12.36,"1,59","1,07","-1,664867243",FALSE,,
CHEMBL2111101,DB05316,Pimavanserin,N05AX17,Нервная система,Success,"15,06",CC(C)COC1=CC=C(CNC(=O)N(CC2=CC=C(F)C=C2)C2CCN(C)CC2)C=C1,"8,44","13,52",,13.52±0.46,"4,19",,"-0,1963435984",FALSE,2016.0,1.0
CHEMBL1200694,DB01236,Sevoflurane,N01AB08,Нервная система,Success,"15,07",FCOC(C(F)(F)F)C(F)(F)F,"-4,5",,,,"2,44","2,4","2,117762331",TRUE,,
CHEMBL279516,DB08950,Indoramin,C02CA02,Сердечно-сосудистая система,Success,"15,09",O=C(NC1CCN(CCC2=CNC3=C2C=CC=C3)CC1)C1=CC=CC=C1,9,,,,"3,4",,"-1,222117258",FALSE,,
CHEMBL2105395,DB04938,Ospemifene,G03XC05,Мочеполовая система и половые гормоны,Success,"15,1",OCCOC1=CC=C(C=C1)C(=C(\CCCl)C1=CC=CC=C1)\C1=CC=CC=C1,"-2,8",,,,"5,7",,"0,1855938947",FALSE,,
CHEMBL446061,DB13747,Trolamine,D03AX12,Дерматологические препараты,Success,"15,12",OCCN(CCO)CCO,"8,44","7,76",,7.76,"-1,4","-1,59","0,2395649268",FALSE,,
CHEMBL716,DB01224,Quetiapine,N05AH04,Нервная система,Success,"15,12",OCCOCCN1CCN(CC1)C1=NC2=CC=CC=C2SC2=CC=CC=C12,"7,06","07,06",,07.06,"2,93","2,81","0,1795795343",FALSE,1997.0,1.0
CHEMBL1231723,DB06811,Polidocanol,C05BB02,Сердечно-сосудистая система,No Drug Record,"15,12",CCCCCCCCCCCCOCCOCCOCCOCCOCCOCCOCCOCCOCCO,"-2,7",,,,"3,15","3,94","0,02377440655",FALSE,,
CHEMBL896,DB00557,Hydroxyzine,N05BB51; N05BB01,Нервная система,Success,"15,12",OCCOCCN1CCN(CC1)C(C1=CC=CC=C1)C1=CC=C(Cl)C=C1,"7,45",,,,"3,43",,"-0,02160472784",FALSE,1956.0,1.0
CHEMBL1547,DB00152,Thiamine,A11DA01,ЖКТ и обмен веществ,Success,"15,5",CC1=C(CCO)SC=[N+]1CC1=CN=C(C)N=C1N,"5,54",,,,"-2,1",,"-1,724718402",FALSE,1982.0,0.0
CHEMBL3707247,DB12612,Ozanimod,L04AE02,Противоопухолевые препараты и иммуномодуляторы,Success,"15,6",CC(C)OC1=C(C=C(C=C1)C1=NC(=NO1)C1=C2CC[C@H](NCCO)C2=CC=C1)C#N,"8,96","14,73",,14.73±0.10,"2,81","3,73","-1,676213364",FALSE,2020.0,1.0
,DB11573,Aluminum chlorohydrate,D09AA08; M05BX02,Дерматологические препараты,,"15,7",O.[OH-].[OH-].[OH-].[OH-].[OH-].[Al+3].[Al+3].[Cl-],"-1,8",,,,"-0,32",,"-1,872345714",FALSE,,
CHEMBL3707210,DB11342,Aluminum oxide,D10AX04,Дерматологические препараты,No Drug Record,"15,7",[O--].[O--].[O--].[Al+3].[Al+3],"-1,8",,,,"-0,65",,"-1,872345714",FALSE,,
,DB01574,Attapulgite,A07BC54; A07BC04,ЖКТ и обмен веществ,,"15,7",[O--].[O--].[O--].[O--].[O--].[O--].[O--].[O--].[O--].[O--].[Mg++].[Al+3].[Si+4].[Si+4].[Si+4].[Si+4].[O-][H].[H]O[H].[H]O[H].[H]O[H].[H]O[H],"-1,8",,,,"-0,65",,"-1,872345714",FALSE,,
,DB13249,Magnesium silicate,A02AA05,ЖКТ и обмен веществ,,"15,7",[O--].[O--].[O--].[Mg++].[Si+4],"-1,8",,,,"-0,65",,0,FALSE,,
CHEMBL2109884,DB09314,Technetium Tc-99m pertechnetate,V09FX01,Прочие препараты,No ATC,"15,7",O.O.O.O.[98Tc-],"-1,8",,,,"-1,4",,"-1,872345714",FALSE,,
CHEMBL45,DB01065,Melatonin,N05CH01,Нервная система,Success,"15,8",COC1=CC2=C(NC=C2CCNC(C)=O)C=C1,"-1,6",,,,"1,42","1,6","-0,9538782477",FALSE,,
CHEMBL42,DB00363,Clozapine,N05AH02,Нервная система,Success,"15,9",CN1CCN(CC1)C1=NC2=CC(Cl)=CC=C2NC2=CC=CC=C12,"7,35","7,5",,7.5,"3,67","3,23","-0,01470677794",FALSE,1989.0,1.0
CHEMBL284348,DB06637,Dalfampridine,N07XX07,Нервная система,Success,"16,04",NC1=CC=NC=C1,"12,18",11,,11,"0,08",,"0,2020842947",FALSE,2010.0,1.0
CHEMBL1286,DB01202,Levetiracetam,N03AX14,Нервная система,Success,"16,09",CC[C@H](N1CCCC1=O)C(N)=O,"-1,6",,,,"-0,64","-0,6","-2,08604889",FALSE,,
CHEMBL939,DB00317,Gefitinib,L01EB01,Противоопухолевые препараты и иммуномодуляторы,Success,"16,11",COC1=C(OCCCN2CCOCC2)C=C2C(NC3=CC(Cl)=C(F)C=C3)=NC=NC2=C1,"6,85","5,4","7,2",5.4 and 7.2,"4,02","3,2","1,363013394",TRUE,2003.0,1.0
CHEMBL1201784,DB06261,Hexaminolevulinate,V04CX06,Прочие препараты,Success,"16,11",[H]N([H])CC(=O)CCC(=O)OCCCCCC,"7,83",,,,"1,55",,"-0,624050302",FALSE,2010.0,0.0
CHEMBL119,DB01157,Trimetrexate,P01AX07,Противопаразитарные препараты,Success,"17,04",COC1=CC(NCC2=C(C)C3=C(C=C2)N=C(N)N=C3N)=CC(OC)=C1OC,"7,54",8,,8.0,"2,36","2,55","-0,1556781721",FALSE,1993.0,0.0
CHEMBL3989868,DB11652,Tucatinib,L01EH03,Противоопухолевые препараты и иммуномодуляторы,Success,"17,08",CC1=CC(NC2=NC=NC3=CC=C(NC4=NC(C)(C)CO4)C=C23)=CC=C1OC1=CC2=NC=NN2C=C1,"4,57",,,,"3,87","3,62","-0,5273451558",FALSE,2020.0,1.0
CHEMBL398880,DB01621,Pipotiazine,N05AC04,Нервная система,No Drug Record,"17,09",CN(C)S(=O)(=O)C1=CC2=C(SC3=CC=CC=C3N2CCCN2CCC(CCO)CC2)C=C1,"8,86",,,,"3,94",,"0,004401555768",FALSE,,
CHEMBL506,DB01087,Primaquine,P01BA03,Противопаразитарные препараты,Success,"17,11",COC1=CC(NC(C)CCCN)=C2N=CC=CC2=C1,"10,2",,,,"2,76","2,1","-0,8070759254",FALSE,1952.0,1.0
CHEMBL39736,DB04830,Buformin,A10BA03,ЖКТ и обмен веществ,Success,"18,1",CCCC\N=C(/N)N=C(N)N,"11,52",,,,"-0,46","-1,2","-2,52502353",FALSE,,0.0
CHEMBL1200910,DB14033,Acetyl sulfisoxazole,G01AE10,Мочеполовая система и половые гормоны,No ATC,"18,1",CC(=O)N(C1=C(C)C(C)=NO1)S(=O)(=O)C1=CC=C(N)C=C1,"1,61",,,,"1,02",,"-0,3864277664",FALSE,1953.0,1.0
CHEMBL90593,DB01708,Prasterone,A14AA07; G03XX01,ЖКТ и обмен веществ,Success,"18,2",[H][C@@]12CCC(=O)[C@@]1(C)CC[C@@]1([H])[C@@]2([H])CC=C2C[C@@]([H])(O)CC[C@]12C,"-1,4",,,,"3,53","3,23","-2,146893682",FALSE,,
CHEMBL254328,DB05812,Abiraterone,L02BX03,Противоопухолевые препараты и иммуномодуляторы,Success,"18,2",[H][C@@]12CC=C(C3=CC=CN=C3)[C@@]1(C)CC[C@@]1([H])[C@@]2([H])CC=C2C[C@@H](O)CC[C@]12C,"4,81",,,,"5,1",,"-1,928727955",FALSE,,
CHEMBL661,DB00404,Alprazolam,N05BA12,Нервная система,Success,"18,2",CC1=NN=C2CN=C(C3=CC=CC=C3)C3=C(C=CC(Cl)=C3)N12,"5,01",,,,"2,23",,"-0,6082003252",FALSE,1981.0,1.0
CHEMBL285674,DB01215,Estazolam,N05CD04,Нервная система,Success,"18,3",ClC1=CC2=C(C=C1)N1C=NN=C1CN=C2C1=CC=CC=C1,"4,9",,,,"1,72","4,7","-0,8650418751",FALSE,1990.0,1.0
CHEMBL2356023,DB01070,Dihydrotachysterol,A11CC02,ЖКТ и обмен веществ,Success,"18,3",CC(C)[C@@H](C)\C=C\[C@@H](C)[C@@]1([H])CC[C@@]2([H])\C(CCC[C@]12C)=C\C=C1/C[C@@H](O)CC[C@@H]1C,"-1,4",,,,"7,86","7,5","-2,483350267",FALSE,,
CHEMBL207538,DB11859,Brexanolone,N06AX29,Нервная система,Success,"18,3",[H][C@@]1(CC[C@@]2([H])[C@]3([H])CC[C@@]4([H])C[C@H](O)CC[C@]4(C)[C@@]3([H])CC[C@]12C)C(C)=O,"-1,4",,,,"4,28",,"-3,65876087",FALSE,,
,DB08965,Fusafungine,R02AB03,Дыхательная система,,"18,8",[H]C1(OC(=O)[C@]([H])(C(C)C)N(C)C(=O)C([H])(OC(=O)[C@]([H])(C(C)C)N(C)C(=O)C([H])(OC(=O)[C@]([H])(C(C)C)N(C)C1=O)C(C)C)C(C)C)C(C)C,"-5,4",,,,"3,81",,"-0,8899688217",FALSE,,
CHEMBL346331,DB11609,Normethadone,R05DA06,Дыхательная система,Success,"18,8",CCC(=O)C(CCN(C)C)(C1=CC=CC=C1)C1=CC=CC=C1,"8,83",,,,"3,84",,"-0,661930042",FALSE,,
CHEMBL2107834,DB08931,Riociguat,C02KX05,Сердечно-сосудистая система,Success,"18,9",COC(=O)N(C)C1=C(N)N=C(N=C1N)C1=NN(CC2=C(F)C=CC=C2)C2=C1C=CC=N2,"3,5",,,,"2,27",,"1,055423761",TRUE,2013.0,1.0
CHEMBL1201248,DB00565,Cisatracurium,M03AC11,Костно-мышечная система,Success,"19,02",COC1=CC2=C(C=C1OC)[C@@H](CC1=CC(OC)=C(OC)C=C1)[N@@+](C)(CCC(=O)OCCCCCOC(=O)CC[N@@+]1(C)CCC3=C(C=C(OC)C(OC)=C3)[C@H]1CC1=CC(OC)=C(OC)C=C1)CC2,"-4,1",,,,"3,41","-2,12","-0,7708517902",FALSE,,
CHEMBL697,DB05246,Methsuximide,N03AD03,Нервная система,Success,"19,03",CN1C(=O)CC(C)(C1=O)C1=CC=CC=C1,"-7,2",,,,"1,46",,"-1,293946064",FALSE,,
CHEMBL1200714,DB01178,Chlormezanone,M03BB02; M03BB52; M03BB72,Костно-мышечная система,Success,"19,07",CN1C(C2=CC=C(Cl)C=C2)S(=O)(=O)CCC1=O,"-2,4",,,,"0,84","1,3","-1,525145128",FALSE,,
CHEMBL1568698,DB05087,Ganaxolone,N03AX27,Нервная система,Success,"19,1",[H][C@@]12CC[C@H](C(C)=O)[C@@]1(C)CC[C@@]1([H])[C@@]2([H])CC[C@@]2([H])C[C@](C)(O)CC[C@]12C,-1,,,,"4,37",,"-3,502685082",FALSE,,
CHEMBL1491,DB00381,Amlodipine,C08CA01,Сердечно-сосудистая система,Success,"19,12",CCOC(=O)C1=C(COCCN)NC(C)=C(C1C1=CC=CC=C1Cl)C(=O)OC,"9,45",,,,"2,22",3,"-0,4122150262",FALSE,1992.0,1.0
CHEMBL2111097,DB09237,Levamlodipine,C08CA17,Сердечно-сосудистая система,Success,"19,12",CCOC(=O)C1=C(COCCN)NC(C)=C([C@@H]1C1=CC=CC=C1Cl)C(=O)OC,"9,45","8,6",,8.6,"2,22","3,3","-0,4122150262",FALSE,2019.0,1.0
CHEMBL117785,DB04844,Tetrabenazine,N07XX16; N07XX06,Нервная система,Success,"19,3",COC1=C(OC)C=C2C3CC(=O)C(CC(C)C)CN3CCC2=C1,"7,33","6,51",,6.51,"3,23",,"-2,279859444",FALSE,2008.0,1.0
CHEMBL797,DB00832,Phensuximide,N03AD02,Нервная система,Success,"19,4",CN1C(=O)CC(C1=O)C1=CC=CC=C1,"-7,4",,,,"0,61","0,7","-1,493295655",FALSE,,
CHEMBL1200853,DB00378,Dydrogesterone,G03DB01,Мочеполовая система и половые гормоны,Success,"19,4",[H][C@@]12CC[C@H](C(C)=O)[C@@]1(C)CC[C@]1([H])[C@@]2([H])C=CC2=CC(=O)CC[C@@]12C,"-4,8",,,,"3,27","3,4","-3,125603779",FALSE,,
CHEMBL1873475,DB09053,Ibrutinib,L01EL01,Противоопухолевые препараты и иммуномодуляторы,Success,"19,7",NC1=NC=NC2=C1C(=NN2[C@@H]1CCCN(C1)C(=O)C=C)C1=CC=C(OC2=CC=CC=C2)C=C1,"6,58","3,74",,3.74,"2,76","3,97","-0,6372466707",FALSE,2013.0,1.0
CHEMBL3286830,DB12130,Lorlatinib,L01ED05,Противоопухолевые препараты и иммуномодуляторы,Success,"19,7",C[C@H]1OC2=C(N)N=CC(=C2)C2=C(C#N)N(C)N=C2CN(C)C(=O)C2=C1C=C(F)C=C2,"5,71",,,,"2,01",,"0,6436057736",TRUE,2018.0,1.0
CHEMBL1651905,DB08945,Iotroxic acid,V08AC02,Прочие препараты,Success,"2,02",OC(=O)C1=C(I)C(NC(=O)COCCOCCOCC(=O)NC2=C(I)C(C(O)=O)=C(I)C=C2I)=C(I)C=C1I,"-3,9",,,,"3,42",,"-0,3279759663",FALSE,,
CHEMBL704,DB00244,Mesalazine,A07EC02,ЖКТ и обмен веществ,Success,"2,02",NC1=CC(C(O)=O)=C(O)C=C1,"5,87",,,,"0,75",,"0,3096335794",FALSE,1987.0,1.0
CHEMBL1165268,DB04711,Iodipamide,V08AC04,Прочие препараты,Success,"2,03",OC(=O)C1=C(I)C(NC(=O)CCCCC(=O)NC2=C(I)C=C(I)C(C(O)=O)=C2I)=C(I)C=C1I,"-3,4",,,,"3,42",,"-0,5270995399",FALSE,,
CHEMBL1006,DB01143,Amifostine,V03AF05,Прочие препараты,Success,"2,06",NCCCNCCSP(O)(O)=O,"10,71",,,,"-1,4","-1,9","-1,308821842",FALSE,1995.0,0.0
CHEMBL1200862,DB00765,Metyrosine,C02KB01,Сердечно-сосудистая система,Success,"2,06",C[C@](N)(CC1=CC=C(O)C=C1)C(O)=O,"9,93",,,,"-1,9","-1,7","-1,442148842",FALSE,1979.0,1.0
CHEMBL254468,DB13146,Fluciclovine (18F),V09IX12,Прочие препараты,No Drug Record,"2,07",N[C@]1(C[C@H]([18F])C1)C(O)=O,"9,42",,,,-3,,"-0,4005366005",FALSE,,
CHEMBL1908917,,FLUCICLOVINE,V09IX12,Прочие препараты,,"2,07",N[C@]1(C(=O)O)C[C@@H](F)C1,"9,42",,,,"-0,1",,"-0,4005366005",FALSE,2016.0,0.0
CHEMBL746,DB00716,Nedocromil,R03BC03; S01GX04; R01AC07,Дыхательная система,Success,"2,2",CCCC1=C2N(CC)C(=CC(=O)C2=CC2=C1OC(=CC2=O)C(O)=O)C(O)=O,"-4,2",,,,"2,18","2,22","-0,8631890245",FALSE,1992.0,0.0
CHEMBL1296,DB00229,Cefotiam,J01DC07,Противомикробные (системные),Success,"2,6",[H][C@]12SCC(CSC3=NN=NN3CCN(C)C)=C(N1C(=O)[C@H]2NC(=O)CC1=CSC(N)=N1)C(O)=O,"8,34",,,,"-0,33","-2,1","-2,896320348",FALSE,1988.0,0.0
CHEMBL463,DB00345,Aminohippuric acid,V04CH30,Прочие препараты,Success,"2,7",NC1=CC=C(C=C1)C(=O)NCC(O)=O,"4,24","3,83",,3.83,0,"-2,2","-0,2011875051",FALSE,1982.0,0.0
CHEMBL161,DB01212,Ceftriaxone,J01DD04; J01DD54,Противомикробные (системные),Success,"2,7",[H][C@]12SCC(CSC3=NC(=O)C(=O)NN3C)=C(N1C(=O)[C@H]2NC(=O)C(=N/OC)\C1=CSC(N)=N1)C(O)=O,"3,36",,,,"-0,01","-1,7","-3,049959706",FALSE,1984.0,0.0
CHEMBL456,DB00903,Etacrynic acid,C03CC01,Сердечно-сосудистая система,Success,"2,8",CCC(=C)C(=O)C1=C(Cl)C(Cl)=C(OCC(O)=O)C=C1,-5,"3,5",,3.5,"3,42","3,3","-0,6293955854",FALSE,1967.0,1.0
CHEMBL2107831,DB13125,Lusutrombopag,B02BX07,Кровь и органы кроветворения,Success,"3,02",CCCCCCO[C@@H](C)C1=C(OC)C(=CC=C1)C1=CSC(NC(=O)C2=CC(Cl)=C(\C=C(/C)C(O)=O)C(Cl)=C2)=N1,"-1,2",,,,"6,94",,"-0,743381588",FALSE,2018.0,1.0
CHEMBL474579,DB01330,Cefotetan,J01DC05,Противомикробные (системные),Success,"3,03",[H][C@]12SCC(CSC3=NN=NN3C)=C(N1C(=O)[C@]2(NC(=O)C1SC(S1)=C(C(N)=O)C(O)=O)OC)C(O)=O,"-1,5",,,,"-0,65",,"-2,845035863",FALSE,1985.0,0.0
CHEMBL2103784,DB01284,Tetracosactide,H01AA02,Гормональные препараты (системные),Success,"3,03",CSCC[C@H](NC(=O)[C@H](CO)NC(=O)[C@H](CC1=CC=C(O)C=C1)NC(=O)[C@@H](N)CO)C(=O)N[C@@H](CCC(O)=O)C(=O)N[C@@H](CC1=CN=CN1)C(=O)N[C@@H](CC1=CC=CC=C1)C(=O)N[C@@H](CCCNC(N)=N)C(=O)N[C@@H](CC1=CNC2=C1C=CC=C2)C(=O)NCC(=O)N[C@@H](CCCCN)C(=O)N1CCC[C@H]1C(=O)N[C@@H](C(C)C)C(=O)NCC(=O)N[C@@H](CCCCN)C(=O)N[C@@H](CCCCN)C(=O)N[C@@H](CCCNC(N)=N)C(=O)N[C@@H](CCCNC(N)=N)C(=O)N1CCC[C@H]1C(=O)N[C@@H](C(C)C)C(=O)N[C@@H](CCCCN)C(=O)N[C@@H](C(C)C)C(=O)N[C@@H](CC1=CC=C(O)C=C1)C(=O)N1CCC[C@H]1C(O)=O,"12,38",,,,"-0,95",,"-0,4895051629",FALSE,,
,DB06149,Teicoplanin,J01XA02,Противомикробные (системные),,"3,04",CCCCCCCCCC(=O)N[C@@H]1[C@@H](O)[C@H](O)[C@@H](CO)O[C@H]1OC1=C2OC3=C(Cl)C=C(C=C3)[C@@H](O[C@@H]3O[C@H](CO)[C@@H](O)[C@H](O)[C@H]3NC(C)=O)[C@@H]3NC(=O)[C@H](NC(=O)[C@@H]4NC(=O)[C@H]5NC(=O)[C@@H](CC6=CC=C(OC1=CC4=C2)C(Cl)=C6)NC(=O)[C@H](N)C1=CC=C(O)C(OC2=CC(O)=CC5=C2)=C1)C1=CC=C(O)C(=C1)C1=C(C=C(O)C=C1OC1O[C@H](CO)[C@@H](O)[C@H](O)[C@@H]1O)[C@H](NC3=O)C(O)=O,"7,09",,,,"-2,3",,"-0,811281848",FALSE,,
CHEMBL1261,DB04272,Citric acid,A09AB04,ЖКТ и обмен веществ,Success,"3,05",OC(=O)CC(O)(CC(O)=O)C(O)=O,"-4,2","2,79",,2.79,"-1,3","-1,64","-1,633397561",FALSE,1982.0,1.0
CHEMBL2106123,DB11093,Calcium citrate,A12AA13,ЖКТ и обмен веществ,Success,"3,05",[Ca++].[Ca++].[Ca++].OC(CC([O-])=O)(CC([O-])=O)C([O-])=O.OC(CC([O-])=O)(CC([O-])=O)C([O-])=O,"-4,2",,,,"0,13",,"-1,050154211",FALSE,,
,DB09501,Ferric ammonium citrate,V08CA07,Прочие препараты,,"3,05",N.[Fe+3].OC(=O)CC(O)(CC(O)=O)C(O)=O,"-4,2",,,,"-1,3",,"-1,633397561",FALSE,,
CHEMBL1200994,DB06784,Gallium citrate Ga-67,V09HX01,Прочие препараты,No Drug Record,"3,05",[67Ga+3].OC(CC([O-])=O)(CC([O-])=O)C([O-])=O,"-4,2",,,,"1,06",,"-1,050154211",FALSE,,
CHEMBL3989480,DB11110,Magnesium citrate,A06AD19; A12CC04; B05CB03,ЖКТ и обмен веществ,Success,"3,05",[Mg++].[Mg++].[Mg++].OC(CC([O-])=O)(CC([O-])=O)C([O-])=O.OC(CC([O-])=O)(CC([O-])=O)C([O-])=O,"-4,2",,,,"0,08",,"-1,050154211",FALSE,,
CHEMBL1200458,DB09125,Potassium citrate,A12BA02,ЖКТ и обмен веществ,Success,"3,05",[K+].[K+].[K+].OC(CC([O-])=O)(CC([O-])=O)C([O-])=O,"-4,2",,,,"-0,7",,"-1,050154211",FALSE,,
CHEMBL1355,DB09154,Sodium citrate,B05CB02,Кровь и органы кроветворения,Success,"3,05",[Na+].[Na+].[Na+].OC(CC([O-])=O)(CC([O-])=O)C([O-])=O,"-4,2",,,,"-0,55",,"-1,050154211",FALSE,,
CHEMBL3301597,DB14520,Tetraferric tricitrate decahydrate,V03AE08,Прочие препараты,No Drug Record,"3,05",O.O.O.O.O.O.O.O.O.O.[Fe+3].[Fe+3].[Fe+3].[Fe+3].[O-]C(=O)CC([O-])(CC([O-])=O)C([O-])=O.[O-]C(=O)CC([O-])(CC([O-])=O)C([O-])=O.[O-]C(=O)CC([O-])(CC([O-])=O)C([O-])=O,"-4,2",,,,"1,42",,"-0,4290707487",FALSE,,
,DB11154,Zinc citrate,C05AX04,Сердечно-сосудистая система,,"3,05",[Zn++].[Zn++].[Zn++].OC(CC([O-])=O)(CC([O-])=O)C([O-])=O.OC(CC([O-])=O)(CC([O-])=O)C([O-])=O,"-4,2",,,,"0,04",,"-1,050154211",FALSE,,
CHEMBL222813,DB00558,Zanamivir,J05AH01,Противомикробные (системные),Success,"3,06",[H][C@]1(OC(=C[C@H](N=C(N)N)[C@H]1NC(C)=O)C(O)=O)[C@H](O)[C@H](O)CO,"11,93",,,,"-2,3",-3,"-2,870186235",FALSE,1999.0,0.0
CHEMBL1166,DB00278,Argatroban,B01AE03,Кровь и органы кроветворения,Success,"3,06",C[C@@H]1CCN([C@H](C1)C(O)=O)C(=O)[C@H](CCCNC(N)=N)NS(=O)(=O)C1=CC=CC2=C1NCC(C)C2,"11,8",,,,"0,04",1,"-1,770824039",FALSE,2000.0,0.0
CHEMBL1201346,DB01014,Balsalazide,A07EC04,ЖКТ и обмен веществ,Success,"3,06",OC(=O)CCNC(=O)C1=CC=C(C=C1)\N=N\C1=CC=C(O)C(=C1)C(O)=O,"-0,033",,,,"3,37","1,3","0,04338291044",FALSE,2000.0,1.0
CHEMBL316157,DB09008,Cefaloridine,J01DB02,Противомикробные (системные),Success,"3,06",[H][C@]12SCC(C[N+]3=CC=CC=C3)=C(N1C(=O)[C@H]2NC(=O)CC1=CC=CS1)C([O-])=O,"-0,017",,,,-1,,"-2,063199248",FALSE,,
CHEMBL3301675,DB08890,Linaclotide,A06AX04,ЖКТ и обмен веществ,Success,"3,06",[H][C@]1(CSSC[C@]2([H])NC(=O)[C@H](CC3=CC=C(O)C=C3)NC(=O)[C@H](CCC(O)=O)NC(=O)[C@@H]3CSSC[C@H](NC(=O)[C@H](C)NC(=O)[C@@H]4CCCN4C(=O)[C@H](CC(N)=O)NC(=O)[C@H](CSSC[C@H](N)C(=O)N3)NC2=O)C(=O)N[C@@]([H])([C@@H](C)O)C(=O)NCC(=O)N1)C(=O)N[C@@H](CC1=CC=C(O)C=C1)C(O)=O,"7,65",,,,"-1,5",,"-1,549561124",FALSE,,
CHEMBL1164729,DB04854,Febuxostat,M04AA03,Костно-мышечная система,Success,"3,08",CC(C)COC1=C(C=C(C=C1)C1=NC(C)=C(S1)C(O)=O)C#N,"0,39",,,,"3,8",,"-1,318215788",FALSE,2008.0,1.0
CHEMBL403,DB09324,Sulbactam,J01CG01,Противомикробные (системные),Success,"3,09",[H][C@@]12CC(=O)N1[C@@]([H])(C(O)=O)C(C)(C)S2(=O)=O,"-3,8",,,,"-0,92",,"-3,292519471",FALSE,1986.0,0.0
CHEMBL1449,DB01607,Ticarcillin,J01CA13,Противомикробные (системные),Success,"3,09",[H][C@]12SC(C)(C)[C@@H](N1C(=O)[C@H]2NC(=O)[C@H](C(O)=O)C1=CSC=C1)C(O)=O,"-6,3",,,,"0,99",,"-3,090708595",FALSE,1976.0,0.0
CHEMBL981,DB13873,Fenofibric acid,C10AB11,Сердечно-сосудистая система,Success,"3,1",CC(C)(OC1=CC=C(C=C1)C(=O)C1=CC=C(Cl)C=C1)C(O)=O,"-4,9",,,,"3,97",,"-0,4952544899",FALSE,2008.0,1.0
CHEMBL1276310,DB12343,Temocillin,J01CA17,Противомикробные (системные),Success,"3,1",CO[C@]1(NC(=O)C(C(O)=O)C2=CSC=C2)[C@H]2SC(C)(C)[C@@H](N2C1=O)C(O)=O,"-4,3",,,,"1,13",,"-2,807068437",FALSE,,
CHEMBL1214,DB00578,Carbenicillin,J01CA03,Противомикробные (системные),Success,"3,11",[H][C@]12SC(C)(C)[C@@H](N1C(=O)[C@H]2NC(=O)C(C(O)=O)C1=CC=CC=C1)C(O)=O,"-6,3",,,,"1,13","1,13","-2,70846151",FALSE,1982.0,0.0
,DB09164,Technetium Tc-99m disofenin,V09DA01,Прочие препараты,,"3,11",[99Tc].CC(C)C1=CC=CC(C(C)C)=C1NC(=O)CN(CC(O)=O)CC(O)=O,"2,41",,,,"0,13",,"0,07442587321",FALSE,,
CHEMBL3646221,DB12255,Vadadustat,B03XA08,Кровь и органы кроветворения,Success,"3,12",OC(=O)CNC(=O)C1=C(O)C=C(C=N1)C1=CC(Cl)=CC=C1,"1,15",,,,"2,53",,"-0,4155015263",FALSE,,
CHEMBL3301800,DB01150,Cefprozil,J01DC10,Противомикробные (системные),No Drug Record,"3,3",[H][C@]12SCC(C=CC)=C(N1C(=O)[C@@]2([H])NC(=O)[C@H](N)C1=CC=C(O)C=C1)C(O)=O,"7,22",,,,"0,94","0,6","-2,524671422",FALSE,,
CHEMBL1200356,DB01000,Cyclacillin,J01CR50,Противомикробные (системные),No ATC,"3,3",[H][C@]12SC(C)(C)[C@@H](N1C(=O)[C@H]2NC(=O)C1(N)CCCCC1)C(O)=O,"8,45",,,,"0,56","1,31","-3,426604179",FALSE,1979.0,1.0
CHEMBL530,DB01163,Amdinocillin,J01CA11,Противомикробные (системные),Success,"3,3",[H]C(=N[C@@H]1C(=O)N2[C@@H](C(O)=O)C(C)(C)S[C@]12[H])N1CCCCCC1,"7,92",,,,"1,41","1,3","-3,014655992",FALSE,1984.0,0.0
CHEMBL515606,DB01340,Cilazapril,C09AA08,Сердечно-сосудистая система,Success,"3,4",CCOC(=O)[C@H](CCC1=CC=CC=C1)N[C@H]1CCCN2CCC[C@H](N2C1=O)C(O)=O,"5,06",,,,"-0,2","0,8","-1,573323446",FALSE,,
CHEMBL4297588,DB16261,Odevixibat,A05AX05,ЖКТ и обмен веществ,Success,"3,4",CCCCC1(CCCC)CN(C2=CC=CC=C2)C2=CC(SC)=C(OCC(=O)N[C@@H](C(=O)N[C@@H](CC)C(O)=O)C3=CC=C(O)C=C3)C=C2S(=O)(=O)N1,"-3,4",,,,"4,44",,"-0,9598062367",FALSE,2021.0,1.0
CHEMBL154111,DB01399,Salsalate,N02BA06,Нервная система,Success,"3,4",OC(=O)C1=CC=CC=C1OC(=O)C1=CC=CC=C1O,"-4,3",,,,"3,44",,"-0,3475354209",FALSE,,
CHEMBL2103883,DB11995,Avatrombopag,B02BX08,Кровь и органы кроветворения,Success,"3,5",OC(=O)C1CCN(CC1)C1=C(Cl)C=C(C=N1)C(=O)NC1=NC(C2=CC(Cl)=CS2)=C(S1)N1CCN(CC1)C1CCCCC1,"8,4",,,,"5,97",,"-0,7487897676",FALSE,2018.0,1.0
CHEMBL331378,DB13166,Zofenopril,C09AA15,Сердечно-сосудистая система,Success,"3,5",C[C@H](CSC(=O)C1=CC=CC=C1)C(=O)N1C[C@H](C[C@H]1C(O)=O)SC1=CC=CC=C1,"-1,3",,,,"3,64",,"-1,250561771",FALSE,,
CHEMBL2103837,DB11644,Tafamidis,N07XX08,Нервная система,Success,"3,6",OC(=O)C1=CC=C2N=C(OC2=C1)C1=CC(Cl)=CC(Cl)=C1,"-0,4",,,,"3,91",,"0,5359816422",TRUE,2011.0,1.0
CHEMBL1592,DB00881,Quinapril,C09AA06,Сердечно-сосудистая система,Success,"3,7",CCOC(=O)[C@H](CCC1=CC=CC=C1)N[C@@H](C)C(=O)N1CC2=CC=CC=C2C[C@H]1C(O)=O,"5,2","2,8",,2.8,"1,4","0,86","-1,628402154",FALSE,1991.0,1.0
CHEMBL4594448,DB16200,Iptacopan,L04AJ08,Противоопухолевые препараты и иммуномодуляторы,Success,"3,7",CCO[C@H]1CCN(CC2=C(OC)C=C(C)C3=C2C=CN3)[C@@H](C1)C1=CC=C(C=C1)C(O)=O,"8,75",,,,"4,08",,"-1,20638718",FALSE,,
CHEMBL1519,DB00519,Trandolapril,C09AA10,Сердечно-сосудистая система,Success,"3,8",[H][C@@]12C[C@H](N(C(=O)[C@H](C)N[C@@H](CCC3=CC=CC=C3)C(=O)OCC)[C@@]1([H])CCCC2)C(O)=O,"5,21",,,,"1,31","3,5","-1,567163503",FALSE,1996.0,1.0
CHEMBL3391662,DB09297,Paritaprevir,J05AP53; J05AP52,Противомикробные (системные),No ATC,"3,8",[H][C@@]12C[C@]1(NC(=O)[C@]1([H])C[C@H](CN1C(=O)[C@H](CCCCC\C=C/2)NC(=O)C1=CN=C(C)C=N1)OC1=NC2=C(C=CC=C2)C2=C1C=CC=C2)C(=O)NS(=O)(=O)C1CC1,"2,64",,,,"3,5",,"-2,219605715",FALSE,2014.0,1.0
CHEMBL256997,DB05016,Ataluren,M09AX03,Костно-мышечная система,Success,"3,9",OC(=O)C1=CC=CC(=C1)C1=NOC(=N1)C1=CC=CC=C1F,"-1,6",,,,"2,96",,"2,137643696",TRUE,2014.0,0.0
CHEMBL956,DB00870,Suprofen,M01AE07,Костно-мышечная система,Success,"4,01",CC(C(O)=O)C1=CC=C(C=C1)C(=O)C1=CC=CS1,"-7,8","3,91",,3.91,"3,16","2,2","-0,478537236",FALSE,1985.0,0.0
CHEMBL1560,DB01197,Captopril,C09AA01,Сердечно-сосудистая система,Success,"4,02",C[C@H](CS)C(=O)N1CCC[C@H]1C(O)=O,"-1,3",,,,"1,02","0,34","-2,07983258",FALSE,1981.0,1.0
CHEMBL365795,DB01600,Tiaprofenic acid,M01AE11,Костно-мышечная система,Success,"4,03",CC(C(O)=O)C1=CC=C(S1)C(=O)C1=CC=CC=C1,"-7,8",,,,"3,22",,"-0,4906585757",FALSE,,
CHEMBL914,DB00950,Fexofenadine,R06AX26,Дыхательная система,Success,"4,04",CC(C)(C(O)=O)C1=CC=C(C=C1)C(O)CCCN1CCC(CC1)C(O)(C1=CC=CC=C1)C1=CC=CC=C1,"9,01",,,,"5,02",,"-0,9728785569",FALSE,1996.0,1.0
CHEMBL601,DB00855,Aminolevulinic acid,L01XD04,Противоопухолевые препараты и иммуномодуляторы,Success,"4,05",NCC(=O)CCC(O)=O,"7,84",,,,"-2,8","-1,5","-0,8601500235",FALSE,1999.0,1.0
CHEMBL1477,DB00439,Cerivastatin,C10AA06,Сердечно-сосудистая система,Success,"4,05",COCC1=C(C2=CC=C(F)C=C2)C(\C=C\[C@@H](O)C[C@@H](O)CC(O)=O)=C(C(C)C)N=C1C(C)C,"5,58",,,,"4,15","3,4","0,4605211371",FALSE,1997.0,1.0
CHEMBL1742423,DB11591,Bilastine,R06AX29; S01GX13,Дыхательная система,Success,"4,06",CCOCCN1C(=NC2=CC=CC=C12)C1CCN(CCC2=CC=C(C=C2)C(C)(C)C(O)=O)CC1,"9,43",,,,"5,02",,"-0,8833464449",FALSE,,
CHEMBL817,DB00839,Tolazamide,A10BB05,ЖКТ и обмен веществ,Success,"4,07",CC1=CC=C(C=C1)S(=O)(=O)NC(=O)NN1CCCCCC1,"1,61",,,,"1,4","2,69","-0,7104200667",FALSE,1966.0,1.0
CHEMBL427216,DB01120,Gliclazide,A10BB09,ЖКТ и обмен веществ,Success,"4,07",[H][C@@]12CCC[C@]1([H])CN(C2)NC(=O)NS(=O)(=O)C1=CC=C(C)C=C1,"1,38",,,,"1,52","2,6","-1,103470014",FALSE,,
CHEMBL15770,DB00605,Sulindac,M01AB02,Костно-мышечная система,Success,"4,09",CC1=C(CC(O)=O)C2=CC(F)=CC=C2\C1=C/C1=CC=C(C=C1)S(C)=O,"-8,1","4,7",,4.7,"2,96","3,42","2,079081082",TRUE,1978.0,1.0
CHEMBL1697733,DB08842,Acetylcarnitine,N06BX12,Нервная система,Success,"4,09",CC(=O)O[C@H](CC([O-])=O)C[N+](C)(C)C,-7,,,,"-2,4",,"-2,122925621",FALSE,,
CHEMBL139367,DB06614,Peramivir,J05AH03,Противомикробные (системные),Success,"4,09",[H][C@@]1([C@@H](NC(C)=O)C(CC)CC)[C@H](O)[C@H](C[C@H]1NC(N)=N)C(O)=O,"12,46",,,,"-0,27",,"-1,915888557",FALSE,2014.0,0.0
CHEMBL4298128,DB15444,Elexacaftor,R07AX32,Дыхательная система,No ATC,"4,1",C[C@@H]1CN(C2=NC(=CC=C2C(=O)NS(=O)(=O)C2=CN(C)N=C2C)N2C=CC(OCC(C)(C)C(F)(F)F)=N2)C(C)(C)C1,"2,09",,,,"4,46",,"-0,1230041126",FALSE,2019.0,1.0
CHEMBL404108,DB01283,Lumiracoxib,M01AH06,Костно-мышечная система,Success,"4,11",CC1=CC=C(NC2=C(Cl)C=CC=C2F)C(CC(O)=O)=C1,"-1,3",,,,"4,56","3,9","1,685730263",TRUE,2005.0,1.0
CHEMBL1149,DB00583,Levocarnitine,A16AA01,ЖКТ и обмен веществ,Success,"4,2",C[N+](C)(C)C[C@H](O)CC([O-])=O,"-3,6","3,8",,3.8,"-2,9",,"-1,475026243",FALSE,1985.0,1.0
CHEMBL455,DB00634,Sulfacetamide,D10AF06; S01AB04,Дерматологические препараты,Success,"4,3",CC(=O)NS(=O)(=O)C1=CC=C(N)C=C1,"2,14",,,,"0,15","-0,96","0,1821451509",FALSE,1945.0,0.0
CHEMBL548,DB00917,Dinoprostone,G02AD02,Мочеполовая система и половые гормоны,Success,"4,3",CCCCC[C@H](O)\C=C\[C@H]1[C@H](O)CC(=O)[C@@H]1C\C=C/CCCC(O)=O,"-1,6",,,,"3,31","2,82","-2,571659376",FALSE,1977.0,0.0
CHEMBL1201134,DB01046,Lubiprostone,A06AX03,ЖКТ и обмен веществ,Success,"4,3",[H][C@@]12CC(=O)[C@H](CCCCCCC(O)=O)[C@@]1([H])CC[C@@](O)(O2)C(F)(F)CCCC,"-4,4",,,,"2,76","4,3","-0,9594920332",FALSE,2006.0,1.0
CHEMBL857,DB00121,Biotin,A11HA05,ЖКТ и обмен веществ,Success,"4,4",[H][C@]12CS[C@@H](CCCCC(O)=O)[C@@]1([H])NC(=O)N2,"-1,9",,,,"0,17","0,5","-3,518271311",FALSE,1985.0,0.0
CHEMBL787,DB00471,Montelukast,R03DC03; R03DC53,Дыхательная система,Success,"4,4",OC(=O)CC1(CC1)CS[C@H](CCC1=CC=CC=C1C(O)(C)C)C1=CC=CC(\C=C\C2=NC3=C(C=CC(Cl)=C3)C=C2)=C1,"3,12",,,,"7,25","7,9","-0,7288968268",FALSE,1998.0,1.0
CHEMBL1551,DB01586,Ursodeoxycholic acid,A05AA02,ЖКТ и обмен веществ,Success,"4,6",[H][C@@]1(CC[C@@]2([H])[C@]3([H])[C@@H](O)C[C@]4([H])C[C@H](O)CC[C@]4(C)[C@@]3([H])CC[C@]12C)[C@H](C)CCC(O)=O,"-0,54",,,,"3,01",3,"-3,090633034",FALSE,1987.0,1.0
CHEMBL240597,DB06777,Chenodeoxycholic acid,A05AA01,ЖКТ и обмен веществ,Success,"4,6",[H][C@@]1(CC[C@@]2([H])[C@]3([H])[C@H](O)C[C@]4([H])C[C@H](O)CC[C@]4(C)[C@@]3([H])CC[C@]12C)[C@H](C)CCC(O)=O,"-0,54",,,,"3,01","4,15","-3,090633034",FALSE,1983.0,1.0
CHEMBL566315,DB05990,Obeticholic acid,A05AA04,ЖКТ и обмен веществ,Success,"4,6",[H][C@@]1(CC[C@@]2([H])[C@]3([H])[C@H](O)[C@H](CC)[C@]4([H])C[C@H](O)CC[C@]4(C)[C@@]3([H])CC[C@]12C)[C@H](C)CCC(O)=O,"-0,16","4,76",,4.76±0.10,"3,5","5,11","-2,848718497",FALSE,2016.0,1.0
CHEMBL1059,DB00230,Pregabalin,N02BF02,Нервная система,Success,"4,8",CC(C)C[C@H](CN)CC(O)=O,"10,23",,,,"-1,4",,"-1,664745864",FALSE,2004.0,1.0
CHEMBL397420,DB01418,Acenocoumarol,B01AA07,Кровь и органы кроветворения,Success,"5,09",CC(=O)CC(C1=CC=C(C=C1)[N+]([O-])=O)C1=C(O)C2=CC=CC=C2OC1=O,"-6,9",,,,"2,53","1,98","-0,6843430218",FALSE,,
CHEMBL388590,DB12319,Benzbromarone,M04AB03,Костно-мышечная система,Success,"5,11",CCC1=C(C(=O)C2=CC(Br)=C(O)C(Br)=C2)C2=CC=CC=C2O1,-3,,,,"5,52",,"-0,3820387847",FALSE,,1.0
,DB07402,Azapropazone,M01AX04,Костно-мышечная система,,"5,5",[H][C@@]1(CC=C)C(=O)N2N(C1=O)C1=CC(C)=CC=C1N=C2N(C)C,"4,32",,,,"0,92",,"-1,128250465",FALSE,,
CHEMBL453,DB00263,Sulfisoxazole,S01AB02; J01EB05,Органы чувств,Success,"5,8",CC1=NOC(NS(=O)(=O)C2=CC=C(N)C=C2)=C1C,"2,17",5,,5,"1,14","1,01","-0,7276943127",FALSE,1971.0,1.0
CHEMBL957,DB00559,Bosentan,C02KX01,Сердечно-сосудистая система,Success,"5,8",COC1=CC=CC=C1OC1=C(NS(=O)(=O)C2=CC=C(C=C2)C(C)(C)C)N=C(N=C1OCCO)C1=NC=CC=N1,"0,57",,,,"4,18","3,7","-0,3480141504",FALSE,2001.0,1.0
CHEMBL953,DB00494,Entacapone,N04BX02,Нервная система,Success,"6,09",CCN(CC)C(=O)C(=C\C1=CC(=C(O)C(O)=C1)[N+]([O-])=O)\C#N,"-1,1",,,,"2,5","2,8","-0,7603427012",FALSE,1998.0,1.0
CHEMBL3990047,DB12924,Ozenoxacin,D06AX14,Дерматологические препараты,Success,"6,1",CNC1=NC=C(C=C1C)C1=CC=C2C(=O)C(=CN(C3CC3)C2=C1C)C(O)=O,"6,77",,,,"2,76",,"-0,5137372555",FALSE,2017.0,0.0
CHEMBL1539,DB01299,Sulfadoxine,P01BF09; G01AE10,Противопаразитарные препараты,No ATC,"6,12",COC1=NC=NC(NS(=O)(=O)C2=CC=C(N)C=C2)=C1OC,"3,44",,,,"0,72","0,7","-0,4658486322",FALSE,1981.0,1.0
CHEMBL1089318,DB11632,Opicapone,N04BX04,Нервная система,Success,"6,12",CC1=C(C2=NOC(=N2)C2=CC(=C(O)C(O)=C2)[N+]([O-])=O)C(Cl)=[N+]([O-])C(C)=C1Cl,"-0,47",,,,"3,05",,"-0,5420249252",FALSE,2016.0,1.0
CHEMBL56367,DB04743,Nimesulide,M02AA26; M01AX17,Костно-мышечная система,Success,"6,7",CS(=O)(=O)NC1=C(OC2=CC=CC=C2)C=C(C=C1)[N+]([O-])=O,"-3,7",,,,"2,56","2,6","-0,05305643881",FALSE,,0.0
CHEMBL374478,DB01045,Rifampin,J04AB02,Противомикробные (системные),Success,"6,8",CO[C@H]1\C=C\O[C@@]2(C)OC3=C(C2=O)C2=C(O)C(\C=N\N4CCN(C)CC4)=C(NC(=O)\C(C)=C/C=C/[C@H](C)[C@H](O)[C@@H](C)[C@@H](O)[C@@H](C)[C@H](OC(C)=O)[C@@H]1C)C(O)=C2C(O)=C3C,"7,37","1,7",,1.7,"3,85","2,7","-2,610235154",FALSE,1971.0,1.0
CHEMBL254316,DB06817,Raltegravir,J05AJ01,Противомикробные (системные),Success,"7,02",CN1C(=O)C(O)=C(N=C1C(C)(C)NC(=O)C1=NN=C(C)O1)C(=O)NCC1=CC=C(F)C=C1,"-1,1",,,,"1,3",,"0,3281141617",FALSE,2007.0,1.0
CHEMBL1200359,DB06821,Sulfameter,J01ED04,Противомикробные (системные),Success,"7,06",COC1=CN=C(NS(=O)(=O)C2=CC=C(N)C=C2)N=C1,"1,98",,,,"0,53",,"-0,4210343084",FALSE,1966.0,1.0
CHEMBL437765,DB11753,Rifamycin,D06AX15; S01AA16; S02AA12; J04AB03; A07AA13,Дерматологические препараты,Success,"7,09",CO[C@H]1\C=C\O[C@@]2(C)OC3=C(C)C(O)=C4C(O)=C(NC(=O)\C(C)=C/C=C/[C@H](C)[C@H](O)[C@@H](C)[C@@H](O)[C@@H](C)[C@H](OC(C)=O)[C@@H]1C)C=C(O)C4=C3C2=O,"-1,1","1,8",,1.8,"4,15",5,"-2,75981598",FALSE,2018.0,1.0
CHEMBL4802135,DB16691,Nirmatrelvir,J05AE30,Противомикробные (системные),No ATC,"7,1",[H][C@]12CN([C@H](C(=O)N[C@@H](C[C@]3([H])CCNC3=O)C#N)[C@@]1([H])C2(C)C)C(=O)[C@@H](NC(=O)C(F)(F)F)C(C)(C)C,"-1,6",,,,"2,12",,"-1,726853799",FALSE,,
CHEMBL441,DB00599,Thiopental,N01AF03; N05CA19,Нервная система,Success,"7,2",CCCC(C)C1(CC)C(=O)NC(=S)NC1=O,-8,"7,55",,7.55,"3,05","2,85","-1,954220547",FALSE,1982.0,0.0
CHEMBL440,DB01154,Thiamylal,N05CB01,Нервная система,No ATC,"7,2",CCCC(C)C1(CC=C)C(=O)NC(=S)NC1=O,"-7,8","7,48",,7.48,"3,11","3,23","-1,988620204",FALSE,1982.0,0.0
CHEMBL417,DB00445,Epirubicin,L01DB03,Противоопухолевые препараты и иммуномодуляторы,Success,"8,01",COC1=CC=CC2=C1C(=O)C1=C(O)C3=C(C[C@](O)(C[C@@H]3O[C@H]3C[C@H](N)[C@@H](O)[C@H](C)O3)C(=O)CO)C(O)=C1C2=O,"10,03",,,,"1,41","-0,5","-0,4592271159",FALSE,1999.0,0.0
CHEMBL53463,DB00997,Doxorubicin,L01DB01,Противоопухолевые препараты и иммуномодуляторы,Success,"8,01",COC1=CC=CC2=C1C(=O)C1=C(O)C3=C(C[C@](O)(C[C@@H]3O[C@H]3C[C@H](N)[C@H](O)[C@H](C)O3)C(=O)CO)C(O)=C1C2=O,"10,03",,,,"1,41","1,27","-0,4592271159",FALSE,1974.0,0.0
CHEMBL178,DB00694,Daunorubicin,L01DB02,Противоопухолевые препараты и иммуномодуляторы,Success,"8,01",COC1=CC=CC2=C1C(=O)C1=C(O)C3=C(C[C@](O)(C[C@@H]3O[C@H]3C[C@H](N)[C@H](O)[C@H](C)O3)C(C)=O)C(O)=C1C2=O,"10,03","7,85",,7.85,"1,68","1,83","-0,3449319259",FALSE,1979.0,0.0
CHEMBL1117,DB01177,Idarubicin,L01DB06,Противоопухолевые препараты и иммуномодуляторы,Success,"8,04",C[C@@H]1O[C@H](C[C@H](N)[C@@H]1O)O[C@H]1C[C@@](O)(CC2=C1C(O)=C1C(=O)C3=CC=CC=C3C(=O)C1=C2O)C(C)=O,"10,04",,,,"1,69","0,2","-0,3935872678",FALSE,1990.0,0.0
CHEMBL135400,DB01198,Zopiclone,N05CF01,Нервная система,Success,"8,04",CN1CCN(CC1)C(=O)OC1N(C(=O)C2=NC=CN=C12)C1=NC=C(Cl)C=C1,"6,86",,,,"0,97","0,8","-0,9746956807",FALSE,,0.0
CHEMBL1522,DB00402,Eszopiclone,N05CF04,Нервная система,Success,"8,04",CN1CCN(CC1)C(=O)O[C@@H]1N(C(=O)C2=NC=CN=C12)C1=NC=C(Cl)C=C1,"6,86","9,2",,9.2,"0,97","0,81","-0,9746956807",FALSE,2004.0,1.0
CHEMBL429,DB00598,Labetalol,C07AG01,Сердечно-сосудистая система,Success,"8,05",CC(CCC1=CC=CC=C1)NCC(O)C1=CC(C(N)=O)=C(O)C=C1,"9,8","9,3",,9.3,"1,73",,"-1,26047864",FALSE,1984.0,1.0
CHEMBL27193,,DILEVALOL,C04AA01,Сердечно-сосудистая система,,"8,05",C[C@H](CCc1ccccc1)NC[C@H](O)c1ccc(O)c(C(N)=O)c1,"9,8",,,,"2,14",,"-1,26047864",FALSE,1990.0,0.0
CHEMBL917,DB00322,Floxuridine,L01BC09,Противоопухолевые препараты и иммуномодуляторы,Success,"8,08",OC[C@H]1O[C@H](C[C@@H]1O)N1C=C(F)C(=O)NC1=O,-3,"7,44",,7.44,"-1,2","-1,16","1,452175162",TRUE,1970.0,0.0
CHEMBL94454,DB12523,Mizolastine,R06AX25,Дыхательная система,Success,"8,08",CN(C1CCN(CC1)C1=NC2=C(C=CC=C2)N1CC1=CC=C(F)C=C1)C1=NC=CC(=O)N1,"5,63",,,,"3,51",,"0,4434700645",FALSE,1998.0,1.0
CHEMBL20883,DB09256,Tegafur,L01BC03; L01BC53,Противоопухолевые препараты и иммуномодуляторы,Success,"8,08",FC1=CN(C2CCCO2)C(=O)NC1=O,"-4,3",,,,"-0,09",,"1,093190926",TRUE,,
CHEMBL1518,DB00550,Propylthiouracil,H03BA02,Гормональные препараты (системные),Success,"8,09",CCCC1=CC(=O)NC(=S)N1,"-2,9",,,,"1,53","0,4","-1,143024814",FALSE,1947.0,1.0
CHEMBL93077,DB08925,Adrafinil,N06BX17,Нервная система,Success,"8,1",ONC(=O)CS(=O)C(C1=CC=CC=C1)C1=CC=CC=C1,"-5,5",,,,"2,19",,"-0,798803593",FALSE,,
CHEMBL588,DB00800,Fenoldopam,C01CA19,Сердечно-сосудистая система,Success,"8,12",OC1=CC=C(C=C1)C1CNCCC2=C(Cl)C(O)=C(O)C=C12,"10,4",,,,"2,39",2,"-2,175253207",FALSE,1997.0,0.0
CHEMBL1129,DB00432,Trifluridine,S01AD02; L01BC59,Органы чувств,Success,"8,5",OC[C@H]1O[C@H](C[C@@H]1O)N1C=C(C(=O)NC1=O)C(F)(F)F,-3,"7,95",,7.95,"-0,45","-0,46","1,267013161",TRUE,1980.0,1.0
CHEMBL15841,DB13628,Ethyl hydroxybenzoate,D01AE10,Дерматологические препараты,Success,"8,5",CCOC(=O)C1=CC=C(O)C=C1,"-6,1",,,,"2,76",,"-0,05453615627",FALSE,,
CHEMBL42403,DB11326,Boric acid,S02AA03,Органы чувств,Success,"8,7",OB(O)O,"-5,3",,,,"-0,51",,"-0,2180857896",FALSE,,
CHEMBL522038,DB04898,Ximelagatran,B01AE05,Кровь и органы кроветворения,Success,"8,7",CCOC(=O)CN[C@@H](C(=O)N1CC[C@H]1C(=O)NCC1=CC=C(C=C1)C(\N)=N\O)C1CCCCC1,"5,48",,,,"1,35",,"-1,537631121",FALSE,,1.0
CHEMBL1201319,DB00610,Metaraminol,C01CA09,Сердечно-сосудистая система,Success,"9,03",C[C@H](N)[C@H](O)C1=CC(O)=CC=C1,"9,68","8,79",,8.79,"-0,59","-0,27","-1,445434109",FALSE,1954.0,0.0
CHEMBL1684,DB00436,Bendroflumethiazide,C03AA01,Сердечно-сосудистая система,Success,"9,04",NS(=O)(=O)C1=CC2=C(NC(CC3=CC=CC=C3)NS2(=O)=O)C=C1C(F)(F)F,"-3,1","8,5",,8.5,"1,83","1,89","0,1803874108",FALSE,1959.0,1.0
CHEMBL61593,DB00606,Cyclothiazide,C03AA09,Сердечно-сосудистая система,Success,"9,06",NS(=O)(=O)C1=C(Cl)C=C2NC(NS(=O)(=O)C2=C1)C1CC2CC1C=C2,"-2,5",,,,"1,32","1,95","-2,715305271",FALSE,1982.0,1.0
CHEMBL1215,DB00388,Phenylephrine,R01AA04; S01GA55; S01GA05; C05AX06; R01AB01; R01BA53; S01FB01; C01CA06; R01BA03,Дыхательная система,Success,"9,07",CNC[C@H](O)C1=CC(O)=CC=C1,"9,69","8,97",,8.97,"-0,69","-0,31","-1,665105831",FALSE,1952.0,1.0
CHEMBL1763,DB00774,Hydroflumethiazide,C03AA02; C03AH02,Сердечно-сосудистая система,Success,"9,07",NS(=O)(=O)C1=CC2=C(NCNS2(=O)=O)C=C1C(F)(F)F,"-2,7","8,9",,8.9,"0,44","0,36","0,5218053081",TRUE,1959.0,1.0
CHEMBL1373254,DB13532,Cyclopenthiazide,C03AA07,Сердечно-сосудистая система,Success,"9,07",NS(=O)(=O)C1=CC2=C(NC(CC3CCCC3)NS2(=O)=O)C=C1Cl,"-2,6",,,,"1,88",,"-2,234660847",FALSE,,
CHEMBL1800159,DB11853,Relugolix,L02BX04,Противоопухолевые препараты и иммуномодуляторы,Success,"9,07",CONC(=O)NC1=CC=C(C=C1)C1=C(CN(C)C)C2=C(S1)N(CC1=C(F)C=CC=C1F)C(=O)N(C2=O)C1=CC=C(OC)N=N1,"7,69",,,,"3,16",,"1,259687598",TRUE,2019.0,1.0
CHEMBL3349607,DB06663,Pasireotide,H01CB05,Гормональные препараты (системные),Success,"9,08",NCCCC[C@@H]1NC(=O)[C@@H](CC2=CNC3=C2C=CC=C3)NC(=O)[C@@H](NC(=O)[C@@H]2C[C@H](CN2C(=O)[C@H](CC2=CC=CC=C2)NC(=O)[C@H](CC2=CC=C(OCC3=CC=CC=C3)C=C2)NC1=O)OC(=O)NCCN)C1=CC=CC=C1,"10,41",,,,"3,03",,"-1,077438413",FALSE,,
CHEMBL435,DB00999,Hydrochlorothiazide,C03AA03; C03AX01,Сердечно-сосудистая система,Success,"9,09",NS(=O)(=O)C1=C(Cl)C=C2NCNS(=O)(=O)C2=C1,"-2,7","7,9",,7.9,"-0,16","-0,07","-1,619689239",FALSE,1959.0,1.0
CHEMBL3137312,DB09183,Dasabuvir,J05AP09,Противомикробные (системные),Success,"9,09",COC1=C(C=C(C=C1C1=CC2=CC=C(NS(C)(=O)=O)C=C2C=C1)N1C=CC(=O)NC1=O)C(C)(C)C,"-4,8",,,,"4,7",,"0,2617816547",FALSE,2014.0,1.0
CHEMBL682,DB00613,Amodiaquine,P01BA06,Противопаразитарные препараты,Success,"9,1",CCN(CC)CC1=C(O)C=CC(NC2=C3C=CC(Cl)=CC3=NC=C2)=C1,"10,17",,,,"4,83","3,7","0,1378665415",FALSE,1982.0,1.0
CHEMBL1018,DB00890,Dienestrol,G03CC02; G03CB01,Мочеполовая система и половые гормоны,Success,"9,1",[H]\C(C)=C(/C(=C(\[H])C)/C1=CC=C(O)C=C1)\C1=CC=C(O)C=C1,-6,,,,"5,18","5,9","-0,4419314953",FALSE,1947.0,0.0
CHEMBL86882,DB08985,Etilefrine,C01CA51; C01CA01,Сердечно-сосудистая система,Success,"9,1",CCNCC(O)C1=CC=CC(O)=C1,"9,73",,,,"0,01",,"-1,632909479",FALSE,,
CHEMBL500576,DB11630,Temoporfin,L01XD05,Противоопухолевые препараты и иммуномодуляторы,Success,"9,12",OC1=CC=CC(=C1)C-1=C2\CCC(=N2)\C(=C2/N\C(\C=C2)=C(/C2=N/C(/C=C2)=C(\C2=CC=C\-1N2)C1=CC(O)=CC=C1)C1=CC(O)=CC=C1)\C1=CC(O)=CC=C1,"5,6",,,,"9,21",,0,FALSE,,
CHEMBL1364,DB00165,Pyridoxine,A11HA02,ЖКТ и обмен веществ,Success,"9,4",CC1=C(O)C(CO)=C(CO)C=N1,"5,58",,,,"-0,57","-0,77","-1,728297455",FALSE,1982.0,1.0
CHEMBL1437,DB00368,Norepinephrine,C01CA03,Сердечно-сосудистая система,Success,"9,5",NC[C@H](O)C1=CC(O)=C(O)C=C1,"8,85","8,58",,8.58,"-1,4","-1,24","-0,9467354222",FALSE,1950.0,0.0
CHEMBL1200490,DB00050,Cetrorelix,H01CC02,Гормональные препараты (системные),Success,"9,5",CC(C)C[C@H](NC(=O)[C@@H](CCCNC(N)=O)NC(=O)[C@H](CC1=CC=C(O)C=C1)NC(=O)[C@H](CO)NC(=O)[C@@H](CC1=CN=CC=C1)NC(=O)[C@@H](CC1=CC=C(Cl)C=C1)NC(=O)[C@@H](CC1=CC2=CC=CC=C2C=C1)NC(C)=O)C(=O)N[C@@H](CCCNC(N)=N)C(=O)N1CCC[C@H]1C(=O)N[C@H](C)C(N)=O,"11,79",,,,"1,33",,"-0,6800947577",FALSE,,
CHEMBL1429,DB00035,Desmopressin,H01BA02,Гормональные препараты (системные),Success,"9,5",NC(=O)CC[C@@H]1NC(=O)[C@H](CC2=CC=CC=C2)NC(=O)[C@H](CC2=CC=C(O)C=C2)NC(=O)CCSSC[C@H](NC(=O)[C@H](CC(N)=O)NC1=O)C(=O)N1CCC[C@H]1C(=O)N[C@H](CCCNC(N)=N)C(=O)NCC(N)=O,"11,77",,,,-1,,"-1,494110879",FALSE,,
CHEMBL1251,DB06785,Ganirelix,H01CC01,Гормональные препараты (системные),Success,"9,5",CCNC(NCC)=NCCCC[C@@H](NC(=O)[C@H](CC1=CC=C(O)C=C1)NC(=O)[C@H](CO)NC(=O)[C@@H](CC1=CC=CN=C1)NC(=O)[C@@H](CC1=CC=C(Cl)C=C1)NC(=O)[C@@H](CC1=CC2=CC=CC=C2C=C1)NC(C)=O)C(=O)N[C@@H](CC(C)C)C(=O)N[C@@H](CCCCN=C(NCC)NCC)C(=O)N1CCC[C@H]1C(=O)N[C@H](C)C(N)=O,"12,14",,,,"3,42",,"-0,6844419604",FALSE,,
CHEMBL1259059,DB08934,Sofosbuvir,J05AP08,Противомикробные (системные),Success,"9,7",CC(C)OC(=O)[C@H](C)N[P@](=O)(OC[C@H]1O[C@@H](N2C=CC(=O)NC2=O)[C@](C)(F)[C@@H]1O)OC1=CC=CC=C1,"-3,9","9,3",,9.3,"1,63","1,62","-0,853707397",FALSE,2013.0,1.0
CHEMBL442,DB00696,Ergotamine,N02CA02; N02CA52; N02CA72,Нервная система,Success,"9,7",[H][C@@]12CCCN1C(=O)[C@H](CC1=CC=CC=C1)N1C(=O)[C@](C)(NC(=O)[C@H]3CN(C)[C@]4([H])CC5=CNC6=CC=CC(=C56)C4=C3)O[C@@]21O,"7,78",,,,"2,95",2,"-2,742007846",FALSE,1948.0,1.0
CHEMBL2107381,DB09144,Uridine triacetate,A16AX13,ЖКТ и обмен веществ,Success,"9,7",CC(=O)OC[C@H]1O[C@H]([C@H](OC(C)=O)[C@@H]1OC(C)=O)N1C=CC(=O)NC1=O,"-4,3",,,,"0,01",,"-0,2302080564",FALSE,2015.0,1.0
CHEMBL1186579,DB06800,Methylnaltrexone,A06AH01,ЖКТ и обмен веществ,Success,"9,9",C[N@+]1(CC2CC2)CC[C@]23[C@H]4OC5=C(O)C=CC(C[C@@H]1[C@]2(O)CCC4=O)=C35,"-3,9",,,,"0,59","2,2","-3,355437044",FALSE,2008.0,1.0
CHEMBL4279047,DB17097,Vorasidenib,L01XM04,Противоопухолевые препараты и иммуномодуляторы,Success,"9,9",C[C@@H](NC1=NC(=NC(N[C@H](C)C(F)(F)F)=N1)C1=CC=CC(Cl)=N1)C(F)(F)F,"5,04",,,,"5,15",,"0,5370717483",TRUE,,
CHEMBL1161681,DB09112,Nitrous acid,V03AB08,Прочие препараты,Success,NAN,ON=O,"-3,5",,,,"0,17","-3,7","-1,186388714",FALSE,,
CHEMBL550,DB01085,Pilocarpine,S01EB51; N07AX01; S01EB01,Органы чувств,Success,"18,31",CC[C@H]1[C@@H](CC2=CN=CN2C)COC1=O,"6,37",,,,"1,15","-3,03","-2,915761741",FALSE,1974.0,1.0
CHEMBL1431,DB00331,Metformin,A10BA02,ЖКТ и обмен веществ,Success,"17,79",CN(C)C(=N)NC(N)=N,"12,33","12,4",,12.4,"-1,8","-2,6","-1,305481504",FALSE,1995.0,1.0
CHEMBL1201341,DB01057,Echothiophate,S01EB03,Органы чувств,Success,"33,4",CCOP(=O)(OCC)SCC[N+](C)(C)C,"-8,2",,,,"-2,2","-2,25","-1,376072421",FALSE,,
CHEMBL1412,DB00592,Piperazine,P02CB01,Противопаразитарные препараты,Success,"34,3",C1CNCCN1,"9,56","9,73",,9.73,"-1,2","-1,5","-0,4123912009",FALSE,,0.0
CHEMBL504,DB01093,Dimethyl sulfoxide,G04BX13; M02AX03,Мочеполовая система и половые гормоны,Success,"31,05",CS(C)=O,-8,,,,"-1,1","-1,35","-0,2814683472",FALSE,,
CHEMBL1220,DB00911,Tinidazole,J01XD02; P01AB02; G01AF21,Противомикробные (системные),Success,"23,96",CCS(=O)(=O)CCN1C(C)=NC=C1[N+]([O-])=O,"3,28",,,,"-0,41","-0,35","-1,1683009",FALSE,2004.0,1.0
CHEMBL290960,DB11820,Nifurtimox,P01CC01,Противопаразитарные препараты,Success,"24,95",CC1CS(=O)(=O)CCN1\N=C\C1=CC=C(O1)[N+]([O-])=O,"0,34","-1,01",,-1.01±0.40,"0,25","-0,27","-1,331960758",FALSE,2020.0,1.0
CHEMBL113,DB00201,Caffeine,N06BC01; D11AX26,Нервная система,Success,"33,36",CN1C=NC2=C1C(=O)N(C)C(=O)N2C,"-1,2",14,,14,"-0,24","-0,07","-1,615281557",FALSE,,
CHEMBL1200689,DB00435,Nitric Oxide,R07AX01,Дыхательная система,Success,NAN,[N]=O,"-2,9",,,,"-0,35",0,"-1,422608584",FALSE,,
CHEMBL790,DB00878,Chlorhexidine,D08AC02; R02AA05; D08AC52; S02AA09; S03AA04; A01AB03; D09AA12; S01AX09; B05CA02,Дерматологические препараты,Success,"19,99",ClC1=CC=C(NC(=N)NC(=N)NCCCCCCNC(=N)NC(=N)NC2=CC=C(Cl)C=C2)C=C1,"10,52","10,8",,10.8 (at 25 °C),"2,71","0,08","-0,2072133012",FALSE,1976.0,0.0
CHEMBL24441,DB06698,Betahistine,N07CA01,Нервная система,Success,"33,76",CNCCC1=CC=CC=N1,"9,77","3,5","9,7","3.5, 9.7","0,59","0,1","-0,7532470592",FALSE,,
CHEMBL684,DB00711,Diethylcarbamazine,P02CB02,Противопаразитарные препараты,Success,"7,5",CCN(CC)C(=O)N1CCN(C)CC1,"6,9",,,,"0,9","0,1","-1,179083277",FALSE,1950.0,1.0
CHEMBL1790041,DB00863,Ranitidine,A02BA07; A02BA02,ЖКТ и обмен веществ,Success,"24,23",CNC(NCCSCC1=CC=C(CN(C)C)O1)=C[N+]([O-])=O,"7,8","8,2","2,7",8.2 and 2.7,"0,79","0,2","-1,90906507",FALSE,1983.0,1.0
CHEMBL277474,DB01435,Antipyrine,N02BB51; N02BB01; N02BB71; S02DA03,Нервная система,Success,"26,23",CN1N(C(=O)C=C1C)C1=CC=CC=C1,"0,49","1,4",,1.4,"1,18","0,38","-0,6251642976",FALSE,,
CHEMBL1585,DB00236,Pipobroman,L01AX02,Противоопухолевые препараты и иммуномодуляторы,Success,"23,86",BrCCC(=O)N1CCN(CC1)C(=O)CCBr,"-1,3",,,,"1,09","0,42","-0,7493697531",FALSE,,
CHEMBL1201260,DB00217,Bethanidine,C02CC01,Сердечно-сосудистая система,Success,"21,16",CN\C(NCC1=CC=CC=C1)=N/C,"12,41",,,,"1,41","0,49","-1,454326106",FALSE,1982.0,1.0
CHEMBL671,DB04572,Thiotepa,L01AC01,Противоопухолевые препараты и иммуномодуляторы,Success,"33,23",S=P(N1CC1)(N1CC1)N1CC1,"-0,3",,,,"0,17","0,53","-1,323731077",FALSE,,
CHEMBL1201798,DB00658,Sevelamer,V03AE02,Прочие препараты,No Drug Record,"22,41",NCC=C.ClCC1CO1,"-4,2",,,,"0,35","0,56","-0,453001603",FALSE,,
CHEMBL641,DB00289,Atomoxetine,N06BA09,Нервная система,Success,NAN,CNCC[C@@H](OC1=CC=CC=C1C)C1=CC=CC=C1,"9,8","10,13",,10.13,"3,95","0,68","-0,5641041771",FALSE,2002.0,1.0
CHEMBL1410743,DB09117,Paraldehyde,N05CC05,Нервная система,Success,"31,53",CC1OC(C)OC(C)O1,-4,,,,"0,33","0,73","-1,306288859",FALSE,,
CHEMBL3989944,DB14783,Diroximel fumarate,L04AX09,Противоопухолевые препараты и иммуномодуляторы,Success,"20,6",COC(=O)\C=C\C(=O)OCCN1C(=O)CCC1=O,"-6,3",,,,"-0,08","0,74","-0,3495051238",FALSE,,
CHEMBL169901,DB04840,Debrisoquine,C02CC04,Сердечно-сосудистая система,Success,"19,57",NC(=N)N1CCC2=CC=CC=C2C1,"12,47",,,,"0,58","0,75","-2,141470812",FALSE,,
CHEMBL765,DB01170,Guanethidine,S01EX01; C02CC02,Органы чувств,Success,"19,7",NC(N)=NCCN1CCCCCCC1,"11,77",,,,"0,89","0,8","-1,862262454",FALSE,1960.0,1.0
CHEMBL91397,DB11614,Rupatadine,R06AX28,Дыхательная система,Success,SMILES_WRONG,CC1=CC(CN2CCC(CC2)=C2C3=CC=C(Cl)C=C3CCC3=C2N=CC=C3)=CN=C1,"7,19",,,,"4,82","0,8","-0,6008517585",FALSE,,
CHEMBL1396,DB01273,Varenicline,S01XA28; N07BA03,Органы чувств,No Drug Record,"33,76",C1C2CNCC1C1=C2C=C2N=CC=NC2=C1,"9,73",,,,"1,39","0,9","-0,9476075401",FALSE,,
CHEMBL1521,DB00962,Zaleplon,N05CF03,Нервная система,Success,"21,03",CCN(C(C)=O)C1=CC=CC(=C1)C1=CC=NC2=C(C=NN12)C#N,"0,28",,,,2,"0,9","-0,4143428338",FALSE,1999.0,1.0
CHEMBL427,DB00888,Mechlorethamine,L01AA05,Противоопухолевые препараты и иммуномодуляторы,Success,"23,92",CN(CCCl)CCCl,"6,08","6,43",,6.43 (at 25°C),"1,31","0,91","-0,5258019005",FALSE,1949.0,0.0
CHEMBL1043,DB00250,Dapsone,J04BA02; D10AX05,Противомикробные (системные),Success,"21,68",NC1=CC=C(C=C1)S(=O)(=O)C1=CC=C(N)C=C1,"2,39","2,41",,2.41,"1,19","0,97","0,4212059689",FALSE,1979.0,1.0
CHEMBL288470,DB01424,Aminophenazone,N02BB73; N02BB53; N02BB03,Нервная система,Success,"32,05",CN(C)C1=C(C)N(C)N(C1=O)C1=CC=CC=C1,"3,66",5,,5,"0,94",1,"-0,612381268",FALSE,,0.0
CHEMBL407,DB01205,Flumazenil,V03AB25,Прочие препараты,Success,"25,76",CCOC(=O)C1=C2CN(C)C(=O)C3=C(C=CC(F)=C3)N2C=N1,"2,87",,,,"1,54",1,"1,028846309",TRUE,1991.0,0.0
CHEMBL3,DB00184,Nicotine,N07BA01,Нервная система,Success,NAN,CN1CCC[C@H]1C1=CN=CC=C1,"8,58","8,5",,8.5,"0,87","1,17","-2,147517265",FALSE,1984.0,1.0
CHEMBL1025,DB00677,Isoflurophate,S01EB07,Органы чувств,Success,NAN,CC(C)OP(F)(=O)OC(C)C,"-9,6",,,,"1,1","1,17","0,4848012947",FALSE,,
CHEMBL6622,DB00883,Isosorbide dinitrate,C05AE02; C01DA58; C01DA08,Сердечно-сосудистая система,Success,"23,96",[H][C@]12OC[C@H](O[N+]([O-])=O)[C@@]1([H])OC[C@H]2O[N+]([O-])=O,"-4,2",,,,"0,87","1,31","-1,766082823",FALSE,,
CHEMBL1508,DB01175,Escitalopram,N06AB10,Нервная система,Success,NAN,CN(C)CCC[C@]1(OCC2=C1C=CC(=C2)C#N)C1=CC=C(F)C=C1,"9,78","9,5",,9.5,"3,58","1,34","1,012919277",TRUE,2002.0,1.0
CHEMBL459324,DB01452,Diamorphine,N07BC06,Нервная система,Success,"24,69",[H][C@@]12C=C[C@H](OC(C)=O)[C@@H]3OC4=C(OC(C)=O)C=CC5=C4[C@]13CCN(C)[C@@H]2C5,"9,1","7,95",,7.95 (at 25 °C),"2,3","1,58","-2,857084248",FALSE,,
CHEMBL1399,DB01217,Anastrozole,L02BG03,Противоопухолевые препараты и иммуномодуляторы,Success,"30,03",CC(C)(C#N)C1=CC(=CC(CN2C=NC=N2)=C1)C(C)(C)C#N,2,"1,4",,1.4,"2,31","1,58","-0,3603798356",FALSE,1995.0,1.0
CHEMBL313833,DB00752,Tranylcypromine,N06AF04,Нервная система,No Drug Record,NAN,NC1CC1C1=CC=CC=C1,"9,62",,,,"1,5","1,58","-0,8251229617",FALSE,,
CHEMBL134,DB00575,Clonidine,N02CX02; S01EA04; C02AC01,Нервная система,Success,"15,77",ClC1=CC=CC(Cl)=C1NC1=NCCN1,"8,16","8,05",,8.05 (at 25 °C),"2,55","1,59","-1,101523739",FALSE,1974.0,1.0
CHEMBL730,DB00727,Nitroglycerin,C01DA02; C05AE01; C01DA52,Сердечно-сосудистая система,Success,"22,77",[O-][N+](=O)OCC(CO[N+]([O-])=O)O[N+]([O-])=O,"-5,6","-5,6",,-5.6,"1,25","1,62","-1,200356952",FALSE,,
CHEMBL1079,DB00697,Tizanidine,M03BX02,Костно-мышечная система,Success,"15,77",ClC1=C(NC2=NCCN2)C2=NSN=C2C=C1,"7,49","7,48",,7.48,"1,6","1,72","-0,6555653758",FALSE,1996.0,1.0
CHEMBL405,DB00182,Amphetamine,N06BA01,Нервная система,Success,NAN,CC(N)CC1=CC=CC=C1,"10,01","9,9",,9.9,"1,85","1,76","-1,158863079",FALSE,1955.0,1.0
CHEMBL601719,DB08865,Crizotinib,L01ED01,Противоопухолевые препараты и иммуномодуляторы,Success,"20,04",C[C@@H](OC1=CC(=CN=C1N)C1=CN(N=C1)C1CCNCC1)C1=C(Cl)C=CC(F)=C1Cl,"10,12","9,4","5,6",9.4 and 5.6,"3,82","1,83","0,2756790873",FALSE,2011.0,1.0
CHEMBL1454,DB00848,Levamisole,P02CE01,Противопаразитарные препараты,Success,"31,67",C1CN2C[C@@H](N=C2S1)C1=CC=CC=C1,"6,98",,,,"2,2","1,84","-1,037962982",FALSE,1990.0,1.0
CHEMBL278172,DB01086,Benzocaine,D04AB04; C05AD03; R02AD01; N01BA05,Дерматологические препараты,Success,"22,29",CCOC(=O)C1=CC=C(N)C=C1,"2,78","2,51",,2.51 (at 25 °C),"2,2","1,86","0,3284893761",FALSE,,
CHEMBL569,DB00721,Procaine,N01BA52; N01BA02; S01HA05; C05AD05,Нервная система,Success,"22,29",CCN(CC)CCOC(=O)C1=CC=C(N)C=C1,"8,96","8,05",,8.05 (at 15 °C),"2,1","2,14","0,2834172402",FALSE,1954.0,0.0
CHEMBL558,DB00379,Mexiletine,C01BB02,Сердечно-сосудистая система,Success,"32,84",CC(N)COC1=C(C)C=CC=C1C,"9,52","9,2",,9.2,"2,17","2,15","-0,658989784",FALSE,1985.0,1.0
CHEMBL634,DB00802,Alfentanil,N01AH02,Нервная система,Success,"22,72",CCN1N=NN(CCN2CCC(COC)(CC2)N(C(=O)CC)C2=CC=CC=C2)C1=O,"7,5",,,,"2,2","2,16","-1,435650962",FALSE,1986.0,0.0
CHEMBL1341,DB01028,Methoxyflurane,N02BG09,Нервная система,Success,"19,1",COC(F)(F)C(Cl)Cl,"-4,5",,,,"2,01","2,21","2,886263771",TRUE,,
CHEMBL4297503,DB13997,Baloxavir marboxil,J05AX25,Противомикробные (системные),Success,NAN,[H][C@@]12COCCN1C(=O)C1=C(OCOC(=O)OC)C(=O)C=CN1N2[C@H]1C2=CC=C(F)C(F)=C2CSC2=CC=CC=C12,"-0,6",,,,"2,12","2,26","0,4571146209",FALSE,,
CHEMBL1200468,DB00772,Malathion,P03AX03,Противопаразитарные препараты,Success,"19,13",CCOC(=O)CC(SP(=S)(OC)OC)C(=O)OCC,"-6,8",,,,"2,67","2,36","-1,427870262",FALSE,,
CHEMBL504760,DB01744,Camphor,C01EB02,Сердечно-сосудистая система,No Drug Record,"20,69",[H][C@@]12CC[C@@](C)(C(=O)C1)C2(C)C,"-7,5",,,,"2,85","2,38","-3,106648079",FALSE,,
CHEMBL660,DB00915,Amantadine,N04BB01,Нервная система,Success,NAN,NC12CC3CC(CC(C3)C1)C2,"10,71",,,,"2,53","2,44","-1,353085412",FALSE,1968.0,1.0
CHEMBL1374379,DB00868,Benzonatate,R05DB01,Дыхательная система,Success,"21,24",CCCCNC1=CC=C(C=C1)C(=O)OCCOCCOCCOCCOCCOCCOCCOCCOCCOC,"3,47",,,,"2,09","2,45","0,1100593056",FALSE,1958.0,1.0
CHEMBL490,DB00715,Paroxetine,N06AB05,Нервная система,Success,"34,19",FC1=CC=C(C=C1)[C@@H]1CCNC[C@H]1COC1=CC2=C(OCO2)C=C1,"9,77","9,9",,9.90,"3,1","2,53","-0,1335347651",FALSE,1992.0,1.0
CHEMBL1377,DB01131,Proguanil,P01BB51; P01BB01,Противопаразитарные препараты,Success,"17,79",CC(C)NC(=N)NC(=N)NC1=CC=C(Cl)C=C1,"10,4",,,,"2,29","2,53","-0,7281193203",FALSE,2000.0,1.0
CHEMBL49,DB00490,Buspirone,N05BE01,Нервная система,Success,"22,33",O=C1CC2(CCCC2)CC(=O)N1CCCCN1CCN(CC1)C1=NC=CC=N1,"7,62",,,,"1,95","2,63","-0,9608086873",FALSE,1986.0,1.0
CHEMBL770,DB00797,Tolazoline,C04AB02; M02AX02,Сердечно-сосудистая система,Success,"21,27",C(C1=NCCN1)C1=CC=CC=C1,"10,25","10,3",,10.3,"2,05","2,65","0,4175310185",FALSE,1985.0,0.0
CHEMBL621,DB00656,Trazodone,N06AX05,Нервная система,Success,"34,53",ClC1=CC=CC(=C1)N1CCN(CCCN2N=C3C=CC=CN3C2=O)CC1,"7,09","6,74",,6.74,"2,68","2,68","-0,1679326752",FALSE,1981.0,1.0
CHEMBL95,DB00382,Tacrine,N06DA01,Нервная система,Success,"30,44",NC1=C2CCCCC2=NC2=CC=CC=C12,"8,95","9,95",,9.95 (at 20 °C),"3,13","2,71","0,267354412",FALSE,1993.0,1.0
CHEMBL607,DB00454,Meperidine,N02AB72; N02AB02; N02AB52,Нервная система,Success,NAN,CCOC(=O)C1(CCN(C)CC1)C1=CC=CC=C1,"8,16","8,59",,8.59,"2,9","2,72","-1,607806282",FALSE,1942.0,1.0
CHEMBL1455,DB00488,Altretamine,L01XX03,Противоопухолевые препараты и иммуномодуляторы,Success,NAN,CN(C)C1=NC(=NC(=N1)N(C)C)N(C)C,"8,75",,,,"2,43","2,73","0,3657112518",FALSE,1990.0,1.0
CHEMBL655,DB00683,Midazolam,N05CD08,Нервная система,Success,"21,76",CC1=NC=C2CN=C(C3=CC=CC=C3F)C3=C(C=CC(Cl)=C3)N12,"6,19",,,,"3,89","2,73","1,398197281",TRUE,1985.0,1.0
CHEMBL1231862,DB03852,Eucalyptol,R05CA13,Дыхательная система,No Drug Record,NAN,C[C@@]12CC[C@@H](CC1)C(C)(C)O2,"-4,2",,,,"3,36","2,74","-3,033585078",FALSE,,
CHEMBL227875,DB05154,Pretomanid,J04AK08,Противомикробные (системные),Success,"28,43",[O-][N+](=O)C1=CN2C[C@@H](COC2=N1)OCC1=CC=C(OC(F)(F)F)C=C1,"-1,6",7,,7.0,"2,8","2,75","0,7655211058",TRUE,,
CHEMBL12,DB00829,Diazepam,N05BA01,Нервная система,Success,"28,08",CN1C2=C(C=C(Cl)C=C2)C(=NCC1=O)C1=CC=CC=C1,"2,92","3,4",,3.4,"2,63","2,82","-0,7083210231",FALSE,1963.0,1.0
CHEMBL1179047,DB01161,Chloroprocaine,N01BA04; S01HA08,Нервная система,Success,"21,45",CCN(CC)CCOC(=O)C1=C(Cl)C=C(N)C=C1,"8,96","9,1",,9.1,"2,72","2,86","0,3916898134",FALSE,1955.0,0.0
CHEMBL1411979,DB04819,Methapyrilene,R06AC05,Дыхательная система,Success,NAN,CN(C)CCN(CC1=CC=CS1)C1=NC=CC=C1,"8,76","8,85",,8.85 (at 20 °C),"2,71","2,87","-0,1569595302",FALSE,,0.0
CHEMBL648,DB01176,Cyclizine,R06AE03; R06AE53,Дыхательная система,Success,NAN,CN1CCN(CC1)C(C1=CC=CC=C1)C1=CC=CC=C1,"8,2",,,,"3,55",3,"-0,2579218156",FALSE,1982.0,0.0
CHEMBL19224,DB01113,Papaverine,G04BE02; G04BE52; A03AD01,Мочеполовая система и половые гормоны,Success,"29,22",COC1=C(OC)C=C(CC2=NC=CC3=CC(OC)=C(OC)C=C23)C=C1,"6,03",,,,"4,19",3,"0,09045758474",FALSE,,
CHEMBL159226,DB09205,Moxisylyte,C04AX10; G04BE06,Сердечно-сосудистая система,Success,"24,99",CC(C)C1=C(OCCN(C)C)C=C(C)C(OC(C)=O)=C1,"8,79","8,71",,8.71,"3,22","3,17","-0,3962851568",FALSE,,1.0
CHEMBL1697737,DB01559,Clotiazepam,N05BA21,Нервная система,Success,"28,05",CCC1=CC2=C(S1)N(C)C(=O)CN=C2C1=CC=CC=C1Cl,"2,39",,,,"3,58","3,18","-0,5891819972",FALSE,,
CHEMBL459265,DB00406,Gentian violet cation,G01AX09; D01AE02,Мочеполовая система и половые гормоны,No ATC,"25,88",CN(C)C1=CC=C(C=C1)C(C1=CC=C(C=C1)N(C)C)=C1C=CC(C=C1)=[N+](C)C,"4,83",,,,"0,87","3,18","0,564092137",TRUE,1982.0,0.0
CHEMBL2443262,DB14881,Oliceridine,N02AX07,Нервная система,Success,"33,29",COC1=C(CNCC[C@]2(CCOC3(CCCC3)C2)C2=NC=CC=C2)SC=C1,"9,12",,,,"3,88","3,19","-1,610152852",FALSE,2020.0,0.0
CHEMBL1201747,DB06766,Alcaftadine,S01GX11,Органы чувств,Success,SMILES_WRONG,CN1CCC(CC1)=C1C2=NC=C(C=O)N2CCC2=CC=CC=C12,"7,76",,,,"2,09","3,2","-0,5170193191",FALSE,2010.0,0.0
CHEMBL511,DB06691,Mepyramine,D04AA02; R06AC01,Дерматологические препараты,Success,"34,94",COC1=CC=C(CN(CCN(C)C)C2=NC=CC=C2)C=C1,"8,76","8,85",,8.85 (at 20 °C),"2,89","3,27","0,08200467148",FALSE,1973.0,1.0
CHEMBL657,DB01075,Diphenhydramine,R06AA52; D04AA32; R06AA02,Дыхательная система,Success,NAN,CN(C)CCOC(C1=CC=CC=C1)C1=CC=CC=C1,"8,87","8,98",,8.98,"3,44","3,27","-0,3221382063",FALSE,1946.0,1.0
CHEMBL807,DB01043,Memantine,N06DX01,Нервная система,Success,NAN,CC12CC3CC(C)(C1)CC(N)(C3)C2,"10,7","10,27",,10.27,"3,31","3,28","-2,597408635",FALSE,2002.0,1.0
CHEMBL505,DB01114,Chlorpheniramine,R06AB04; R06AB54,Дыхательная система,Success,NAN,CN(C)CCC(C1=CC=C(Cl)C=C1)C1=CC=CC=N1,"9,47","9,13",,9.13 (at 25 °C),"3,74","3,38","-0,7037110874",FALSE,1950.0,1.0
CHEMBL1201329,DB01116,Trimethaphan,C02BA01,Сердечно-сосудистая система,Success,"24,46",O=C1N(CC2=CC=CC=C2)C2C[S+]3CCCC3C2N1CC1=CC=CC=C1,-2,,,,"4,4","3,47","-1,587447029",FALSE,,
CHEMBL1106,DB00751,Epinastine,R06AX24; S01GX10,Дыхательная система,Success,"15,95",NC1=NCC2N1C1=CC=CC=C1CC1=CC=CC=C21,"8,77",,,,"2,53","3,51","-1,260172766",FALSE,2003.0,0.0
CHEMBL566534,DB06697,Artemether,P01BE02,Противопаразитарные препараты,Success,"26,37",[H][C@@]12CC[C@@H](C)[C@]3([H])CC[C@@]4(C)OO[C@@]13[C@]([H])(O[C@H](OC)[C@@H]2C)O4,"-3,9",,,,"3,02","3,53","-3,033728961",FALSE,,
CHEMBL946,DB00719,Azatadine,R06AX09,Дыхательная система,Success,SMILES_WRONG,CN1CCC(CC1)=C1C2=CC=CC=C2CCC2=C1N=CC=C2,"7,91",,,,"3,67","3,59","-0,3015544001",FALSE,1977.0,1.0
CHEMBL969,DB01588,Prazepam,N05BA11,Нервная система,Success,"28,07",ClC1=CC2=C(C=C1)N(CC1CC1)C(=O)CN=C2C1=CC=CC=C1,"3,06",,,,"3,68","3,73","-1,2016161",FALSE,1982.0,1.0
CHEMBL549,DB00215,Citalopram,N06AB04,Нервная система,Success,NAN,CN(C)CCCC1(OCC2=C1C=CC(=C2)C#N)C1=CC=C(F)C=C1,"9,78","9,78",,9.78,"3,58","3,76","1,012919277",TRUE,1998.0,1.0
CHEMBL900,DB01173,Orphenadrine,M03BC51; N04AB02; M03BC01,Костно-мышечная система,Success,NAN,CN(C)CCOC(C1=CC=CC=C1)C1=CC=CC=C1C,"8,87","8,91",,8.91,"3,5","3,77","-0,2792177237",FALSE,1957.0,1.0
CHEMBL761,DB06711,Naphazoline,S01GA01; R01AA08; S01GA51; R01AB02,Органы чувств,Success,"21,29",C(C1=NCCN1)C1=CC=CC2=CC=CC=C12,"10,19",,,,"3,44","3,88","0,1957116227",FALSE,1971.0,0.0
CHEMBL855,DB00427,Triprolidine,R06AX07,Дыхательная система,Success,NAN,CC1=CC=C(C=C1)C(=C/CN1CCCC1)\C1=CC=CC=N1,"8,64",,,,"4,14","3,92","-0,482674226",FALSE,1982.0,1.0
CHEMBL658,DB00708,Sufentanil,N01AH03,Нервная система,Success,"22,72",CCC(=O)N(C1=CC=CC=C1)C1(COC)CCN(CCC2=CC=CS2)CC1,"8,86",,,,"3,4","3,95","-1,350712523",FALSE,1984.0,0.0
CHEMBL1239,DB00676,Benzyl benzoate,P03AX01,Противопаразитарные препараты,Success,NAN,O=C(OCC1=CC=CC=C1)C1=CC=CC=C1,"-6,9",,,,"3,43","3,97","0,1181461057",FALSE,,
CHEMBL1201245,DB01237,Bromodiphenhydramine,R06AA01,Дыхательная система,Success,NAN,CN(C)CCOC(C1=CC=CC=C1)C1=CC=C(Br)C=C1,"8,87",,,,"4,16",4,"-0,2151993657",FALSE,1954.0,1.0
CHEMBL1175,DB00476,Duloxetine,N06AX21,Нервная система,Success,NAN,CNCC[C@H](OC1=CC=CC2=CC=CC=C12)C1=CC=CS1,"9,7",,,,"4,72",4,"-0,6790403885",FALSE,2004.0,1.0
CHEMBL55,DB00738,Pentamidine,P01CX01,Противопаразитарные препараты,Success,"21,36",NC(=N)C1=CC=C(OCCCCCOC2=CC=C(C=C2)C(N)=N)C=C1,"12,13",,,,"1,32",4,"0,1122303559",FALSE,1984.0,0.0
CHEMBL1213351,DB00647,Dextropropoxyphene,N02AC04,Нервная система,Success,"25,52",CCC(=O)O[C@@](CC1=CC=CC=C1)([C@H](C)CN(C)C)C1=CC=CC=C1,"9,52",,,,"4,06","4,18","-1,051631871",FALSE,1957.0,1.0
CHEMBL285802,DB09225,Zotepine,N05AX11,Нервная система,Success,"33,07",CN(C)CCOC1=CC2=CC=CC=C2SC2=CC=C(Cl)C=C12,"8,92",,,,"4,74","4,25","0,6333093273",TRUE,,
CHEMBL1201203,DB00245,Benzatropine,N04AC01,Нервная система,Success,NAN,[H][C@]12CC[C@]([H])(C[C@@]([H])(C1)OC(C1=CC=CC=C1)C1=CC=CC=C1)N2C,"9,54",10,,10,"4,47","4,27","-1,355275604",FALSE,1954.0,1.0
CHEMBL1628227,DB01142,Doxepin,N06AA12; D04AX01,Нервная система,Success,"34,06",[H]C(CCN(C)C)=C1C2=CC=CC=C2COC2=CC=CC=C12,"9,76","8,96",,8.96,"4,08","4,29","0,00805981529",FALSE,1969.0,1.0
CHEMBL157101,DB01026,Ketoconazole,D01AC08; J02AB02; G01AF11; H02CA03,Дерматологические препараты,Success,"25,58",CC(=O)N1CCN(CC1)C1=CC=C(OCC2COC(CN3C=CN=C3)(O2)C2=CC=C(Cl)C=C2Cl)C=C1,"6,42",,,,"4,3","4,35","-0,8335191753",FALSE,1981.0,1.0
CHEMBL564,DB00420,Promazine,N05AA03,Нервная система,Success,"34,6",CN(C)CCCN1C2=CC=CC=C2SC2=CC=CC=C12,"9,2","9,36",,9.36,"4,63","4,55","0,9145789285",TRUE,1956.0,1.0
CHEMBL76,DB00608,Chloroquine,P01BA01,Противопаразитарные препараты,Success,"27,81",CCN(CC)CCCC(C)NC1=CC=NC2=CC(Cl)=CC=C12,"10,32","10,1",,10.1,"5,28","4,63","-0,05594826123",FALSE,1949.0,1.0
CHEMBL1764,DB01403,Methotrimeprazine,N05AA02,Нервная система,Success,"34,01",COC1=CC2=C(SC3=C(C=CC=C3)N2C[C@H](C)CN(C)C)C=C1,"9,42","9,19",,9.19,"4,84","4,68","0,4135517992",FALSE,1982.0,0.0
CHEMBL516,DB00434,Cyproheptadine,R06AX02,Дыхательная система,Success,"34,29",CN1CCC(CC1)=C1C2=CC=CC=C2C=CC2=CC=CC=C12,"8,05",,,,"5,02","4,69","0,02227988253",FALSE,1961.0,1.0
CHEMBL829,DB01246,Alimemazine,R06AD01,Дыхательная система,Success,"34,07",CC(CN(C)C)CN1C2=CC=CC=C2SC2=CC=CC=C12,"9,42","09,05",,09.05,"4,82","4,71","0,3780127176",FALSE,1982.0,1.0
CHEMBL277535,DB04794,Bifonazole,D01AC10; D01AC60,Дерматологические препараты,Success,"27,48",C1=CN(C=N1)C(C1=CC=CC=C1)C1=CC=C(C=C1)C1=CC=CC=C1,"6,36",,,,"4,92","4,77","-0,3560969392",FALSE,,
CHEMBL643,DB01069,Promethazine,D04AA10; R06AD52; R06AD02,Дерматологические препараты,Success,"31,89",CC(CN1C2=CC=CC=C2SC2=CC=CC=C12)N(C)C,"9,05","9,1",,9.1,"4,52","4,81","0,05850081504",FALSE,1951.0,1.0
CHEMBL728,DB00433,Prochlorperazine,N05AB04,Нервная система,Success,"34,6",CN1CCN(CCCN2C3=CC=CC=C3SC3=C2C=C(Cl)C=C3)CC1,"7,99","8,1",,8.1,"4,67","4,88","0,6146049017",TRUE,1956.0,1.0
CHEMBL629,DB00321,Amitriptyline,N06AA09,Нервная система,Success,"34,37",CN(C)CCC=C1C2=CC=CC=C2CCC2=CC=CC=C12,"9,76","9,4",,9.4,"5,1","4,92","0,3559395055",FALSE,1961.0,1.0
CHEMBL1200624,DB00823,Ethynodiol diacetate,G03DC06,Мочеполовая система и половые гормоны,Success,"24,14",[H][C@@]12CC[C@@](OC(C)=O)(C#C)[C@@]1(C)CC[C@]1([H])[C@@]3([H])CC[C@H](OC(C)=O)C=C3CC[C@@]21[H],"-6,7",,,,"3,99",5,"-2,709908013",FALSE,,
CHEMBL908,DB01239,Chlorprothixene,N05AF03,Нервная система,Success,"34,24",CN(C)CC\C=C1\C2=CC=CC=C2SC2=CC=C(Cl)C=C12,"9,76",,,,"5,42","5,18","0,949469085",TRUE,1967.0,1.0
CHEMBL415,DB01242,Clomipramine,N06AA04,Нервная система,Success,"34,6",CN(C)CCCN1C2=CC=CC=C2CCC2=C1C=C(Cl)C=C2,"9,2",,,,"5,04","5,19","0,4826249911",FALSE,1989.0,1.0
CHEMBL1200959,DB00902,Methdilazine,R06AD04,Дыхательная система,Success,"33,87",CN1CCC(CN2C3=CC=CC=C3SC3=CC=CC=C23)C1,"8,81",,,,"4,56","5,23","-0,8567884955",FALSE,1982.0,1.0
CHEMBL17860,DB04948,Lofexidine,N07BC04,Нервная система,Success,"20,86",CC(OC1=C(Cl)C=CC=C1Cl)C1=NCCN1,"9,27","9,43",,9.43,"3,31","5,37","-1,415583357",FALSE,2018.0,1.0
CHEMBL71,DB00477,Chlorpromazine,N05AA01,Нервная система,Success,"34,6",CN(C)CCCN1C2=CC=CC=C2SC2=C1C=C(Cl)C=C2,"9,2","9,3",,9.3 (at 25 °C),"5,18","5,41","1,040649695",TRUE,1957.0,1.0
CHEMBL1378,DB00372,Thiethylperazine,R06AD03,Дыхательная система,Success,"34,6",CCSC1=CC2=C(SC3=CC=CC=C3N2CCCN2CCN(C)CC2)C=C1,8,,,,"5,12","5,41","0,7692127397",TRUE,1961.0,1.0
CHEMBL809,DB01104,Sertraline,N06AB06,Нервная система,Success,"34,83",CN[C@H]1CC[C@@H](C2=CC(Cl)=C(Cl)C=C2)C2=CC=CC=C12,"9,56","9,16",,9.16,"5,06","5,51","-1,867981457",FALSE,1991.0,1.0
CHEMBL570,DB00508,Triflupromazine,N05AA05,Нервная система,Success,"34,6",CN(C)CCCN1C2=CC=CC=C2SC2=C1C=C(C=C2)C(F)(F)F,"9,2",,,,"4,95","5,54","2,508644939",TRUE,1957.0,1.0
CHEMBL22587,DB01167,Itraconazole,J02AC02,Противомикробные (системные),No Drug Record,NAN,CCC(C)N1N=CN(C1=O)C1=CC=C(C=C1)N1CCN(CC1)C1=CC=C(OC[C@H]2CO[C@@](CN3C=NC=N3)(O2)C2=C(Cl)C=C(Cl)C=C2)C=C1,"3,91","3,7",,3.7,"5,48","5,66","-0,7836310748",FALSE,,
CHEMBL43064,DB00568,Cinnarizine,N07CA02; N07CA52,Нервная система,Success,NAN,C(\C=C\C1=CC=CC=C1)N1CCN(CC1)C(C1=CC=CC=C1)C1=CC=CC=C1,"8,1",,,,"5,88","5,77","-0,6366336922",FALSE,,
CHEMBL30008,DB04841,Flunarizine,N07CA03,Нервная система,Success,NAN,FC1=CC=C(C=C1)C(N1CCN(C\C=C\C2=CC=CC=C2)CC1)C1=CC=C(F)C=C1,"7,22",,,,"5,3","5,78","0,6107144721",TRUE,,
CHEMBL454801,DB09270,Ubidecarenone,C01EB09,Сердечно-сосудистая система,Success,"20,17",COC1=C(OC)C(=O)C(C\C=C(/C)CC\C=C(/C)CC\C=C(/C)CC\C=C(/C)CC\C=C(/C)CC\C=C(/C)CC\C=C(/C)CC\C=C(/C)CC\C=C(/C)CCC=C(C)C)=C(C)C1=O,"-4,7",,,,"9,94",10,"-0,3613290954",FALSE,,
CHEMBL203266,DB09069,Trimetazidine,C01EB15,Сердечно-сосудистая система,Success,"34,22",COC1=C(OC)C(OC)=C(CN2CCNCC2)C=C1,"9,21","4,45","9,14",pKa1= 4.45 ± 0.02 and pKa2= 9.14 ± 0.02,"0,85","1,04","-0,6118417886",FALSE,,
CHEMBL3183075,DB00585,Nizatidine,A02BA04,ЖКТ и обмен веществ,Success,"24,23",CNC(NCCSCC1=CSC(CN(C)C)=N1)=C[N+]([O-])=O,"6,54",,,,"0,7","1,1","-1,947217822",FALSE,1988.0,1.0
CHEMBL2,DB00457,Prazosin,C02CA01,Сердечно-сосудистая система,Success,"22,57",COC1=C(OC)C=C2C(N)=NC(=NC2=C1)N1CCN(CC1)C(=O)C1=CC=CO1,"7,24","6,54",,6.54,"1,93","1,3","-0,9358565716",FALSE,1976.0,1.0
,DB00185,Cevimeline,N07AX03,Нервная система,,"30,77",CC1O[C@@]2(CS1)CN1CCC2CC1,"8,59",,,,"1,46","1,3","-3,723243843",FALSE,,
CHEMBL647,DB00964,Apraclonidine,S01EA03,Органы чувств,Success,"15,8",NC1=CC(Cl)=C(NC2=NCCN2)C(Cl)=C1,"8,48",,,,"2,14","1,4","-1,169914527",FALSE,1987.0,0.0
CHEMBL1005,DB00899,Remifentanil,N01AH06,Нервная система,Success,"22,65",CCC(=O)N(C1=CC=CC=C1)C1(CCN(CCC(=O)OC)CC1)C(=O)OC,"7,51",,,,"1,75","1,4","-1,030863136",FALSE,1996.0,0.0
CHEMBL1422,DB01261,Sitagliptin,A10BH01,ЖКТ и обмен веществ,Success,"23,65",N[C@@H](CC(=O)N1CCN2C(C1)=NN=C2C(F)(F)F)CC1=CC(F)=C(F)C=C1F,"8,78",,,,"1,95","1,5","0,7213765956",TRUE,2006.0,1.0
CHEMBL416,DB00553,Methoxsalen,D05AD02; D05BA02,Дерматологические препараты,Success,"26,7",COC1=C2OC(=O)C=CC2=CC2=C1OC=C2,"-2,9",,,,"2,1","1,7","-1,138105997",FALSE,,
CHEMBL934,DB01011,Metyrapone,V04CD01,Прочие препараты,Success,NAN,CC(C)(C(=O)C1=CN=CC=C1)C1=CC=CN=C1,"4,87",,,,"2,09","1,8","-0,5142706173",FALSE,1961.0,1.0
CHEMBL1574,DB00191,Phentermine,A08AA01,ЖКТ и обмен веществ,Success,NAN,CC(C)(N)CC1=CC=CC=C1,"10,25","9,84",,9.84,"2,32","1,9","-0,589009662",FALSE,1959.0,1.0
CHEMBL13280,DB01544,Flunitrazepam,N05CD03,Нервная система,Success,"27,42",CN1C2=C(C=C(C=C2)[N+]([O-])=O)C(=NCC1=O)C1=CC=CC=C1F,"1,72",,,,"2,2","2,06","1,004240779",TRUE,,1.0
CHEMBL1256,DB00753,Isoflurane,N01AB06,Нервная система,Success,"20,39",FC(F)OC(Cl)C(F)(F)F,"-4,7",,,,"2,3","2,06","3,054421354",TRUE,,
CHEMBL1201201,DB01577,Metamfetamine,N06BA03,Нервная система,Success,NAN,CN[C@@H](C)CC1=CC=CC=C1,"10,21","9,87",,9.87 (at 25 °C),"2,23","2,07","-0,3123005028",FALSE,1943.0,1.0
CHEMBL1257,DB00228,Enflurane,N01AB04,Нервная система,Success,"20,43",FC(F)OC(F)(F)C(F)Cl,-5,,,,"2,24","2,1","2,61104945",TRUE,,
CHEMBL590,DB00170,Menadione,B02BA02,Кровь и органы кроветворения,Success,"22,37",CC1=CC(=O)C2=CC=CC=C2C1=O,"-7,2",,,,"1,91","2,2","0,3524856209",FALSE,,
CHEMBL370805,DB00907,Cocaine,S01HA01; S02DA02; R02AD03; N01BC01,Органы чувств,Success,"20,91",[H][C@]12CC[C@]([H])([C@H]([C@H](C1)OC(=O)C1=CC=CC=C1)C(=O)OC)N2C,"8,85","8,61",,8.61 (at 15 °C),"1,97","2,3","-1,909748078",FALSE,2017.0,0.0
CHEMBL1201216,DB00298,Dapiprazole,S01EX02,Органы чувств,Success,"32,71",CC1=CC=CC=C1N1CCN(CCC2=NN=C3CCCCN23)CC1,"7,64",,,,"2,78","2,3","-0,8463979991",FALSE,1990.0,0.0
CHEMBL636,DB00989,Rivastigmine,N06DA03,Нервная система,Success,NAN,CCN(C)C(=O)OC1=CC=CC(=C1)[C@H](C)N(C)C,"8,8",,,,"2,45","2,3","-1,019590404",FALSE,1998.0,1.0
CHEMBL1196,DB00807,Proparacaine,S01HA04,Органы чувств,Success,"19,74",CCCOC1=C(N)C=C(C=C1)C(=O)OCCN(CC)CC,"8,96","3,2",,3.2,"2,97","2,5","0,08638978914",FALSE,1953.0,0.0
CHEMBL1004,DB00366,Doxylamine,R06AA09; R06AA59,Дыхательная система,Success,NAN,CN(C)CCOC(C)(C1=CC=CC=C1)C1=CC=CC=N1,"8,87",,,,"2,9","2,5","-0,09950616138",FALSE,1948.0,1.0
CHEMBL1444,DB01006,Letrozole,L02BG04,Противоопухолевые препараты и иммуномодуляторы,Success,"26,47",N#CC1=CC=C(C=C1)C(N1C=NC=N1)C1=CC=C(C=C1)C#N,"1,89",,,,"1,86","2,5","-0,8000498617",FALSE,1997.0,1.0
CHEMBL864,DB00748,Carbinoxamine,R06AA08,Дыхательная система,Success,NAN,CN(C)CCOC(C1=CC=C(Cl)C=C1)C1=CC=CC=N1,"8,87",,,,"3,03","2,6","-0,3701575605",FALSE,1982.0,1.0
CHEMBL594,DB01084,Emedastine,S01GX06,Органы чувств,Success,"33,96",CCOCCN1C(=NC2=CC=CC=C12)N1CCCN(C)CC1,"8,66",,,,"2,91","2,6","-0,4629832435",FALSE,1997.0,0.0
CHEMBL267936,DB00657,Mecamylamine,C02BB01,Сердечно-сосудистая система,Success,NAN,CNC1(C)C2CCC(C2)C1(C)C,"10,88",,,,"3,13","2,7","-2,908244392",FALSE,1956.0,1.0
CHEMBL1189679,DB00377,Palonosetron,A04AA55; A04AA05,ЖКТ и обмен веществ,Success,NAN,[H][C@]12CCCC3=C1C(=CC=C3)C(=O)N(C2)[C@@H]1CN2CCC1CC2,"7,97",,,,"2,72","2,7","-2,27102225",FALSE,2003.0,1.0
CHEMBL972,DB01037,Selegiline,N04BD01,Нервная система,Success,"24,71",C[C@H](CC1=CC=CC=C1)N(C)CC#C,"8,67",,,,"3,08","2,7","-1,441303992",FALSE,1989.0,1.0
CHEMBL654,DB00370,Mirtazapine,N06AX11,Нервная система,Success,"29,62",CN1CCN2C(C1)C1=CC=CC=C1CC1=C2N=CC=C1,"6,67","7,7",,7.7,"2,9","2,9","-1,782661446",FALSE,1996.0,1.0
CHEMBL833,DB00208,Ticlopidine,B01AC05,Кровь и органы кроветворения,Success,"33,85",ClC1=CC=CC=C1CN1CCC2=C(C1)C=CS2,"6,94",,,,"4,25","2,9","-1,491730908",FALSE,1991.0,1.0
CHEMBL911,DB00425,Zolpidem,N05CF02,Нервная система,Success,NAN,CN(C)C(=O)CC1=C(N=C2C=CC(C)=CN12)C1=CC=C(C)C=C1,"5,39","5,65",,"Strongest basic, 5.65","3,15","3,02","0,2617838472",FALSE,1992.0,1.0
CHEMBL681,DB00292,Etomidate,N01AX07,Нервная система,Success,"33,79",CCOC(=O)C1=CN=CN1[C@H](C)C1=CC=CC=C1,"4,25",,,,"2,66","3,05","-1,155507764",FALSE,1982.0,0.0
CHEMBL383921,DB00234,Reboxetine,N06AX18,Нервная система,No Drug Record,"29,63",[H][C@@]1(CNCCO1)[C@H](OC1=CC=CC=C1OCC)C1=CC=CC=C1,"7,91",,,,"3,06","3,1","-1,661709947",FALSE,,
CHEMBL1172,DB00967,Desloratadine,R06AX27,Дыхательная система,Success,"33,95",ClC1=CC2=C(C=C1)C(=C1CCNCC1)C1=C(CC2)C=CC=N1,"9,73",,,,"3,48","3,2","-0,5241994689",FALSE,2001.0,1.0
CHEMBL7010,DB01463,Fencamfamin,N06BA06,Нервная система,Success,NAN,CCNC1C2CCC(C2)C1C1=CC=CC=C1,"10,56",,,,"3,46","3,2","-1,184829353",FALSE,,
CHEMBL814,DB00176,Fluvoxamine,N06AB08,Нервная система,Success,"27,44",COCCCC\C(=N/OCCN)C1=CC=C(C=C1)C(F)(F)F,"8,86",,,,"2,89","3,2","0,7125890628",TRUE,1994.0,1.0
CHEMBL312448,DB06694,Xylometazoline,R01AA07; R01AB06; S01GA53; S01GA03,Дыхательная система,Success,"21,28",CC1=CC(=CC(C)=C1CC1=NCCN1)C(C)(C)C,"10,29",,,,"4,68","3,2","0,8261332411",TRUE,,
CHEMBL565,DB00636,Clofibrate,C10AB01,Сердечно-сосудистая система,Success,NAN,CCOC(=O)C(C)(C)OC1=CC=C(Cl)C=C1,"-4,9",,,,"3,99","3,3","-0,8310244428",FALSE,,
CHEMBL1372950,DB00699,Nicergoline,C04AE02,Сердечно-сосудистая система,Success,"28,53",[H][C@@]12CC3=CN(C)C4=CC=CC(=C34)[C@]1(C[C@@H](COC(=O)C1=CN=CC(Br)=C1)CN2C)OC,"8,12",,,,"3,99","3,3","-1,910812159",FALSE,,
CHEMBL1241,DB00792,Tripelennamine,D04AA04; R06AC04,Дерматологические препараты,Success,NAN,CN(C)CCN(CC1=CC=CC=C1)C1=CC=CC=N1,"8,76",,,,"3,05","3,3","0,09172226297",FALSE,1948.0,1.0
CHEMBL1113,DB00543,Amoxapine,N06AA17,Нервная система,Success,"34,24",ClC1=CC2=C(OC3=CC=CC=C3N=C2N2CCNCC2)C=C1,"8,83",,,,"2,82","3,4","0,02469913689",FALSE,1980.0,1.0
CHEMBL811,DB00835,Brompheniramine,R06AB01; R06AB51,Дыхательная система,Success,NAN,CN(C)CCC(C1=CC=C(Br)C=C1)C1=CC=CC=N1,"9,48",,,,"3,63","3,4","-0,6872023958",FALSE,1957.0,1.0
CHEMBL1201287,DB00405,Dexbrompheniramine,R06AB06; R06AB56,Дыхательная система,Success,NAN,CN(C)CC[C@@H](C1=CC=C(Br)C=C1)C1=CC=CC=N1,"9,48",,,,"3,63","3,4","-0,6872023958",FALSE,1963.0,1.0
CHEMBL248702,DB01191,Dexfenfluramine,A08AA04,ЖКТ и обмен веществ,Success,NAN,CCN[C@@H](C)CC1=CC=CC(=C1)C(F)(F)F,"10,22",,,,"3,3","3,5","1,693717631",TRUE,,0.0
CHEMBL1754,DB00561,Doxapram,R07AB01,Дыхательная система,Success,NAN,CCN1CC(CCN2CCOCC2)C(C1=O)(C1=CC=CC=C1)C1=CC=CC=C1,"7,23",,,,"3,65","3,6","-0,8863330231",FALSE,1965.0,0.0
CHEMBL831,DB00408,Loxapine,N05AH01,Нервная система,Success,NAN,CN1CCN(CC1)C1=NC2=CC=CC=C2OC2=C1C=C(Cl)C=C2,"7,18",,,,"3,18","3,6","0,001720131933",FALSE,1975.0,1.0
CHEMBL959,DB00478,Rimantadine,J05AC02,Противомикробные (системные),Success,NAN,CC(N)C12CC3CC(CC(C3)C1)C2,"10,14",,,,"3,28","3,6","-1,653338515",FALSE,1993.0,1.0
CHEMBL1201347,DB00913,Anileridine,N01AH05,Нервная система,Success,"25,97",CCOC(=O)C1(CCN(CCC2=CC=C(N)C=C2)CC1)C1=CC=CC=C1,"8,88",,,,"4,05","3,7","-1,018038396",FALSE,1982.0,1.0
CHEMBL1492,DB01146,Diphenylpyraline,R06AA57; R06AA07,Дыхательная система,Success,NAN,CN1CCC(CC1)OC(C1=CC=CC=C1)C1=CC=CC=C1,"8,87",,,,"3,82","3,7","-0,7662806903",FALSE,1982.0,1.0
CHEMBL1200374,DB00990,Exemestane,L02BG06,Противоопухолевые препараты и иммуномодуляторы,Success,"20,56",[H][C@@]12CCC(=O)[C@@]1(C)CC[C@@]1([H])[C@@]2([H])CC(=C)C2=CC(=O)C=C[C@]12C,-5,,,,"2,67","3,7","-1,752059907",FALSE,,
CHEMBL968,DB00690,Flurazepam,N05CD01,Нервная система,Success,"27,85",CCN(CC)CCN1C2=C(C=C(Cl)C=C2)C(=NCC1=O)C1=CC=CC=C1F,"8,71",,,,"3,81","3,8","0,9470159775",TRUE,1970.0,1.0
CHEMBL445,DB00540,Nortriptyline,N06AA10,Нервная система,Success,"34,53",CNCCC=C1C2=CC=CC=C2CCC2=CC=CC=C12,"10,47","9,7",,9.7,"4,65","3,9","-0,3313450136",FALSE,1964.0,1.0
CHEMBL596,DB00813,Fentanyl,N01AH01; N01AH51; N02AB03,Нервная система,Success,"22,77",CCC(=O)N(C1CCN(CCC2=CC=CC=C2)CC1)C1=CC=CC=C1,"8,77","8,99",,8.99,"4,12","4,05","-1,196984167",FALSE,1968.0,1.0
CHEMBL41,DB00472,Fluoxetine,N06AB03,Нервная система,Success,NAN,CNCCC(OC1=CC=C(C=C1)C(F)(F)F)C1=CC=CC=C1,"9,8",,,,"4,09","4,05","1,254872772",TRUE,1987.0,1.0
CHEMBL1200436,DB00621,Oxandrolone,A14AA08,ЖКТ и обмен веществ,Success,"20,19",[H][C@@]12CC[C@](C)(O)[C@@]1(C)CC[C@@]1([H])[C@@]2([H])CC[C@@]2([H])CC(=O)OC[C@]12C,"-0,53",,,,"3,36","4,2","-3,448752668",FALSE,,
CHEMBL644,DB00726,Trimipramine,N06AA06,Нервная система,Success,"34,07",CC(CN(C)C)CN1C2=CC=CC=C2CCC2=CC=CC=C12,"9,42",,,,"4,67","4,2","-0,07521908159",FALSE,1979.0,1.0
CHEMBL1493,DB01148,Flavoxate,G04BD02,Мочеполовая система и половые гормоны,Success,"25,94",CC1=C(OC2=C(C=CC=C2C(=O)OCCN2CCCCC2)C1=O)C1=CC=CC=C1,"7,91","7,3",,7.3,"3,65","4,4","-0,2242585353",FALSE,1970.0,1.0
CHEMBL1200438,DB01007,Tioconazole,D01AC07; G01AF08,Дерматологические препараты,Success,NAN,ClC1=C(COC(CN2C=CN=C2)C2=C(Cl)C=C(Cl)C=C2)C=CS1,"6,48",,,,"4,86","4,4","-0,5975706177",FALSE,1983.0,0.0
CHEMBL1410669,DB00251,Terconazole,G01AG02,Мочеполовая система и половые гормоны,No Drug Record,"28,79",CC(C)N1CCN(CC1)C1=CC=C(OC[C@@H]2CO[C@](CN3C=NC=N3)(O2)C2=C(Cl)C=C(Cl)C=C2)C=C1,"8,41",,,,"4,58","4,5","-0,7048394292",FALSE,,
CHEMBL1201342,DB00340,Metixene,N04AA03,Нервная система,Success,"31,68",CN1CCCC(CC2C3=CC=CC=C3SC3=CC=CC=C23)C1,"9,34",,,,"5,51","4,7","-1,097765268",FALSE,1982.0,1.0
CHEMBL623,DB01149,Nefazodone,N06AX06,Нервная система,Success,"26,57",CCC1=NN(CCCN2CCN(CC2)C2=CC(Cl)=CC=C2)C(=O)N1CCOC1=CC=CC=C1,"7,09",,,,"3,71","4,7","-0,08879333346",FALSE,1994.0,1.0
CHEMBL753,DB00925,Phenoxybenzamine,C04AX02,Сердечно-сосудистая система,Success,"24,2",CC(COC1=CC=CC=C1)N(CCCl)CC1=CC=CC=C1,"7,89",,,,"4,26","4,7","-0,4495272964",FALSE,1953.0,1.0
CHEMBL668,DB00344,Protriptyline,N06AA11,Нервная система,Success,"33,38",CNCCCC1C2=CC=CC=C2C=CC2=CC=CC=C12,"10,54",,,,"4,65","4,7","-0,211745558",FALSE,1967.0,1.0
CHEMBL11,DB00458,Imipramine,N06AA02,Нервная система,Success,"34,6",CN(C)CCCN1C2=CC=CC=C2CCC2=CC=CC=C12,"9,2","9,4",,9.4,"4,53","4,8","0,4142138907",FALSE,1959.0,1.0
CHEMBL2104149,DB01459,Bezitramide,N02AC05,Нервная система,Success,"20,72",CCC(=O)N1C(=O)N(C2CCN(CCC(C#N)(C3=CC=CC=C3)C3=CC=CC=C3)CC2)C2=CC=CC=C12,"8,32",,,,"4,35","4,8","-1,306255656",FALSE,,
CHEMBL72,DB01151,Desipramine,N06AA01,Нервная система,Success,"34,62",CNCCCN1C2=CC=CC=C2CCC2=CC=CC=C12,"10,02","10,4",,10.4,"4,02","4,9","0,1115461812",FALSE,1964.0,1.0
CHEMBL422,DB00831,Trifluoperazine,N05AB06,Нервная система,Success,"34,6",CN1CCN(CCCN2C3=CC=CC=C3SC3=C2C=C(C=C3)C(F)(F)F)CC1,"7,99",,,,"4,87","5,03","1,918534196",TRUE,1959.0,1.0
CHEMBL21731,DB00934,Maprotiline,N06AA21,Нервная система,Success,NAN,CNCCCC12CCC(C3=CC=CC=C13)C1=CC=CC=C21,"10,54",,,,"4,89","5,1","-1,737116099",FALSE,1980.0,1.0
CHEMBL83668,DB00525,Tolnaftate,D01AE18,Дерматологические препараты,Success,"33,83",CN(C(=S)OC1=CC2=CC=CC=C2C=C1)C1=CC=CC(C)=C1,"0,075",,,,"4,87","5,1","-0,04864092559",FALSE,,
CHEMBL669,DB00924,Cyclobenzaprine,M03BX08,Костно-мышечная система,Success,"34,32",CN(C)CCC=C1C2=CC=CC=C2C=CC2=CC=CC=C12,"9,76","8,47",,8.47,"4,73","5,2","0,5403845133",TRUE,1977.0,1.0
CHEMBL1008,DB01244,Bepridil,C08EA02,Сердечно-сосудистая система,Success,"33,24",CC(C)COCC(CN(CC1=CC=CC=C1)C1=CC=CC=C1)N1CCCC1,"9,16",,,,"5,33","5,2","-0,4134732329",FALSE,1990.0,1.0
CHEMBL1626,DB00283,Clemastine,D04AA14; R06AA04; R06AA54,Дерматологические препараты,Success,NAN,CN1CCC[C@@H]1CCO[C@](C)(C1=CC=CC=C1)C1=CC=C(Cl)C=C1,"9,55",,,,"5,29","5,2","-0,9600642754",FALSE,1977.0,1.0
CHEMBL672,DB01039,Fenofibrate,C10AB05,Сердечно-сосудистая система,Success,NAN,CC(C)OC(=O)C(C)(C)OC1=CC=C(C=C1)C(=O)C1=CC=C(Cl)C=C1,"-4,9",,,,"4,86","5,2","-0,5608411488",FALSE,,
CHEMBL1206,DB00392,Profenamine,N04AA05,Нервная система,Success,"31,87",CCN(CC)C(C)CN1C2=CC=CC=C2SC2=CC=CC=C12,"9,6",,,,"5,75","5,2","0,2804426197",FALSE,1982.0,1.0
CHEMBL1419,DB01105,Sibutramine,A08AA10,ЖКТ и обмен веществ,Success,NAN,CC(C)CC(N(C)C)C1(CCC1)C1=CC=C(Cl)C=C1,"9,77",,,,"5,05","5,2","-1,495032836",FALSE,1997.0,1.0
CHEMBL1289,DB00793,Haloprogin,D01AE11,Дерматологические препараты,Success,"22,01",ClC1=CC(Cl)=C(Cl)C=C1OCC#CI,-5,,,,"4,69","5,3","-1,29342447",FALSE,,
CHEMBL1514,DB01227,Levacetylmethadol,N07BC03,Нервная система,Success,"24,99",CC[C@H](OC(C)=O)C(C[C@H](C)N(C)C)(C1=CC=CC=C1)C1=CC=CC=C1,"9,87",,,,"4,78","5,4","-1,288603502",FALSE,1993.0,1.0
CHEMBL626,DB00735,Naftifine,D01AE22,Дерматологические препараты,Success,NAN,CN(CC=CC1=CC=CC=C1)CC1=CC=CC2=CC=CC=C12,"8,99",,,,"4,96","5,4","-0,3668926746",FALSE,1988.0,0.0
CHEMBL808,DB01127,Econazole,G01AF05; D01AC03,Мочеполовая система и половые гормоны,Success,NAN,ClC1=CC=C(COC(CN2C=CN=C2)C2=C(Cl)C=C(Cl)C=C2)C=C1,"6,48",,,,"4,67","5,5","-0,6480141365",FALSE,1982.0,0.0
CHEMBL1657,DB00799,Tazarotene,D05AX05,Дерматологические препараты,Success,"33,87",CCOC(=O)C1=CN=C(C=C1)C#CC1=CC2=C(SCCC2(C)C)C=C1,"1,23",,,,"5,15","5,6","-0,9497090922",FALSE,1997.0,0.0
CHEMBL296419,DB00637,Astemizole,R06AX11,Дыхательная система,Success,"22,24",COC1=CC=C(CCN2CCC(CC2)NC2=NC3=CC=CC=C3N2CC2=CC=C(F)C=C2)C=C1,"8,73",,,,"5,92","5,8","0,7014154857",TRUE,1988.0,1.0
CHEMBL1200608,DB09496,Octinoxate,D02BA02,Дерматологические препараты,No Drug Record,"32,54",[H]\C(=C(\[H])C1=CC=C(OC)C=C1)C(=O)OCC(CC)CCCC,"-4,8",,,,"5,62","5,8","0,04486031698",FALSE,,
CHEMBL479,DB00679,Thioridazine,N05AC02,Нервная система,Success,"34,45",CSC1=CC2=C(SC3=CC=CC=C3N2CCC2CCCCN2C)C=C1,"8,93","9,5",,9.5,"5,93","5,9","-0,1975137311",FALSE,1962.0,1.0
CHEMBL104,DB00257,Clotrimazole,A01AB18; D01AC01; G01AF02,ЖКТ и обмен веществ,Success,NAN,ClC1=CC=CC=C1C(N1C=CN=C1)(C1=CC=CC=C1)C1=CC=CC=C1,"6,26","4,1",,4.1,"5,48","6,1","-0,2890422545",FALSE,1975.0,1.0
CHEMBL75880,DB01074,Perhexiline,C08EX02,Сердечно-сосудистая система,Success,NAN,C(C(C1CCCCC1)C1CCCCC1)C1CCCCN1,"10,58",,,,"5,87","6,2","-1,966762636",FALSE,1974.0,0.0
CHEMBL1201196,DB01153,Sertaconazole,D01AC14; G01AF19,Дерматологические препараты,Success,NAN,ClC1=CC(Cl)=C(C=C1)C(CN1C=CN=C1)OCC1=CSC2=C1C=CC=C2Cl,"6,48",,,,"5,74","6,2","-0,679251717",FALSE,2003.0,0.0
CHEMBL1201294,DB01081,Diphenoxylate,A07DA01,ЖКТ и обмен веществ,Success,NAN,CCOC(=O)C1(CCN(CCC(C#N)(C2=CC=CC=C2)C2=CC=CC=C2)CC1)C1=CC=CC=C1,"8,5",,,,"5,74","6,3","-1,333318909",FALSE,1960.0,1.0
CHEMBL1200761,DB00269,Chlorotrianisene,G03CA06,Мочеполовая система и половые гормоны,Success,"34,46",COC1=CC=C(C=C1)C(Cl)=C(C1=CC=C(OC)C=C1)C1=CC=C(OC)C=C1,"-4,4",,,,"5,95","6,4","-0,01777551266",FALSE,,
CHEMBL1201284,DB01012,Cinacalcet,H05BX01,Гормональные препараты (системные),Success,NAN,C[C@@H](NCCCC1=CC(=CC=C1)C(F)(F)F)C1=CC=CC2=CC=CC=C12,"10,01",,,,"5,57","6,5","1,078612877",TRUE,2004.0,1.0
CHEMBL464,DB00926,Etretinate,D05BB01,Дерматологические препараты,Success,"32,32",CCOC(=O)C=C(C)C=CC=C(C)C=CC1=C(C)C(C)=C(OC)C=C1C,"-4,8",,,,"6,32","6,5","-0,5901185354",FALSE,,
CHEMBL1525,DB04930,Permethrin,P03AC04; P03AC54,Противопаразитарные препараты,Success,"23,78",CC1(C)C(C=C(Cl)Cl)C1C(=O)OCC1=CC(OC2=CC=CC=C2)=CC=C1,"-3,7",,,,"6,24","6,5","-1,121769995",FALSE,,
CHEMBL990,DB01091,Butenafine,D01AE23,Дерматологические препараты,Success,NAN,CN(CC1=CC=C(C=C1)C(C)(C)C)CC1=CC=CC2=CC=CC=C12,"9,06",,,,"5,85","6,6","-0,08300488183",FALSE,1996.0,0.0
CHEMBL1295,DB00639,Butoconazole,G01AF15,Мочеполовая система и половые гормоны,Success,"34,94",ClC1=CC=C(CCC(CN2C=CN=C2)SC2=C(Cl)C=CC=C2Cl)C=C1,"6,51",,,,"6,7","6,7","-0,5984787023",FALSE,1985.0,0.0
CHEMBL1655,DB00539,Toremifene,L02BA02,Противоопухолевые препараты и иммуномодуляторы,Success,"24,97",CN(C)CCOC1=CC=C(C=C1)C(=C(\CCCl)C1=CC=CC=C1)\C1=CC=CC=C1,"8,76",,,,"5,65","6,8","0,2554360285",FALSE,1996.0,1.0
CHEMBL1201271,DB00354,Buclizine,R06AE01; R06AE51,Дыхательная система,Success,NAN,CC(C)(C)C1=CC=C(CN2CCN(CC2)C(C2=CC=CC=C2)C2=CC=C(Cl)C=C2)C=C1,"7,6",,,,"6,16","7,1","0,1294704789",FALSE,1982.0,1.0
CHEMBL633,DB01118,Amiodarone,C01BD01,Сердечно-сосудистая система,Success,"33,04",CCCCC1=C(C(=O)C2=CC(I)=C(OCCN(CC)CC)C(I)=C2)C2=C(O1)C=CC=C2,"8,47","6,56",,6.56  ± 0.06,"7,24","7,2","-0,298035298",FALSE,1985.0,1.0
CHEMBL2355051,DB00882,Clomifene,G03GB02,Мочеполовая система и половые гормоны,Success,"33,04",CCN(CC)CCOC1=CC=C(C=C1)C(=C(Cl)C1=CC=CC=C1)C1=CC=CC=C1,"9,31",,,,"6,08","7,2","0,1526404557",FALSE,1967.0,1.0
CHEMBL951,DB01187,Iophendylate,V08AD04,Прочие препараты,Success,"25,97",CCOC(=O)CCCCCCCCC(C)C1=CC=CC=C1I,-7,,,,"6,79","7,7","-0,6251848996",FALSE,,
CHEMBL431770,DB11757,Istradefylline,N04CX01,Нервная система,Success,"34,63",[H]\C(=C(\[H])C1=CC(OC)=C(OC)C=C1)C1=NC2=C(N1C)C(=O)N(CC)C(=O)N2CC,"-1,4","0,78",,0.78,"2,82",,"0,4173411119",FALSE,,
CHEMBL844,DB00484,Brimonidine,S01GA07; D11AX21; S01EA05,Органы чувств,Success,"15,83",BrC1=C(NC2=NCCN2)C=CC2=NC=CN=C12,"8,32","7,78",,7.78,"1,27",,"-1,489970982",FALSE,1996.0,0.0
CHEMBL3707312,DB12605,Etripamil,C08DA03,Сердечно-сосудистая система,Success,"34,63",COC(=O)C1=CC(CCN(C)CCC[C@](C#N)(C(C)C)C2=CC=C(OC)C(OC)=C2)=CC=C1,"9,52","8,57",,8.57,"4,56",,"-1,369398939",FALSE,,
CHEMBL87493,DB00574,Fenfluramine,A08AA02; N03AX26,ЖКТ и обмен веществ,Success,NAN,CCNC(C)CC1=CC=CC(=C1)C(F)(F)F,"10,22","9,92",,9.92,"3,3",,"1,693717631",TRUE,1963.0,1.0
CHEMBL18442,DB06809,Plerixafor,L03AX16,Противоопухолевые препараты и иммуномодуляторы,Success,NAN,C(N1CCCNCCNCCCNCC1)C1=CC=C(CN2CCCNCCNCCCNCC2)C=C1,"10,23","11,5","2,4",8.5-11.5 and <2.4,"0,62",,"-0,1944140113",FALSE,2008.0,0.0
CHEMBL1089,DB00780,Phenelzine,N06AF03,Нервная система,Success,"32,2",NNCCC1=CC=CC=C1,"5,55","6,5-8",,6.5-8,"1,2",,"-0,5481725199",FALSE,1961.0,1.0
CHEMBL822,DB00857,Terbinafine,D01BA02; D01AE15,Дерматологические препараты,Success,NAN,CN(C\C=C\C#CC(C)(C)C)CC1=CC=CC2=CC=CC=C12,"8,86","7,10",,7.10,"5,51",,"-1,804610679",FALSE,1992.0,1.0
CHEMBL3402762,DB15133,Tepotinib,L01EX21,Противоопухолевые препараты и иммуномодуляторы,Success,"33,73",CN1CCC(COC2=CN=C(N=C2)C2=CC(CN3N=C(C=CC3=O)C3=CC(=CC=C3)C#N)=CC=C2)CC1,"9,13","9,5",,9.5,4,,"-0,9546096315",FALSE,2020.0,1.0
CHEMBL2205807,DB11932,Abametapir,P03AX07,Противопаразитарные препараты,Success,NAN,CC1=CC=C(N=C1)C1=CC=C(C)C=N1,"3,8",,,,"2,43",,"0,5127713061",TRUE,2020.0,0.0
CHEMBL20835,DB13262,Aceclidine,S01EB08; S01EB58,Органы чувств,Success,"24,99",CC(=O)OC1CN2CCC1CC2,"9,17",,,,"0,9",,"-2,691422379",FALSE,,
CHEMBL667,DB03128,Acetylcholine,S01EB09,Органы чувств,Success,"24,99",CC(=O)OCC[N+](C)(C)C,-7,,,,"-2,9",,"-0,4764730426",FALSE,,
CHEMBL4594350,DB15568,Adagrasib,L01XX77,Противоопухолевые препараты и иммуномодуляторы,Success,"24,46",[H][C@@]1(COC2=NC3=C(CCN(C3)C3=CC=CC4=C3C(Cl)=CC=C4)C(=N2)N2CCN(C(=O)C(F)=C)[C@@]([H])(CC#N)C2)CCCN1C,"8,46",,,,"5,16",,"-0,7419729399",FALSE,,
CHEMBL376359,DB06203,Alogliptin,A10BH04,ЖКТ и обмен веществ,Success,"33,63",CN1C(=O)C=C(N2CCC[C@@H](N)C2)N(CC2=C(C=CC=C2)C#N)C1=O,"9,47",,,,"0,66",,"-1,749514022",FALSE,2013.0,1.0
CHEMBL253371,DB01616,Alverine,A03AX58; A03AX08,ЖКТ и обмен веществ,Success,NAN,CCN(CCCC1=CC=CC=C1)CCCC1=CC=CC=C1,"10,44",,,,"5,73",,"0,1795279341",FALSE,,
CHEMBL354077,DB11640,Amifampridine,N07XX05,Нервная система,Success,"29,47",NC1=CC=NC=C1N,"9,25",,,,"-0,48",,"-0,4560514904",FALSE,2009.0,1.0
CHEMBL489411,DB09056,Amorolfine,D01AE16,Дерматологические препараты,Success,"34,58",[H]C(C)(CN1C[C@]([H])(C)O[C@]([H])(C)C1)CC1=CC=C(C=C1)C(C)(C)CC,"8,49",,,,"5,44",,"-1,021793126",FALSE,,
CHEMBL3188202,DB01612,Amyl Nitrite,V03AB22,Прочие препараты,No Drug Record,NAN,CCCCCON=O,"-1,8",,,,"1,98",,"-1,876271994",FALSE,,
CHEMBL178862,DB13853,Anethole trithione,A16AX02,ЖКТ и обмен веществ,Success,"21,61",COC1=CC=C(C=C1)C1=CC(=S)SS1,"-4,8",,,,"3,58",,"-0,5856034297",FALSE,,
CHEMBL1305,DB08799,Antazoline,R06AX05; R01AC04,Дыхательная система,Success,"21,11",C(N(CC1=CC=CC=C1)C1=CC=CC=C1)C1=NCCN1,"9,24",,,,"3,22",,"0,2532526062",FALSE,1994.0,0.0
CHEMBL1200978,DB01169,Arsenic trioxide,L01XX27,Противоопухолевые препараты и иммуномодуляторы,No Drug Record,NAN,O=[As]O[As]=O,-6,,,,"1,07",,"-2,595903006",FALSE,,
CHEMBL301267,DB13851,Artemotil,P01BE04,Противопаразитарные препараты,Success,"26,37",[H][C@@]12CC[C@@H](C)[C@]3([H])CC[C@@]4(C)OO[C@@]13[C@]([H])(O[C@H](OCC)[C@@H]2C)O4,"-3,9",,,,"3,52",,"-3,001710877",FALSE,,
CHEMBL3187365,DB06216,Asenapine,N05AH05,Нервная система,Success,"31,56",CN1CC2C(C1)C1=C(OC3=CC=C(Cl)C=C23)C=CC=C1,"7,29",,,,"4,35",,"-0,8620831561",FALSE,2009.0,0.0
CHEMBL1366,DB00995,Auranofin,M01CB03,Костно-мышечная система,Success,"24,52",CCP(CC)(CC)=[Au]S[C@@H]1O[C@H](COC(C)=O)[C@@H](OC(C)=O)[C@H](OC(C)=O)[C@H]1OC(C)=O,"-4,3",,,,"2,99",,"0,2387227842",FALSE,,
CHEMBL4204794,DB15233,Avapritinib,L01EX18,Противоопухолевые препараты и иммуномодуляторы,Success,"33,04",CN1C=C(C=N1)C1=CN2N=CN=C(N3CCN(CC3)C3=NC=C(C=N3)[C@@](C)(N)C3=CC=C(F)C=C3)C2=C1,"8,52",,,,"2,68",,"0,3467103856",FALSE,2020.0,1.0
CHEMBL639,DB00972,Azelastine,S01GX07; R06AX19; R01AC03,Органы чувств,Success,"25,91",CN1CCCC(CC1)N1N=C(CC2=CC=C(Cl)C=C2)C2=CC=CC=C2C1=O,"8,88",,,,"3,81",,"-0,6280459507",FALSE,1996.0,0.0
CHEMBL400599,DB09022,Benfluorex,A10BX06,ЖКТ и обмен веществ,Success,"34,71",CC(CC1=CC(=CC=C1)C(F)(F)F)NCCOC(=O)C1=CC=CC=C1,"9,14",,,,"4,26",,"1,098113031",TRUE,1974.0,0.0
CHEMBL1200370,DB09096,Benzoyl peroxide,D10AE01; D10AE51,Дерматологические препараты,Success,NAN,O=C(OOC(=O)C1=CC=CC=C1)C1=CC=CC=C1,"-7,2",,,,"2,75",,"0,1698900467",FALSE,,
CHEMBL12610,DB09084,Benzydamine,R02AX03; A01AD02; M02AA05; M01AX07; G02CC03,Дыхательная система,Success,"30,7",CN(C)CCCOC1=NN(CC2=CC=CC=C2)C2=CC=CC=C12,"9,26",,,,"3,78",,"-0,02469096214",FALSE,,
CHEMBL942,DB09020,Bisacodyl,A06AG02; A06AB02; A06AB52,ЖКТ и обмен веществ,Success,"24,68",CC(=O)OC1=CC=C(C=C1)C(C1=CC=C(OC(C)=O)C=C1)C1=CC=CC=N1,"4,08",,,,"4,71",,"0,1027265342",FALSE,2004.0,1.0
,DB13209,Bismuth subnitrate,A02BX12,ЖКТ и обмен веществ,,14,[OH-].[OH-].[OH-].[OH-].[OH-].[OH-].[OH-].[OH-].[OH-].[O--].[Bi+3].[Bi+3].[Bi+3].[Bi+3].[Bi+3].[O-][N+]([O-])=O.[O-][N+]([O-])=O.[O-][N+]([O-])=O.[O-][N+]([O-])=O,"-9,9",,,,"0,84",,"-0,9950423804",FALSE,,
CHEMBL3301667,DB09116,Calcium carbimide,N07BB02,Нервная система,No Drug Record,"3,09",[Ca++].[N-]=C=[N-],"3,56",,,,"0,04",,"-0,1358501199",FALSE,,
CHEMBL163672,DB13279,Carbocromen,C01DX05,Сердечно-сосудистая система,Success,"24,95",CCOC(=O)COC1=CC2=C(C=C1)C(C)=C(CCN(CC)CC)C(=O)O2,"9,1",,,,"3,55",,"-0,1282299961",FALSE,,
CHEMBL22150,DB08936,Chlorcyclizine,R06AE04,Дыхательная система,Success,NAN,CN1CCN(CC1)C(C1=CC=CC=C1)C1=CC=C(Cl)C=C1,"7,63",,,,"4,16",,"-0,1740696593",FALSE,,
CHEMBL2110774,DB09007,Chlorphenoxamine,R06AA06; R06AA56; D04AA34,Дыхательная система,Success,NAN,CN(C)CCOC(C)(C1=CC=CC=C1)C1=CC=C(Cl)C=C1,"8,87",,,,"4,45",,"0,06049764487",FALSE,,
CHEMBL1771,DB00758,Clopidogrel,B01AC04,Кровь и органы кроветворения,Success,"22,07",[H][C@@](N1CCC2=C(C1)C=CS2)(C(=O)OC)C1=CC=CC=C1Cl,"4,77",,,,"3,84",,"-1,359730515",FALSE,1997.0,1.0
CHEMBL304902,DB13256,Clothiapine,N05AH06,Нервная система,Success,NAN,CN1CCN(CC1)C1=NC2=CC=CC=C2SC2=C1C=C(Cl)C=C2,"7,23",,,,"4,1",,"0,2773756158",FALSE,,
CHEMBL329203,DB08999,Cyclopentamine,R01AA02,Дыхательная система,Success,NAN,CNC(C)CC1CCCC1,"10,61",,,,"2,86",,"-2,277403978",FALSE,,
CHEMBL218650,DB11637,Delamanid,J04AK06,Противомикробные (системные),Success,"29,01",C[C@]1(COC2=CC=C(C=C2)N2CCC(CC2)OC2=CC=C(OC(F)(F)F)C=C2)CN2C=C(N=C2O1)[N+]([O-])=O,"5,51",,,,"5,71",,"0,4726277046",FALSE,2014.0,0.0
CHEMBL333826,DB04209,Dequalinium,R02AA02; G01AC05; D08AH01,Дыхательная система,Success,"29,28",CC1=CC(N)=C2C=CC=CC2=[N+]1CCCCCCCCCC[N+]1=C(C)C=C(N)C2=C1C=CC=C2,"-0,34",,,,"0,16",,"0,3048440391",FALSE,,
CHEMBL827,DB06701,Dexmethylphenidate,N06BA11,Нервная система,Success,"21,46",[H][C@@](C(=O)OC)(C1=CC=CC=C1)[C@@]1([H])CCCCN1,"9,09",,,,"2,25",,"-1,804816356",FALSE,2001.0,1.0
CHEMBL612,DB01576,Dextroamphetamine,N06BA02,Нервная система,Success,NAN,C[C@H](N)CC1=CC=CC=C1,"10,01",,,,"1,85",,"-1,158863079",FALSE,1955.0,1.0
CHEMBL52440,DB00514,Dextromethorphan,R05DA09; N07XX59,Дыхательная система,Success,"34,94",[H][C@]12CCCC[C@]11CCN(C)[C@H]2CC2=C1C=C(OC)C=C2,"9,85",,,,"3,75",,"-2,751248956",FALSE,1982.0,1.0
CHEMBL1442422,DB13225,Dibenzepin,N06AA08,Нервная система,Success,"32,23",CN(C)CCN1C2=CC=CC=C2N(C)C2=CC=CC=C2C1=O,"8,23",,,,"2,33",,"0,2583397538",FALSE,,0.0
CHEMBL1697834,DB01495,Dichloralphenazone,N05CC04,Нервная система,Success,"9,81",OC(O)C(Cl)(Cl)Cl.OC(O)C(Cl)(Cl)Cl.CN1N(C(=O)C=C1C)C1=CC=CC=C1,"0,49",,,,"1,18",,"-0,6251642976",FALSE,,
CHEMBL1123,DB00804,Dicyclomine,A03AA07,ЖКТ и обмен веществ,Success,"34,92",CCN(CC)CCOC(=O)C1(CCCCC1)C1CCCCC1,"8,96",,,,"5,82",,"-1,59387037",FALSE,1950.0,1.0
CHEMBL1453317,DB11282,Diethyltoluamide,P03BX01,Противопаразитарные препараты,Success,NAN,CCN(CC)C(=O)C1=CC(C)=CC=C1,"-0,95",,,,"2,1",,"-0,1506564061",FALSE,,
CHEMBL35505,DB12945,Dihydralazine,C02DB01,Сердечно-сосудистая система,Success,"20,25",NNC1=C2C=CC=CC2=C(NN)N=N1,"7,84",,,,"0,86",,"0,3269927778",FALSE,,
CHEMBL1184360,DB13858,Dimazole,D01AE17,Дерматологические препараты,Success,"33,04",CCN(CC)CCOC1=CC2=C(C=C1)N=C(S2)N(C)C,"9,28",,,,"3,57",,"0,5997568368",TRUE,,0.0
CHEMBL1200406,DB00985,Dimenhydrinate,R06AA11,Дыхательная система,Success,"5,69",CN1C2=C(N=C(Cl)N2)C(=O)N(C)C1=O.CN(C)CCOC(C1=CC=CC=C1)C1=CC=CC=C1,"8,87",,,,"0,44",,"-0,3221382063",FALSE,,
CHEMBL1328913,DB08996,Dimetacrine,N06AA18,Нервная система,Success,"34,6",CN(C)CCCN1C2=CC=CC=C2C(C)(C)C2=CC=CC=C12,"9,2",,,,"4,96",,"0,734647122",TRUE,,
CHEMBL2107333,DB08908,Dimethyl fumarate,L04AX07,Противоопухолевые препараты и иммуномодуляторы,Success,"27,83",[H]\C(=C(\[H])C(=O)OC)C(=O)OC,"-6,5",,,,"0,45",,"-0,2694915254",FALSE,,
CHEMBL346977,DB08967,Dimetotiazine,N02CX05,Нервная система,Success,"31,89",CC(CN1C2=CC=CC=C2SC2=C1C=C(C=C2)S(=O)(=O)N(C)C)N(C)C,"8,99",,,,"3,47",,"0,001576368188",FALSE,,
CHEMBL1187011,DB11594,Domiphen,A01AB06,ЖКТ и обмен веществ,Success,"31,98",CCCCCCCCCCCC[N+](C)(C)CCOC1=CC=CC=C1,"-4,9",,,,"3,1",,"0,2913660995",FALSE,,
CHEMBL1492500,DB09167,Dosulepin,N06AA16,Нервная система,Success,"32,89",CN(C)CC\C=C1/C2=CC=CC=C2CSC2=CC=CC=C12,"9,76",,,,"4,98",,"0,3664650889",FALSE,,
CHEMBL551978,DB06751,Drotaverine,A03AD02,ЖКТ и обмен веществ,Success,"30,75",CCOC1=C(OCC)C=C(\C=C2/NCCC3=CC(OCC)=C(OCC)C=C23)C=C1,"7,11",,,,"5,35",,"-0,5445381056",FALSE,,
CHEMBL1213420,DB09215,Droxicam,M01AC04,Костно-мышечная система,Success,"32,32",CN1C2=C(OC(=O)N(C2=O)C2=CC=CC=N2)C2=CC=CC=C2S1(=O)=O,"0,92",,,,"1,75",,"-0,5058683972",FALSE,,
CHEMBL3545376,DB12147,Erdafitinib,L01EN01,Противоопухолевые препараты и иммуномодуляторы,Success,"32,48",COC1=CC(=CC(OC)=C1)N(CCNC(C)C)C1=CC=C2N=CC(=NC2=C1)C1=CN(C)N=C1,"9,72",,,,"3,57",,"-0,435011845",FALSE,2019.0,1.0
CHEMBL2107583,DB01613,Erythrityl tetranitrate,C01DA63; C01DA13,Сердечно-сосудистая система,Success,"21,47",[O-][N+](=O)OC[C@@H](O[N+]([O-])=O)[C@H](CO[N+]([O-])=O)O[N+]([O-])=O,"-5,5",,,,"1,68",,"-0,8741162023",FALSE,,
CHEMBL1200623,DB01493,Ethylestrenol,A14AB02,ЖКТ и обмен веществ,Success,"20,78",[H][C@@]12CC[C@@](O)(CC)[C@@]1(C)CC[C@]1([H])[C@@]3([H])CCCC=C3CC[C@@]21[H],"-0,27",,,,"5,2",,"-2,555825418",FALSE,,
CHEMBL2106227,DB08986,Etifoxine,N05BX03,Нервная система,Success,"20,95",CCNC1=NC2=CC=C(Cl)C=C2C(C)(O1)C1=CC=CC=C1,"5,18",,,,"4,52",,"-0,4096168944",FALSE,,
CHEMBL1743259,DB09194,Etoperidone,N06AB09,Нервная система,Success,"26,43",CCN1C(=O)N(CCCN2CCN(CC2)C2=CC=CC(Cl)=C2)N=C1CC,"7,09",,,,"2,81",,"-0,1706681719",FALSE,,
CHEMBL254832,DB08980,Fendiline,C08EA01,Сердечно-сосудистая система,Success,NAN,CC(NCCC(C1=CC=CC=C1)C1=CC=CC=C1)C1=CC=CC=C1,"9,78",,,,"5,63",,"-0,8938881892",FALSE,,
,DB11576,Ferric oxide,V08CB03,Прочие препараты,,NAN,O=[Fe]O[Fe]=O,-3,,,,"0,37",,"-2,980604865",FALSE,,
CHEMBL1631694,DB12265,Fexinidazole,P01CA03,Противопаразитарные препараты,Success,"31,26",CSC1=CC=C(OCC2=NC=C(N2C)[N+]([O-])=O)C=C1,"1,03",,,,"2,28",,"-0,3177544613",FALSE,2021.0,1.0
CHEMBL3608680,DB15669,Fezolinetant,G02CX06,Мочеполовая система и половые гормоны,Success,"27,63",C[C@H]1N(CCN2C1=NN=C2C1=NC(C)=NS1)C(=O)C1=CC=C(F)C=C1,"0,87",,,,"1,57",,"0,2397742336",FALSE,,
CHEMBL566752,DB09148,Florbetaben F-18,V09AX06,Прочие препараты,No Drug Record,"24,63",CNC1=CC=C(\C=C\C2=CC=C(OCCOCCOCC[18F])C=C2)C=C1,"4,62",,,,"4,2",,"1,304396595",TRUE,,
CHEMBL1774461,DB09149,Florbetapir F-18,V09AX05,Прочие препараты,No Drug Record,"24,63",[H]N(C1=C([H])C([H])=C(\C([H])=C(/[H])C2=C([H])N=C(OC([H])([H])C([H])([H])OC([H])([H])C([H])([H])OC([H])([H])C([H])([H])[18F])C([H])=C2[H])C([H])=C1[H])C([H])([H])[H],"4,62",,,,"3,61",,"1,104655945",TRUE,,
CHEMBL1908307,DB13228,Flosequinan,C01DB01,Сердечно-сосудистая система,Success,"30,92",CN1C=C(C(=O)C2=C1C=C(F)C=C2)S(C)=O,"-1,4",,,,"1,13",,"1,920384774",TRUE,,
CHEMBL284092,DB12184,Gepirone,N06AX19,Нервная система,Success,"22,57",CC1(C)CC(=O)N(CCCCN2CCN(CC2)C2=NC=CC=N2)C(=O)C1,"7,62",,,,"2,09",,"-0,4684937967",FALSE,,
CHEMBL3317856,DB12134,Gepotidacin,J01XX13,Противомикробные (системные),Success,"29,74",O=C1C=CC2=C3N1C[C@@H](CN1CCC(CC1)NCC1=CC4=C(OCCC4)C=N1)N3C(=O)C=N2,"8,62",,,,"0,97",,"-1,736424018",FALSE,,
CHEMBL2105745,DB08909,Glycerol phenylbutyrate,A16AX09,ЖКТ и обмен веществ,Success,"25,12",O=C(CCCC1=CC=CC=C1)OCC(COC(=O)CCCC1=CC=CC=C1)OC(=O)CCCC1=CC=CC=C1,"-6,6",,,,"6,41",,"-0,5645597704",FALSE,,
CHEMBL76725,DB13211,Guanoxan,C02CC03,Сердечно-сосудистая система,Success,"19,76",NC(=N)NCC1COC2=C(O1)C=CC=C2,"11,99",,,,"0,1",,"-1,557667968",FALSE,,
CHEMBL25105,DB03808,Hexamidine,D08AC04; R02AA18; R01AX07; S01AX08; S03AA05,Дерматологические препараты,Success,"21,36",NC(=N)C1=CC=C(OCCCCCCOC2=CC=C(C=C2)C(N)=N)C=C1,"12,13",,,,"1,77",,"0,1079138038",FALSE,,
CHEMBL144673,DB08958,Hexetidine,G01AX16; A01AB12,Мочеполовая система и половые гормоны,Success,NAN,CCCCC(CC)CN1CN(CC(CC)CCCC)CC(C)(N)C1,"9,08",,,,"4,98",,"-0,6956579367",FALSE,,
CHEMBL127300,DB13265,Hexobendine,C01DX06,Сердечно-сосудистая система,Success,NAN,COC1=CC(=CC(OC)=C1OC)C(=O)OCCCN(C)CCN(C)CCCOC(=O)C1=CC(OC)=C(OC)C(OC)=C1,"9,26",,,,"3,16",,"-0,3672732477",FALSE,,
CHEMBL1094982,DB08949,Inositol nicotinate,C04AC03,Сердечно-сосудистая система,Success,NAN,O=C(O[C@H]1[C@H](OC(=O)C2=CC=CN=C2)[C@@H](OC(=O)C2=CC=CN=C2)[C@H](OC(=O)C2=CC=CN=C2)[C@H](OC(=O)C2=CC=CN=C2)[C@@H]1OC(=O)C1=CC=CN=C1)C1=CC=CN=C1,"4,02",,,,"3,49",,"-0,08815692975",FALSE,,
CHEMBL818,DB06704,Iobenguane,V09IX02; V09IX01; V10XA02,Прочие препараты,Success,"19,63",NC(N)=NCC1=CC(I)=CC=C1,"11,27",,,,"1,53",,"-1,203237969",FALSE,1994.0,0.0
,DB09480,Iofetamine I-123,V09AB01,Прочие препараты,,NAN,CC(C)NC(C)CC1=CC=C([123I])C=C1,"10,35",,,,"3,58",,"-1,391420716",FALSE,,
CHEMBL3989517,DB08824,Ioflupane I-123,V09AB03,Прочие препараты,No Drug Record,"23,23",[H][C@]12CC[C@]([H])([C@H]([C@H](C1)C1=CC=C([123I])C=C1)C(=O)OC)N2CCCF,"9,46",,,,"4,24",,"-0,9849505275",FALSE,,
,DB08944,Isoaminile,R05DB04,Дыхательная система,,NAN,CC(C)[C@@](C[C@H](C)N(C)C)(C#N)C1=CC=CC=C1,"8,73",,,,"3,44",,"-1,758721133",FALSE,,
CHEMBL1571863,DB08943,Isoconazole,D01AC05; G01AF07,Дерматологические препараты,Success,NAN,ClC1=CC(Cl)=C(C=C1)C(CN1C=CN=C1)OCC1=C(Cl)C=CC=C1Cl,"6,48",,,,"5,23",,"-0,7369768794",FALSE,,
CHEMBL1697841,DB06706,Isometheptene,A03AX10,ЖКТ и обмен веществ,Success,NAN,CNC(C)CCC=C(C)C,"10,67",,,,"2,07",,"-1,740010934",FALSE,,
CHEMBL471737,DB09083,Ivabradine,C01EB17,Сердечно-сосудистая система,Success,"33,72",COC1=C(OC)C=C2[C@@H](CN(C)CCCN3CCC4=CC(OC)=C(OC)C=C4CC3=O)CC2=C1,"9,37",,,,"3,17",,"-1,363855868",FALSE,2005.0,1.0
CHEMBL295698,DB05667,Levoketoconazole,H02CA04,Гормональные препараты (системные),Success,"25,58",CC(=O)N1CCN(CC1)C1=CC=C(OC[C@@H]2CO[C@](CN3C=CN=C3)(O2)C2=CC=C(Cl)C=C2Cl)C=C1,"6,42",,,,"4,3",,"-0,8335191753",FALSE,2021.0,1.0
CHEMBL99946,DB08918,Levomilnacipran,N06AX28,Нервная система,Success,NAN,CCN(CC)C(=O)[C@]1(C[C@H]1CN)C1=CC=CC=C1,"9,83",,,,"1,72",,"-0,997793305",FALSE,2013.0,1.0
CHEMBL237500,DB08882,Linagliptin,A10BH05,ЖКТ и обмен веществ,Success,"27,75",CC#CCN1C(=NC2=C1C(=O)N(CC1=NC3=C(C=CC=C3)C(C)=N1)C(=O)N2C)N1CCC[C@@H](N)C1,"9,86",,,,"2,62",,"-1,666563817",FALSE,2011.0,1.0
CHEMBL998,DB00455,Loratadine,R06AX13,Дыхательная система,Success,SMILES_WRONG,CCOC(=O)N1CCC(CC1)=C1C2=C(CCC3=C1N=CC=C3)C=C(Cl)C=C2,"4,33",,,,"4,8",,"-0,4832164848",FALSE,1993.0,1.0
CHEMBL360328,DB04871,Lorcaserin,A08AA11,ЖКТ и обмен веществ,Success,"34,79",C[C@H]1CNCCC2=CC=C(Cl)C=C12,"10,12",,,,3,,"-2,427234234",FALSE,2012.0,1.0
CHEMBL2105689,DB08933,Luliconazole,D01AC18,Дерматологические препараты,Success,"31,15",ClC1=CC(Cl)=C(C=C1)[C@@H]1CS\C(S1)=C(\C#N)N1C=CN=C1,"6,34",,,,"4,27",,"-1,256371798",FALSE,2013.0,0.0
CHEMBL1237021,DB08815,Lurasidone,N05AE05,Нервная система,Success,"20,34",[H][C@@]12[C@H]3CC[C@H](C3)[C@]1([H])C(=O)N(C[C@@H]1CCCC[C@H]1CN1CCN(CC1)C1=NSC3=CC=CC=C13)C2=O,"8,5",,,,"5,25",,"-1,058393459",FALSE,2010.0,1.0
CHEMBL282121,DB12554,Mebeverine,A03AA04,ЖКТ и обмен веществ,Success,"34,44",CCN(CCCCOC(=O)C1=CC(OC)=C(OC)C=C1)C(C)CC1=CC=C(OC)C=C1,"10,31",,,,"4,87",,"-0,4113507015",FALSE,,
CHEMBL1623,DB00737,Meclizine,R06AE55; R06AE05,Дыхательная система,Success,NAN,CC1=CC(CN2CCN(CC2)C(C2=CC=CC=C2)C2=CC=C(Cl)C=C2)=CC=C1,"7,71",,,,"5,59",,"-0,1607104747",FALSE,1957.0,1.0
CHEMBL85231,DB13219,Medifoxamine,N06AX13,Нервная система,Success,"23,96",CN(C)CC(OC1=CC=CC=C1)OC1=CC=CC=C1,"8,18",,,,"3,05",,"0,01967806942",FALSE,,0.0
CHEMBL1201234,DB01365,Mephentermine,C01CA11,Сердечно-сосудистая система,Success,NAN,CNC(C)(C)CC1=CC=CC=C1,"10,3",,,,"2,54",,"-1,076883329",FALSE,1951.0,0.0
CHEMBL978,DB06709,Methacholine,V04CX03,Прочие препараты,Success,"24,99",CC(C[N+](C)(C)C)OC(C)=O,-7,,,,"-2,7",,"-1,308910706",FALSE,,
CHEMBL282052,DB04833,Methaqualone,N05CM01; N05CX02,Нервная система,Success,"24,77",CC1=CC=CC=C1N1C(C)=NC2=CC=CC=C2C1=O,"1,18",,,,"2,54",,"-0,03527256433",FALSE,,0.0
CHEMBL1201270,DB06799,Methenamine,R01AX01; J01XX05,Дыхательная система,Success,NAN,C1N2CN3CN1CN(C2)C3,"5,88",,,,"-1,4",,"-0,8405168943",FALSE,1967.0,1.0
CHEMBL2010507,DB13624,Methoxyphenamine,R03CB02,Дыхательная система,Success,"34,94",CNC(C)CC1=CC=CC=C1OC,"10,04",,,,"2,13",,"-0,6099795936",FALSE,,
CHEMBL405110,DB09241,Methylene blue,V03AB17; V04CG05,Прочие препараты,No Drug Record,-7,[Cl-].CN(C)C1=CC2=[S+]C3=C(C=CC(=C3)N(C)C)N=C2C=C1,"2,44",,,,"3,61",,"1,112498318",TRUE,,
CHEMBL796,DB00422,Methylphenidate,N06BA04,Нервная система,Success,"21,46",COC(=O)C(C1CCCCN1)C1=CC=CC=C1,"9,09",,,,"1,47",,"-1,804816356",FALSE,1955.0,1.0
CHEMBL6437,DB06148,Mianserin,N06AX03,Нервная система,Success,"30,37",CN1CCN2C(C1)C1=CC=CC=C1CC1=CC=CC=C21,"6,92",,,,"3,52",,"-1,548317109",FALSE,,0.0
CHEMBL91,DB01110,Miconazole,G01AF04; D01AC02; A01AB09; S02AA13; J02AB01; D01AC52; A07AC01,Мочеполовая система и половые гормоны,Success,NAN,ClC1=CC(Cl)=C(COC(CN2C=CN=C2)C2=C(Cl)C=C(Cl)C=C2)C=C1,"6,48",,,,"5,86",,"-0,8156701942",FALSE,1974.0,0.0
CHEMBL259209,DB04896,Milnacipran,N06AX17,Нервная система,Success,NAN,CCN(CC)C(=O)C1(CC1CN)C1=CC=CC=C1,"9,83",,,,"1,72",,"-0,997793305",FALSE,2009.0,1.0
CHEMBL19236,DB09242,Moxonidine,C02AC05,Сердечно-сосудистая система,Success,"15,6",COC1=NC(C)=NC(Cl)=C1NC1=NCCN1,"7,26",,,,"1,01",,"-1,733874575",FALSE,1991.0,1.0
CHEMBL465026,DB12293,Nefopam,N02BG06,Нервная система,Success,NAN,CN1CCOC(C2=CC=CC=C2)C2=CC=CC=C2C1,"7,72",,,,"3,16",,"-1,727333999",FALSE,,
CHEMBL2097081,DB00325,Nitroprusside,C02DD01,Сердечно-сосудистая система,Success,NAN,O=N[Fe--](C#N)(C#N)(C#N)(C#N)C#N,"-3,3",,,,"0,071",,"-1,329193919",FALSE,,
CHEMBL273575,DB04821,Nomifensine,N06AX04,Нервная система,Success,"24,14",CN1CC(C2=CC=CC=C2)C2=C(C1)C(N)=CC=C2,"8,8",,,,"2,94",,"-1,100550937",FALSE,1984.0,1.0
CHEMBL4297666,DB15071,Omidenepag isopropyl,G01AE10,Мочеполовая система и половые гормоны,No ATC,"25,69",CC(C)OC(=O)CNC1=CC=CC(CN(CC2=CC=C(C=C2)N2C=CC=N2)S(=O)(=O)C2=CC=CN=C2)=N1,"2,62",,,,"3,08",,"-0,7291663734",FALSE,2022.0,0.0
CHEMBL3099695,DB11837,Osilodrostat,H02CA02,Гормональные препараты (системные),Success,NAN,FC1=C(C=CC(=C1)C#N)[C@H]1CCC2=CN=CN12,"7,15",,,,"2,18",,"-0,1572472214",FALSE,2020.0,1.0
CHEMBL1500276,DB04822,Oxeladin,R05DB09,Дыхательная система,Success,"32,65",CCN(CC)CCOCCOC(=O)C(CC)(CC)C1=CC=CC=C1,"9,41",,,,"4,62",,"-0,2647949682",FALSE,,
CHEMBL1262,DB00239,Oxiconazole,G01AF17; D01AC11,Мочеполовая система и половые гормоны,Success,"23,57",ClC1=CC(Cl)=C(CO\N=C(/CN2C=CN=C2)C2=CC=C(Cl)C=C2Cl)C=C1,"6,74",,,,"5,28",,"-0,980661136",FALSE,1988.0,0.0
CHEMBL1620875,DB13216,Oxolamine,R05DB07,Дыхательная система,Success,"31,04",CCN(CC)CCC1=NC(=NO1)C1=CC=CC=C1,"8,96",,,,"2,7",,"-0,3767715368",FALSE,,
CHEMBL185073,DB01337,Pancuronium,M03AC01,Костно-мышечная система,Success,"24,69",[H][C@@]12C[C@@H]([C@H](OC(C)=O)[C@@]1(C)CC[C@@]1([H])[C@@]2([H])CC[C@@]2([H])C[C@H](OC(C)=O)[C@H](C[C@]12C)[N+]1(C)CCCCC1)[N+]1(C)CCCCC1,"-6,7",,,,"1,04",,"-2,53809288",FALSE,,
CHEMBL673,DB01626,Pargyline,C02KC01,Сердечно-сосудистая система,Success,"24,71",CN(CC#C)CC1=CC=CC=C1,"8,05",,,,"2,05",,"-1,20990621",FALSE,1982.0,1.0
CHEMBL466659,DB06154,Pentaerythritol tetranitrate,C01DA05; C01DA55,Сердечно-сосудистая система,Success,"28,64",[O-][N+](=O)OCC(CO[N+]([O-])=O)(CO[N+]([O-])=O)CO[N+]([O-])=O,"-5,5",,,,"1,62",,"-0,3037696464",FALSE,,
CHEMBL116943,DB13415,Pentetrazol,R07AB53; R07AB03,Дыхательная система,Success,NAN,C1CCN2N=NN=C2CC1,"-0,45",,,,"0,56",,"-2,300644801",FALSE,,
CHEMBL73234,DB11186,Pentoxyverine,R05DB05,Дыхательная система,Success,"32,65",CCN(CC)CCOCCOC(=O)C1(CCCC1)C1=CC=CC=C1,"9,41",,,,"4,16",,"-0,9539393432",FALSE,,1.0
CHEMBL1214124,DB08883,Perampanel,N03AX22,Нервная система,Success,NAN,O=C1N(C=C(C=C1C1=CC=CC=C1C#N)C1=NC=CC=C1)C1=CC=CC=C1,"4,01",,,,"3,54",,"-0,4885152833",FALSE,2012.0,1.0
CHEMBL1697766,DB12710,Perazine,N05AB10,Нервная система,Success,"34,6",CN1CCN(CCCN2C3=CC=CC=C3SC3=CC=CC=C23)CC1,"8,41",,,,"4,19",,"0,4917940631",FALSE,,
CHEMBL1193,DB01620,Pheniramine,D04AA16; R06AB05,Дерматологические препараты,Success,NAN,CN(C)CCC(C1=CC=CC=C1)C1=CC=CC=N1,"9,48",,,,"2,85",,"-0,7801336354",FALSE,1994.0,0.0
CHEMBL1550,DB01022,Phylloquinone,B02BA01,Кровь и органы кроветворения,Success,"18,57",CC(C)CCC[C@@H](C)CCC[C@@H](C)CCC\C(C)=C\CC1=C(C)C(=O)C2=C(C=CC=C2)C1=O,"-7,2",,,,"8,48",,"-0,6364194241",FALSE,,
CHEMBL152408,DB13292,Pimethixene,R06AX23,Дыхательная система,Success,"34,22",CN1CCC(CC1)=C1C2=CC=CC=C2SC2=CC=CC=C12,"7,96",,,,"4,88",,"0,4367834591",FALSE,,
CHEMBL1201206,DB01338,Pipecuronium,M03AC06,Костно-мышечная система,Success,"24,69",[H][C@@]12C[C@@H]([C@H](OC(C)=O)[C@@]1(C)CC[C@@]1([H])[C@@]2([H])CC[C@@]2([H])C[C@H](OC(C)=O)[C@H](C[C@]12C)N1CC[N+](C)(C)CC1)N1CC[N+](C)(C)CC1,"5,31",,,,"-1,4",,"-2,410501073",FALSE,1990.0,0.0
CHEMBL303933,DB13941,Piperaquine,P01BX02; P01BF07; P01BF05,Противопаразитарные препараты,No ATC,NAN,ClC1=CC2=C(C=C1)C(=CC=N2)N1CCN(CCCN2CCN(CC2)C2=CC=NC3=C2C=CC(Cl)=C3)CC1,"8,47",,,,"5,53",,"0,2175181774",FALSE,,
CHEMBL1256391,DB04951,Pirfenidone,L04AX05,Противоопухолевые препараты и иммуномодуляторы,Success,"33,08",CC1=CN(C(=O)C=C1)C1=CC=CC=C1,"-1,2",,,,2,,"-0,2209318804",FALSE,,
CHEMBL462605,DB11642,Pitolisant,N07XX11,Нервная система,Success,NAN,ClC1=CC=C(CCCOCCCN2CCCCC2)C=C1,"9,67",,,,"4,47",,"0,1069686253",FALSE,2016.0,1.0
CHEMBL167731,DB06193,Pixantrone,L01DB11,Противоопухолевые препараты и иммуномодуляторы,Success,"19,32",NCCNC1=CC=C(NCCN)C2=C1C(=O)C1=C(C=NC=C1)C2=O,"9,52",,,,"0,57",,"0,3152953376",FALSE,2012.0,0.0
CHEMBL294951,DB06153,Pizotifen,N02CX01,Нервная система,Success,SMILES_WRONG,CN1CCC(CC1)=C1C2=C(CCC3=CC=CC=C13)SC=C2,"7,98",,,,"4,7",,"-0,3527493804",FALSE,,
CHEMBL1198,DB09345,Pramocaine,D04AB07; C05AD07,Дерматологические препараты,Success,NAN,CCCCOC1=CC=C(OCCCN2CCOCC2)C=C1,"7,06",,,,"3,03",,"0,08002622503",FALSE,1976.0,0.0
CHEMBL24072,DB04825,Prenylamine,C01DX52; C01DX02,Сердечно-сосудистая система,Success,NAN,CC(CC1=CC=CC=C1)NCCC(C1=CC=CC=C1)C1=CC=CC=C1,"10,48",,,,"5,89",,"-1,013678668",FALSE,,0.0
CHEMBL1078261,DB12278,Propiverine,G04BD06,Мочеполовая система и половые гормоны,Success,NAN,CCCOC(C(=O)OC1CCN(C)CC1)(C1=CC=CC=C1)C1=CC=CC=C1,"8,72",,,,"4,16",,"-0,8040122309",FALSE,,
CHEMBL1200821,DB09366,Propyliodone,V08AD03,Прочие препараты,Success,"23,9",CCCOC(=O)CN1C=C(I)C(=O)C(I)=C1,"-7,2",,,,"2,28",,"-0,5764346484",FALSE,,
CHEMBL1626223,DB11156,Pyrantel,P02CC01,Противопаразитарные препараты,Success,"25,82",[H]\C(=C(\[H])C1=NCCCN1C)C1=CC=CS1,"10,71",,,,"2,69",,"-0,01022001667",FALSE,,
CHEMBL1201303,DB06816,Pyrvinium,P02CX01,Противопаразитарные препараты,Success,"25,5",CN(C)C1=CC2=C(C=C1)[N+](C)=C(\C=C\C1=C(C)N(C(C)=C1)C1=CC=CC=C1)C=C2,"1,48",,,,"2,04",,"1,299830055",TRUE,1982.0,1.0
CHEMBL107360,DB13246,Quinupramine,N06AA23,Нервная система,Success,"32,52",C1CN2CCC1C(C2)N1C2=CC=CC=C2CCC2=CC=CC=C12,"8,71",,,,"4,49",,"-0,9395983933",FALSE,,
CHEMBL887,DB01367,Rasagiline,N04BD02,Нервная система,Success,"24,74",C#CCN[C@@H]1CCC2=CC=CC=C12,"8,4",,,,"2,26",,"-2,665945729",FALSE,2005.0,1.0
CHEMBL4297526,DB12404,Remimazolam,N05CD14,Нервная система,Success,"21,81",COC(=O)CC[C@@H]1N=C(C2=CC=CC=N2)C2=CC(Br)=CC=C2N2C(C)=CN=C12,"5,99",,,,"3,68",,"-0,9445418713",FALSE,2020.0,0.0
CHEMBL289480,DB11738,Rilmenidine,C02AC06,Сердечно-сосудистая система,Success,"20,98",C1CC1C(NC1=NCCO1)C1CC1,"7,11",,,,"1,43",,"-2,218839707",FALSE,,
CHEMBL4297528,DB15305,Risdiplam,M09AX10,Костно-мышечная система,Success,"31,47",CC1=CN2N=C(C=C(C)C2=N1)C1=CC(=O)N2C=C(C=CC2=N1)N1CCNC2(CC2)C1,"8,7",,,,"1,22",,"-0,7417230202",FALSE,2020.0,1.0
CHEMBL85,DB00734,Risperidone,N05AX08,Нервная система,Success,"25,53",CC1=C(CCN2CCC(CC2)C2=NOC3=C2C=CC(F)=C3)C(=O)N2CCCCC2=N1,"8,76",,,,"3,27",,"-0,02274609271",FALSE,1993.0,1.0
CHEMBL1734,DB01591,Solifenacin,G04BD08,Мочеполовая система и половые гормоны,Success,"29,34",O=C(O[C@H]1CN2CCC1CC2)N1CCC2=CC=CC=C2[C@@H]1C1=CC=CC=C1,"8,88",,,,"3,9",,"-2,109972114",FALSE,2004.0,1.0
CHEMBL1908847,DB06727,Sparteine,C01BA04,Сердечно-сосудистая система,Success,NAN,[H][C@@]12CCCCN1C[C@@H]1C[C@H]2CN2CCCC[C@]12[H],"9,16",,,,"2,98",,"-1,762705553",FALSE,,
CHEMBL703,DB00202,Succinylcholine,M03AB01,Костно-мышечная система,Success,"21,54",C[N+](C)(C)CCOC(=O)CCC(=O)OCC[N+](C)(C)C,"-6,8",,,,"-2,5",,"-0,3155785705",FALSE,,
CHEMBL1221,DB06820,Sulconazole,D01AC09,Дерматологические препараты,Success,NAN,ClC1=CC=C(CSC(CN2C=CN=C2)C2=C(Cl)C=C(Cl)C=C2)C=C1,"6,78",,,,"5,72",,"-0,6863095564",FALSE,1985.0,0.0
CHEMBL1083659,DB09034,Suvorexant,N05CJ01,Нервная система,Success,"33,39",[H][C@@]1(C)CCN(CCN1C(=O)C1=C(C=CC(C)=C1)N1N=CC=N1)C1=NC2=C(O1)C=CC(Cl)=C2,"0,25",,,,"3,86",,"-1,325111556",FALSE,2014.0,1.0
CHEMBL15768,DB14156,Synthetic camphor,C01EB02,Сердечно-сосудистая система,Success,"20,69",CC1(C)C2CCC1(C)C(=O)C2,"-7,5",,,,"2,85",,"-3,106648079",FALSE,,
CHEMBL83,DB00675,Tamoxifen,L02BA01,Противоопухолевые препараты и иммуномодуляторы,Success,"32,97",CC\C(=C(/C1=CC=CC=C1)C1=CC=C(OCCN(C)C)C=C1)C1=CC=CC=C1,"8,76",,,,"5,93",,"0,1600020668",FALSE,1977.0,1.0
,DB09160,Technetium Tc-99m tetrofosmin,V09GA02,Прочие препараты,,14,O.O.[98Tc].CCOCCP(CCOCC)CCP(CCOCC)CCOCC.CCOCCP(CCOCC)CCP(CCOCC)CCOCC,"8,3",,,,"3,85",,"-0,4177506188",FALSE,,
CHEMBL698,DB09085,Tetracaine,S01HA03; N01BA03; C05AD02; D04AB06,Органы чувств,Success,"21,24",CCCCNC1=CC=C(C=C1)C(=O)OCCN(C)C,"8,42",,,,"3,54",,"0,1362236319",FALSE,2005.0,0.0
CHEMBL1266,DB06764,Tetryzoline,S01GA02; S01GA52; R01AA06; R01AB03,Органы чувств,Success,"21,29",C1CN=C(N1)C1CCCC2=CC=CC=C12,"10,17",,,,"3,11",,"-1,642066704",FALSE,1979.0,0.0
CHEMBL2105458,DB04826,Thenalidine,R06AX53; D04AA03; R06AX03,Дыхательная система,Success,NAN,CN1CCC(CC1)N(CC1=CC=CS1)C1=CC=CC=C1,"8,69",,,,"4,47",,"-1,105449565",FALSE,,0.0
CHEMBL609109,DB01622,Thioproperazine,N05AB08,Нервная система,Success,"34,6",CN(C)S(=O)(=O)C1=CC2=C(SC3=CC=CC=C3N2CCCN2CCN(C)CC2)C=C1,"7,96",,,,"3,09",,"0,3944925504",FALSE,,
CHEMBL1201,DB01623,Thiothixene,N05AF04,Нервная система,Success,"34,13",CN(C)S(=O)(=O)C1=CC2=C(SC3=CC=CC=C3\C2=C\CCN2CCN(C)CC2)C=C1,"8,16",,,,"4,01",,"0,2139666334",FALSE,1967.0,1.0
CHEMBL1623738,DB11235,Thonzylamine,D04AA01; R06AC06; R01AC06,Дерматологические препараты,Success,"34,94",COC1=CC=C(CN(CCN(C)C)C2=NC=CC=N2)C=C1,"8,62",,,,"2,4",,"-0,01025575225",FALSE,,
CHEMBL609,DB06824,Triethylenetetramine,A16AX12,ЖКТ и обмен веществ,Success,"34,83",NCCNCCNCCN,"9,77",,,,"-1,8",,"0,1529718596",FALSE,1985.0,1.0
CHEMBL4297585,DB11677,Triheptanoin,A16AX17,ЖКТ и обмен веществ,Success,"25,49",CCCCCCC(=O)OCC(COC(=O)CCCCCC)OC(=O)CCCCCC,"-6,6",,,,"6,42",,"-0,9188674797",FALSE,,
CHEMBL190044,DB09089,Trimebutine,A03AA05,ЖКТ и обмен веществ,Success,"32,75",CCC(COC(=O)C1=CC(OC)=C(OC)C(OC)=C1)(N(C)C)C1=CC=CC=C1,"8,48",,,,"3,94",,"-0,323391687",FALSE,,
CHEMBL1475,DB04571,Trioxsalen,D05AD01; D05BA01,Дерматологические препараты,Success,"25,34",CC1=CC2=CC3=C(OC(=O)C=C3C)C(C)=C2O1,"-2,8",,,,"3,26",,"-0,5485711656",FALSE,,
CHEMBL2364639,DB11915,Valbenazine,N07XX13,Нервная система,Success,"28,37",COC1=C(OC)C=C2[C@H]3C[C@@H](OC(=O)[C@@H](N)C(C)C)[C@H](CC(C)C)CN3CCC2=C1,"8,41",,,,"3,63",,"-2,273136949",FALSE,2017.0,1.0
CHEMBL1201219,DB01339,Vecuronium,M03AC03,Костно-мышечная система,Success,"24,69",[H][C@@]12C[C@@H]([C@H](OC(C)=O)[C@@]1(C)CC[C@@]1([H])[C@@]2([H])CC[C@@]2([H])C[C@H](OC(C)=O)[C@H](C[C@]12C)N1CCCCC1)[N+]1(C)CCCCC1,"9,65",,,,"2,07",,"-2,787164815",FALSE,1984.0,0.0
CHEMBL6966,DB00661,Verapamil,C08DA51; C08DA01,Сердечно-сосудистая система,Success,"34,45",COC1=C(OC)C=C(CCN(C)CCCC(C#N)(C(C)C)C2=CC(OC)=C(OC)C=C2)C=C1,"9,68",,,,"5,23",,"-1,431105808",FALSE,1981.0,1.0
CHEMBL306700,DB09185,Viloxazine,N06AX09,Нервная система,Success,"29,81",CCOC1=CC=CC=C1OCC1CNCCO1,"8,19",,,,"1,71",,"-1,028151414",FALSE,2021.0,1.0
CHEMBL2079130,DB11739,Vonoprazan,A02BC08,ЖКТ и обмен веществ,Success,"32,9",CNCC1=CN(C(=C1)C1=CC=CC=C1F)S(=O)(=O)C1=CC=CN=C1,"9,01",,,,"1,78",,"0,6335395375",TRUE,2022.0,1.0
CHEMBL2104993,DB09068,Vortioxetine,N06AX26,Нервная система,Success,"34,1",CC1=CC=C(SC2=CC=CC=C2N2CCNCC2)C(C)=C1,"8,85",,,,"4,51",,"-0,1171130102",FALSE,2013.0,1.0
CHEMBL37744,DB04832,Zimelidine,N06AB02,Нервная система,Success,NAN,CN(C)C\C=C(\C1=CC=C(Br)C=C1)C1=CC=CN=C1,"8,62",,,,"3,39",,"-0,05069013288",FALSE,,0.0
CHEMBL1201128,DB09321,Zinc oxide,C05AX04,Сердечно-сосудистая система,No Drug Record,NAN,O=[Zn],"-5,7",,,,"-0,2",,"-2,036419938",FALSE,,
CHEMBL1160819,,"AMMONIA SOLUTION, STRONG",V08CA07,Прочие препараты,,"33,62",N,"8,86",,,,"0,16",,"-1,872345714",FALSE,2007.0,0.0
CHEMBL289469,,GRANISETRON,A04AA02,ЖКТ и обмен веществ,,"14,74",CN1C2CCCC1CC(NC(=O)c1nn(C)c3ccccc13)C2,9,,,,"2,32",,"-1,748429985",FALSE,1993.0,1.0
CHEMBL14370,,REBOXETINE,N06AX18,Нервная система,,"29,63",CCOc1ccccc1OC(c1ccccc1)C1CNCCO1,"7,91",,,,"3,19",,"-1,661709947",FALSE,1997.0,1.0
CHEMBL2105527,,TETRAZEPAM,M03BX07,Костно-мышечная система,,"28,95",CN1C(=O)CN=C(C2=CCCCC2)c2cc(Cl)ccc21,"3,24",,,,"3,61",,"-1,016656391",FALSE,,0.0
CHEMBL254857,,FIPEXIDE,N06BX05,Нервная система,,"16,56",O=C(COc1ccc(Cl)cc1)N1CCN(Cc2ccc3c(c2)OCO3)CC1,"6,09",,,,"2,79",,"-0,9569483136",FALSE,,0.0
CHEMBL395110,,MEPAZINE,A04AA02,ЖКТ и обмен веществ,,"33,92",CN1CCCC(CN2c3ccccc3Sc3ccccc32)C1,"8,7",,,,"4,63",,"-0,89168931",FALSE,,0.0
CHEMBL2106939,,POLIHEXANIDE,S01AX24; D08AC05,Органы чувств,,"17,8",CCCCCCNC(=N)NC(=N)N,"11,97",,,,"0,57",,"-0,8467740779",FALSE,2024.0,0.0
CHEMBL64391,,ITRACONAZOLE,J02AC02,Противомикробные (системные),,NAN,CCC(C)n1ncn(-c2ccc(N3CCN(c4ccc(OCC5COC(Cn6cncn6)(c6ccc(Cl)cc6Cl)O5)cc4)CC3)cc2)c1=O,"3,91",,,,"5,58",,"-0,7836310748",FALSE,1992.0,1.0
CHEMBL1874750,,CINEPAZIDE,C04AX27,Сердечно-сосудистая система,,"21,75",COc1cc(/C=C/C(=O)N2CCN(CC(=O)N3CCCC3)CC2)cc(OC)c1OC,"5,91",,,,"1,49",,"-0,73063915",FALSE,1980.0,0.0
CHEMBL1201353,,DEXCHLORPHENIRAMINE,R06AB52; R06AB02,Дыхательная система,,NAN,CN(C)CC[C@@H](c1ccc(Cl)cc1)c1ccccn1,"9,47",,,,"3,82",,"-0,7037110874",FALSE,1981.0,1.0
CHEMBL363295,,TERODILINE,G04BD05,Мочеполовая система и половые гормоны,,NAN,CC(CC(c1ccccc1)c1ccccc1)NC(C)(C)C,"10,62",,,,"4,99",,"-0,6715823876",FALSE,1986.0,0.0
CHEMBL201960,,PYROVALERONE,N05CB01,Нервная система,,"18,56",CCCC(C(=O)c1ccc(C)cc1)N1CCCC1,"7,93",,,,"3,44",,"-0,5814085127",FALSE,,0.0
CHEMBL188921,,BUFLOMEDIL,C04AX20,Сердечно-сосудистая система,,"16,82",COc1cc(OC)c(C(=O)CCCN2CCCC2)c(OC)c1,"8,69",,,,"2,77",,"-0,4183553451",FALSE,,0.0
CHEMBL1945778,,IOFLUPANE,V09AB03,Прочие препараты,,"23,23",COC(=O)[C@H]1[C@@H](c2ccc(I)cc2)C[C@@H]2CC[C@H]1N2CCCF,"9,46",,,,"3,76",,"-0,2904964719",FALSE,2000.0,0.0
CHEMBL1201308,,IOFETAMINE,V09AB01,Прочие препараты,,NAN,CC(C)NC(C)Cc1ccc(I)cc1,"10,35",,,,"3,22",,"-0,2505319108",FALSE,1987.0,0.0
CHEMBL1908919,,FLORBETAPIR,V09AX05,Прочие препараты,,"24,63",CNc1ccc(/C=C/c2ccc(OCCOCCOCCF)nc2)cc1,"4,62",,,,"3,68",,"1,104655945",TRUE,2012.0,0.0
CHEMBL1908906,,FLORBETABEN,V09AX06,Прочие препараты,,"24,63",CNc1ccc(/C=C/c2ccc(OCCOCCOCCF)cc2)cc1,"4,62",,,,"4,28",,"1,304396595",TRUE,2014.0,0.0
CHEMBL191083,,METHYLENE BLUE CATION,V04CG05; V03AB17,Прочие препараты,,"25,88",CN(C)c1ccc2nc3ccc(=[N+](C)C)cc-3sc2c1,"3,14",,,,"2,5",,"2,069044536",TRUE,2011.0,0.0